,age_of_driver,Sex_of_driver,car_age,Road_surface_type,Road_surface_conditions,Light_conditions,Weather_conditions,Cause_of_accident,Accident_severity,accident history
1236,31-50,Male,1-2yr,Asphalt roads,Dry,Daylight,Normal,No distancing,2,1045
1237,Over 51,Male,Below 1yr,Asphalt roads,Dry,Daylight,Normal,Driving carelessly,2,895
1240,31-50,Male,Above 10yr,Asphalt roads,Dry,Daylight,Normal,Changing lane to the right,2,3501
1243,18-30,Male,2-5yrs,Asphalt roads,Wet or damp,Darkness - lights lit,Raining,Changing lane to the left,2,2468
1244,18-30,Male,2-5yrs,Asphalt roads,Wet or damp,Darkness - lights lit,Raining,Turnover,2,2463
1245,Over 51,Male,2-5yrs,Asphalt roads,Dry,Daylight,Normal,Driving to the left,1,532
1247,31-50,Male,2-5yrs,Asphalt roads,Dry,Daylight,Normal,Driving to the left,2,1848
1250,18-30,Male,Above 10yr,Asphalt roads,Dry,Daylight,Normal,Driving carelessly,2,389
1251,Over 51,Male,2-5yrs,Asphalt roads,Dry,Daylight,Normal,Changing lane to the right,2,922
1252,Over 51,Male,Above 10yr,Asphalt roads,Dry,Daylight,Normal,Moving Backward,2,920
1253,31-50,Male,Above 10yr,Asphalt roads,Dry,Daylight,Normal,Driving carelessly,2,290
1255,31-50,Male,Above 10yr,Asphalt roads,Dry,Daylight,Normal,Driving carelessly,2,1267
1261,31-50,Male,Unknown,Asphalt roads,Dry,Daylight,Normal,Overtaking,2,132
1284,31-50,Male,5-10yrs,Asphalt roads,Dry,Darkness - lights lit,Raining and Windy,No distancing,2,1739
1285,Over 51,Male,Unknown,Asphalt roads,Wet or damp,Daylight,Normal,Other,1,278
1294,31-50,Male,2-5yrs,Asphalt roads,Dry,Darkness - lights lit,Normal,Moving Backward,2,184
1296,18-30,Male,5-10yrs,Asphalt roads,Dry,Daylight,Normal,Changing lane to the left,2,1096
1304,31-50,Male,Unknown,Asphalt roads,Dry,Daylight,Normal,No priority to pedestrian,2,951
1305,Over 51,Male,Unknown,Asphalt roads,Wet or damp,Daylight,Normal,Driving carelessly,2,1151
1307,18-30,Male,Unknown,Asphalt roads,Dry,Darkness - lights lit,Normal,Driving carelessly,2,59
1321,18-30,Male,Above 10yr,Asphalt roads,Wet or damp,Darkness - no lighting,Normal,No distancing,2,1663
1323,18-30,Male,Unknown,Asphalt roads,Dry,Darkness - lights lit,Normal,No distancing,2,344
1345,31-50,Male,1-2yr,Asphalt roads,Wet or damp,Darkness - lights lit,Normal,No priority to pedestrian,2,481
1346,Unknown,Female,5-10yrs,Asphalt roads,Wet or damp,Darkness - lights lit,Normal,Getting off the vehicle improperly,2,2291
1352,Over 51,Male,1-2yr,Asphalt roads,Wet or damp,Darkness - lights lit,Normal,No priority to pedestrian,1,1976
1353,Over 51,Male,1-2yr,Asphalt roads,Wet or damp,Darkness - lights lit,Raining,No priority to vehicle,2,3022
1354,18-30,Male,1-2yr,Earth roads,Wet or damp,Darkness - lights lit,Windy,Driving carelessly,2,2139
1355,31-50,Male,Unknown,Asphalt roads,Wet or damp,Darkness - lights lit,Windy,Changing lane to the right,2,2141
1360,Under 18,Male,Above 10yr,Asphalt roads,Dry,Daylight,Normal,Driving to the left,2,31
1364,Unknown,Female,1-2yr,Asphalt roads,Dry,Darkness - lights lit,Normal,Driving carelessly,2,2520
1367,31-50,Male,Below 1yr,Asphalt roads,Wet or damp,Darkness - lights lit,Cloudy,Driving under the influence of drugs,2,2073
1370,18-30,Male,Unknown,Asphalt roads,Wet or damp,Darkness - lights lit,Normal,Moving Backward,2,521
1371,31-50,Male,Above 10yr,Asphalt roads,Wet or damp,Darkness - lights lit,Normal,Turnover,2,273
1377,31-50,Male,1-2yr,Asphalt roads,Wet or damp,Daylight,Normal,Overturning,2,3741
1379,Over 51,Male,2-5yrs,Asphalt roads,Wet or damp,Darkness - no lighting,Raining,Driving carelessly,2,1713
1384,31-50,Male,Above 10yr,Asphalt roads,Wet or damp,Darkness - lights lit,Raining,No distancing,2,501
1386,31-50,Male,Above 10yr,Asphalt roads,Wet or damp,Darkness - lights lit,Raining,No distancing,2,2372
1389,31-50,Male,5-10yrs,Asphalt roads,Wet or damp,Darkness - lights lit,Raining,No distancing,2,258
1391,18-30,Male,Unknown,Asphalt roads,Wet or damp,Daylight,Normal,Changing lane to the left,2,395
1392,18-30,Male,Unknown,Asphalt roads,Wet or damp,Daylight,Other,Changing lane to the right,2,927
1393,Under 18,Unknown,Unknown,Asphalt roads,Wet or damp,Daylight,Other,Moving Backward,2,926
1394,31-50,Male,5-10yrs,Asphalt roads,Wet or damp,Darkness - lights lit,Other,Changing lane to the right,2,1590
1396,18-30,Male,5-10yrs,Asphalt roads,Wet or damp,Daylight,Normal,Overtaking,2,193
1397,31-50,Male,2-5yrs,Asphalt roads,Wet or damp,Daylight,Normal,Other,2,195
1406,Over 51,Male,Unknown,Asphalt roads,Dry,Daylight,Normal,No priority to vehicle,2,112
1408,18-30,Male,Above 10yr,Asphalt roads,Wet or damp,Daylight,Raining,Changing lane to the left,2,3823
1409,31-50,Male,Above 10yr,Earth roads,Wet or damp,Daylight,Raining,No distancing,2,414
1410,Under 18,Male,Above 10yr,Asphalt roads,Dry,Darkness - lights lit,Normal,Driving carelessly,2,308
1414,18-30,Male,2-5yrs,Asphalt roads,Dry,Daylight,Normal,No distancing,2,410
1415,31-50,Male,Below 1yr,Asphalt roads,Dry,Daylight,Normal,No distancing,2,407
1421,18-30,Male,Above 10yr,Asphalt roads,Dry,Daylight,Normal,No priority to vehicle,2,3452
1422,31-50,Male,Above 10yr,Earth roads,Dry,Daylight,Normal,Moving Backward,2,3451
1424,Over 51,Male,2-5yrs,Asphalt roads,Wet or damp,Darkness - lights lit,Normal,Driving carelessly,2,3218
1427,Over 51,Male,2-5yrs,Asphalt roads,Wet or damp,Darkness - lights lit,Normal,No priority to vehicle,2,3012
1439,Unknown,Male,2-5yrs,Asphalt roads,Dry,Daylight,Normal,Changing lane to the left,2,3411
1440,18-30,Male,2-5yrs,Asphalt roads,Wet or damp,Darkness - lights lit,Raining,No distancing,2,221
1441,Unknown,Male,Above 10yr,Asphalt roads,Wet or damp,Daylight,Normal,Changing lane to the left,2,3358
1442,31-50,Male,Unknown,Asphalt roads,Wet or damp,Daylight,Raining,Driving carelessly,1,3348
1443,Unknown,Male,Above 10yr,Asphalt roads,Wet or damp,Daylight,Raining,Changing lane to the left,1,693
1444,31-50,Male,Below 1yr,Asphalt roads,Wet or damp,Daylight,Normal,No distancing,2,3864
1445,31-50,Male,Unknown,Asphalt roads,Wet or damp,Daylight,Normal,Changing lane to the right,2,3865
1446,31-50,Male,Unknown,Asphalt roads,Wet or damp,Daylight,Other,No distancing,2,3738
1447,31-50,Male,Unknown,Earth roads,Wet or damp,Daylight,Other,Driving to the left,2,761
1450,31-50,Male,1-2yr,Other,Dry,Daylight,Normal,Driving under the influence of drugs,2,3221
1451,Over 51,Male,Above 10yr,Asphalt roads,Dry,Daylight,Normal,No priority to pedestrian,2,3223
1452,31-50,Male,Unknown,Asphalt roads,Dry,Daylight,Other,Moving Backward,2,1279
1456,31-50,Male,5-10yrs,Asphalt roads,Dry,Daylight,Normal,Driving under the influence of drugs,2,3470
1457,31-50,Male,2-5yrs,Asphalt roads,Dry,Daylight,Normal,No priority to vehicle,2,3471
1458,18-30,Male,Unknown,Asphalt roads,Dry,Darkness - lights lit,Normal,No priority to vehicle,2,2066
1465,18-30,Male,Unknown,Asphalt roads,Dry,Darkness - lights lit,Normal,Overtaking,2,2585
1467,Unknown,Male,Unknown,Asphalt roads,Dry,Darkness - lights lit,Normal,Driving under the influence of drugs,2,1438
1468,31-50,Male,Unknown,Asphalt roads,Dry,Daylight,Normal,Driving carelessly,2,1176
1469,18-30,Male,Above 10yr,Asphalt roads,Dry,Daylight,Normal,Moving Backward,2,1178
1473,Unknown,Male,5-10yrs,Asphalt roads,Dry,Daylight,Normal,Changing lane to the left,2,241
1474,Over 51,Male,2-5yrs,Asphalt roads,Wet or damp,Daylight,Raining,No distancing,2,3807
1475,18-30,Male,Unknown,Asphalt roads,Wet or damp,Daylight,Raining,Moving Backward,2,3806
1476,18-30,Male,Unknown,Asphalt roads,Dry,Darkness - lights lit,Normal,No priority to vehicle,2,2582
1477,31-50,Male,5-10yrs,Asphalt roads,Dry,Darkness - lights lit,Normal,No priority to vehicle,2,2581
1478,31-50,Male,Unknown,Asphalt roads,Dry,Darkness - lights lit,Normal,No distancing,2,251
1479,Unknown,Female,Unknown,Asphalt roads,Dry,Darkness - lights lit,Normal,No distancing,2,178
1480,31-50,Male,Unknown,Asphalt roads,Dry,Daylight,Normal,Overtaking,2,3414
1481,31-50,Male,Unknown,Asphalt roads,Wet or damp,Daylight,Normal,Driving under the influence of drugs,2,623
1482,Over 51,Male,Unknown,Asphalt roads,Wet or damp,Daylight,Normal,Changing lane to the right,2,622
1483,Over 51,Male,Unknown,Asphalt roads,Dry,Darkness - lights lit,Normal,Changing lane to the left,2,136
1484,18-30,Male,2-5yrs,Asphalt roads,Dry,Darkness - lights lit,Normal,Driving carelessly,2,12
1487,31-50,Male,Above 10yr,Asphalt roads,Dry,Darkness - lights lit,Normal,Changing lane to the right,2,2794
1488,18-30,Male,2-5yrs,Asphalt roads,Dry,Darkness - lights lit,Normal,No priority to vehicle,1,2240
1489,Unknown,Male,2-5yrs,Gravel roads,Dry,Darkness - lights lit,Normal,Driving at high speed,1,2238
1490,31-50,Male,2-5yrs,Asphalt roads,Wet or damp,Daylight,Raining,Driving under the influence of drugs,2,97
1491,31-50,Male,2-5yrs,Gravel roads,Dry,Daylight,Normal,Changing lane to the right,2,1504
1492,Unknown,Male,2-5yrs,Asphalt roads,Dry,Daylight,Normal,Driving carelessly,2,157
1493,18-30,Male,1-2yr,Asphalt roads,Dry,Daylight,Normal,No distancing,2,921
1494,18-30,Male,Unknown,Asphalt roads,Dry,Daylight,Normal,Changing lane to the left,2,919
1495,18-30,Male,Unknown,Asphalt roads,Dry,Daylight,Normal,No distancing,2,912
1496,31-50,Male,Unknown,Asphalt roads,Dry,Daylight,Normal,No distancing,2,918
1498,Over 51,Male,Unknown,Asphalt roads,Dry,Daylight,Normal,Overtaking,2,62
1500,Unknown,Male,2-5yrs,Asphalt roads,Dry,Daylight,Normal,Driving under the influence of drugs,2,516
1503,31-50,Male,5-10yrs,Asphalt roads,Dry,Daylight,Normal,Driving under the influence of drugs,2,910
1505,31-50,Male,Unknown,Asphalt roads,Dry,Darkness - lights lit,Normal,Changing lane to the left,2,2524
1506,18-30,Male,2-5yrs,Asphalt roads,Dry,Darkness - lights lit,Normal,No distancing,2,288
1507,18-30,Male,2-5yrs,Asphalt roads,Dry,Darkness - lights lit,Normal,No distancing,2,287
1508,31-50,Male,2-5yrs,Asphalt roads,Dry,Daylight,Normal,No priority to vehicle,2,3822
1509,Under 18,Male,Unknown,Asphalt roads,Dry,Daylight,Normal,Moving Backward,2,3821
1510,Under 18,Unknown,5-10yrs,Asphalt roads,Dry,Darkness - lights lit,Normal,Moving Backward,2,638
1511,Unknown,Female,2-5yrs,Asphalt roads,Dry,Darkness - lights lit,Normal,Getting off the vehicle improperly,2,3025
1512,18-30,Male,1-2yr,Asphalt roads,Wet or damp,Daylight,Raining,Changing lane to the left,2,3575
1513,31-50,Male,2-5yrs,Asphalt roads,Wet or damp,Daylight,Raining,Changing lane to the left,2,3573
1515,18-30,Male,Unknown,Asphalt roads,Dry,Daylight,Normal,Changing lane to the right,2,307
1516,Over 51,Male,2-5yrs,Asphalt roads,Dry,Daylight,Normal,Changing lane to the right,2,3666
1517,31-50,Male,Unknown,Asphalt roads,Dry,Daylight,Normal,Driving carelessly,2,740
1518,18-30,Male,1-2yr,Asphalt roads,Dry,Daylight,Normal,Changing lane to the left,2,163
1520,31-50,Male,Unknown,Asphalt roads,Dry,Darkness - lights lit,Normal,Driving under the influence of drugs,2,595
1523,31-50,Male,Unknown,Asphalt roads,Dry,Darkness - lights lit,Normal,No priority to vehicle,2,2734
1524,18-30,Male,Above 10yr,Asphalt roads,Dry,Daylight,Normal,No priority to vehicle,2,1330
1526,31-50,Male,Above 10yr,Asphalt roads,Dry,Daylight,Normal,Changing lane to the left,2,3660
1527,18-30,Male,Unknown,Asphalt roads,Dry,Daylight,Normal,Moving Backward,2,3654
1528,Unknown,Female,Unknown,Asphalt roads,Dry,Daylight,Normal,Driving carelessly,2,1409
1529,31-50,Male,2-5yrs,Asphalt roads,Dry,Daylight,Normal,Driving under the influence of drugs,2,394
1530,18-30,Male,Above 10yr,Asphalt roads,Wet or damp,Darkness - lights lit,Normal,Changing lane to the right,2,609
1533,Over 51,Male,Unknown,Asphalt roads,Wet or damp,Darkness - lights lit,Normal,Driving to the left,2,482
1534,31-50,Male,Unknown,Asphalt roads,Wet or damp,Darkness - lights lit,Raining,Moving Backward,2,2269
1535,31-50,Male,Below 1yr,Asphalt roads,Wet or damp,Darkness - lights lit,Raining,No priority to vehicle,2,2267
1537,18-30,Male,Unknown,Asphalt roads,Wet or damp,Daylight,Normal,Driving carelessly,2,380
1538,Under 18,Male,Unknown,Asphalt roads,Wet or damp,Daylight,Normal,Changing lane to the left,2,47
1539,Over 51,Male,2-5yrs,Asphalt roads,Dry,Daylight,Normal,No priority to vehicle,2,336
1540,Unknown,Male,Unknown,Asphalt roads,Dry,Daylight,Normal,No priority to vehicle,2,337
1541,31-50,Male,Unknown,Asphalt roads,Wet or damp,Darkness - lights lit,Raining,No distancing,2,573
1542,18-30,Male,Unknown,Asphalt roads,Wet or damp,Darkness - lights lit,Raining,Driving to the left,2,2713
1543,31-50,Male,5-10yrs,Asphalt roads,Dry,Daylight,Normal,Driving carelessly,2,3771
1544,18-30,Male,Above 10yr,Asphalt roads,Dry,Daylight,Normal,Driving carelessly,2,86
1545,31-50,Male,5-10yrs,Asphalt roads,Dry,Daylight,Normal,Changing lane to the right,2,12
1546,31-50,Male,2-5yrs,Asphalt roads,Wet or damp,Darkness - lights lit,Raining,Driving carelessly,2,407
1547,31-50,Male,2-5yrs,Asphalt roads,Wet or damp,Darkness - lights lit,Raining,Changing lane to the left,2,214
1548,31-50,Male,Unknown,Asphalt roads,Dry,Daylight,Normal,Driving carelessly,2,79
1549,31-50,Male,Unknown,Asphalt roads,Dry,Darkness - lights lit,Normal,Driving carelessly,2,2700
1550,Unknown,Female,Unknown,Asphalt roads,Dry,Darkness - lights lit,Normal,Driving under the influence of drugs,2,2698
1551,31-50,Male,Above 10yr,Asphalt roads,Wet or damp,Darkness - lights lit,Normal,Driving carelessly,2,2314
1552,31-50,Male,Unknown,Asphalt roads,Wet or damp,Darkness - lights lit,Normal,No distancing,2,2315
1553,18-30,Male,Above 10yr,Asphalt roads,Wet or damp,Darkness - lights lit,Raining,Driving carelessly,2,613
1558,31-50,Male,2-5yrs,Asphalt roads,Dry,Daylight,Normal,No priority to vehicle,2,211
1560,Under 18,Male,Unknown,Asphalt roads,Dry,Daylight,Normal,No priority to vehicle,1,1331
1563,31-50,Male,Unknown,Asphalt roads,Wet or damp,Daylight,Raining,Moving Backward,2,1069
1564,31-50,Male,Unknown,Asphalt roads,Dry,Darkness - lights lit,Normal,No distancing,2,2876
1565,18-30,Unknown,Unknown,Asphalt roads,Dry,Darkness - lights lit,Normal,Changing lane to the left,2,9
1566,18-30,Male,Unknown,Asphalt roads,Dry,Darkness - lights lit,Normal,Changing lane to the left,2,2405
1567,Over 51,Male,Unknown,Asphalt roads,Wet or damp,Darkness - lights lit,Raining,No priority to pedestrian,2,442
1568,18-30,Male,Unknown,Asphalt roads,Dry,Daylight,Normal,Moving Backward,2,1442
1569,18-30,Male,Unknown,Asphalt roads,Dry,Daylight,Normal,Changing lane to the left,2,651
1570,31-50,Male,Above 10yr,Asphalt roads,Dry,Daylight,Normal,No distancing,2,652
1571,Over 51,Male,Unknown,Asphalt roads,Wet or damp,Daylight,Normal,No priority to vehicle,2,365
1572,Unknown,Female,Above 10yr,Asphalt roads,Wet or damp,Daylight,Normal,Changing lane to the right,2,364
1573,Over 51,Male,1-2yr,Asphalt roads,Wet or damp,Daylight,Normal,No distancing,2,363
1574,31-50,Male,Unknown,Asphalt roads,Dry,Daylight,Normal,No distancing,2,280
1575,Under 18,Male,2-5yrs,Asphalt roads,Dry,Daylight,Normal,Getting off the vehicle improperly,1,198
1576,31-50,Male,Unknown,Asphalt roads,Dry,Daylight,Normal,No priority to pedestrian,2,1371
1577,31-50,Male,Unknown,Asphalt roads,Dry,Daylight,Normal,Changing lane to the left,2,26
1578,31-50,Male,Unknown,Asphalt roads,Dry,Daylight,Normal,No distancing,2,27
1579,31-50,Male,Unknown,Asphalt roads,Dry,Daylight,Normal,Driving carelessly,2,135
1580,31-50,Male,2-5yrs,Asphalt roads,Dry,Daylight,Normal,No distancing,2,136
1586,Unknown,Female,1-2yr,Asphalt roads,Dry,Darkness - lights lit,Normal,Overtaking,2,2097
1590,31-50,Male,Unknown,Asphalt roads,Dry,Daylight,Normal,Driving carelessly,2,13
1591,31-50,Male,5-10yrs,Asphalt roads,Dry,Darkness - lights lit,Normal,Driving to the left,2,2445
1593,31-50,Male,Unknown,Asphalt roads,Dry,Daylight,Normal,No distancing,2,427
1595,31-50,Male,Unknown,Asphalt roads,Dry,Daylight,Normal,Changing lane to the right,2,755
1597,31-50,Male,Above 10yr,Asphalt roads,Dry,Daylight,Normal,Changing lane to the right,2,761
1598,18-30,Male,5-10yrs,Asphalt roads,Dry,Daylight,Normal,Changing lane to the left,2,3397
1599,Unknown,Male,5-10yrs,Asphalt roads,Dry,Daylight,Normal,Moving Backward,2,3398
1600,31-50,Male,Above 10yr,Asphalt roads,Dry,Daylight,Normal,No distancing,2,117
1601,31-50,Male,1-2yr,Asphalt roads,Dry,Daylight,Normal,Changing lane to the right,2,507
1602,31-50,Male,Above 10yr,Asphalt roads,Dry,Darkness - lights lit,Normal,Moving Backward,2,515
1603,18-30,Male,Above 10yr,Asphalt roads,Dry,Darkness - lights lit,Normal,No distancing,2,2442
1604,18-30,Male,Above 10yr,Asphalt roads,Dry,Darkness - lights lit,Normal,Driving to the left,2,2997
1606,18-30,Male,5-10yrs,Asphalt roads,Dry,Darkness - lights lit,Normal,Moving Backward,2,335
1608,18-30,Male,1-2yr,Asphalt roads,Dry,Daylight,Normal,Overtaking,2,1849
1609,31-50,Male,5-10yrs,Asphalt roads,Dry,Daylight,Normal,Driving carelessly,1,550
1610,31-50,Male,5-10yrs,Asphalt roads,Dry,Daylight,Normal,Changing lane to the left,1,63
1611,Unknown,Male,1-2yr,Asphalt roads,Dry,Darkness - lights lit,Normal,Driving under the influence of drugs,2,566
1613,18-30,Male,5-10yrs,Asphalt roads,Dry,Darkness - lights lit,Normal,Moving Backward,2,2664
1617,31-50,Male,2-5yrs,Asphalt roads,Dry,Daylight,Normal,Driving at high speed,2,942
1618,Over 51,Male,Unknown,Asphalt roads,Wet or damp,Darkness - lights lit,Other,Changing lane to the right,1,2877
1619,31-50,Male,Unknown,Asphalt roads,Wet or damp,Darkness - lights lit,Other,No priority to vehicle,1,606
1620,31-50,Male,Unknown,Asphalt roads,Dry,Daylight,Normal,No distancing,2,104
1622,Under 18,Male,Unknown,Asphalt roads,Wet or damp,Daylight,Raining,No distancing,2,3488
1623,31-50,Male,Unknown,Asphalt roads,Dry,Daylight,Normal,Changing lane to the right,2,604
1624,Over 51,Male,Unknown,Asphalt roads,Dry,Daylight,Normal,No distancing,2,1103
1628,31-50,Male,2-5yrs,Asphalt roads,Dry,Daylight,Normal,No priority to vehicle,2,48
1635,18-30,Male,5-10yrs,Asphalt roads with some distress,Dry,Daylight,Normal,No distancing,2,1249
1637,18-30,Male,Unknown,Asphalt roads,Dry,Daylight,Normal,No distancing,2,293
1638,18-30,Male,Unknown,Asphalt roads,Dry,Daylight,Normal,No distancing,2,57
1647,Unknown,Male,Unknown,Asphalt roads,Dry,Daylight,Normal,Changing lane to the right,2,3632
1649,Unknown,Male,Unknown,Asphalt roads,Dry,Daylight,Normal,Driving under the influence of drugs,2,1567
1652,31-50,Male,1-2yr,Asphalt roads,Dry,Darkness - lights lit,Normal,No priority to vehicle,2,2791
1653,Unknown,Male,Above 10yr,Asphalt roads,Dry,Daylight,Normal,Overspeed,1,1845
1654,31-50,Male,Unknown,Asphalt roads,Dry,Darkness - lights lit,Normal,Driving under the influence of drugs,2,3088
1657,18-30,Male,Unknown,Asphalt roads,Dry,Daylight,Normal,Changing lane to the right,2,1340
1658,Over 51,Male,2-5yrs,Asphalt roads,Dry,Daylight,Normal,Changing lane to the right,2,1350
1659,18-30,Male,Unknown,Asphalt roads,Dry,Darkness - lights lit,Normal,Moving Backward,2,2826
1661,31-50,Male,Unknown,Asphalt roads,Dry,Daylight,Normal,Overspeed,2,1343
1662,31-50,Male,5-10yrs,Asphalt roads,Dry,Daylight,Normal,No distancing,2,1344
1663,Under 18,Male,Unknown,Asphalt roads,Dry,Daylight,Normal,Driving carelessly,2,817
1667,18-30,Male,Above 10yr,Asphalt roads,Dry,Daylight,Normal,Changing lane to the right,2,1852
1668,Over 51,Male,1-2yr,Asphalt roads,Dry,Daylight,Normal,No distancing,2,1853
1669,Unknown,Male,Above 10yr,Asphalt roads,Dry,Daylight,Normal,No priority to vehicle,2,503
1670,31-50,Male,Below 1yr,Asphalt roads,Dry,Daylight,Normal,Changing lane to the left,2,504
1671,Unknown,Male,Above 10yr,Asphalt roads,Dry,Daylight,Normal,Moving Backward,2,59
1672,31-50,Male,Unknown,Asphalt roads,Dry,Daylight,Normal,Driving carelessly,2,1276
1673,Over 51,Male,1-2yr,Asphalt roads,Dry,Daylight,Normal,Changing lane to the left,2,1278
1674,Under 18,Male,1-2yr,Asphalt roads,Dry,Daylight,Normal,No priority to pedestrian,2,3601
1677,31-50,Male,Above 10yr,Asphalt roads,Dry,Daylight,Normal,Overturning,2,903
1685,18-30,Male,Above 10yr,Asphalt roads,Dry,Daylight,Normal,No distancing,2,376
1687,Unknown,Female,Above 10yr,Asphalt roads,Dry,Darkness - lights lit,Normal,Changing lane to the right,2,58
1688,31-50,Male,5-10yrs,Asphalt roads,Dry,Daylight,Normal,Moving Backward,2,1024
1689,18-30,Male,Above 10yr,Asphalt roads,Dry,Daylight,Normal,Driving at high speed,2,1425
1690,31-50,Male,Above 10yr,Asphalt roads,Dry,Daylight,Normal,Changing lane to the left,2,619
1695,18-30,Male,Above 10yr,Asphalt roads,Wet or damp,Daylight,Raining,No distancing,2,3650
1696,31-50,Male,Above 10yr,Asphalt roads,Wet or damp,Daylight,Raining,Changing lane to the right,2,3649
1697,31-50,Male,Above 10yr,Asphalt roads,Dry,Daylight,Normal,Driving carelessly,2,683
1698,18-30,Male,5-10yrs,Asphalt roads,Dry,Daylight,Normal,Driving carelessly,2,33
1700,31-50,Male,5-10yrs,Asphalt roads with some distress,Dry,Darkness - lights lit,Normal,Overturning,2,3056
1704,31-50,Male,2-5yrs,Asphalt roads,Dry,Daylight,Normal,Overturning,2,126
1706,31-50,Male,1-2yr,Asphalt roads,Dry,Darkness - lights lit,Normal,Changing lane to the right,2,303
1708,31-50,Male,5-10yrs,Asphalt roads,Dry,Darkness - lights lit,Normal,Changing lane to the left,2,65
1709,18-30,Male,Above 10yr,Asphalt roads,Dry,Darkness - lights lit,Normal,Driving carelessly,2,9
1710,18-30,Male,2-5yrs,Asphalt roads,Wet or damp,Daylight,Raining and Windy,No distancing,2,70
1712,31-50,Male,2-5yrs,Asphalt roads,Dry,Darkness - lights lit,Normal,No priority to pedestrian,2,1809
1713,31-50,Male,2-5yrs,Asphalt roads,Dry,Darkness - lights lit,Normal,Moving Backward,2,1796
1714,31-50,Male,1-2yr,Asphalt roads,Dry,Darkness - lights lit,Normal,Changing lane to the right,2,455
1719,18-30,Male,1-2yr,Asphalt roads,Dry,Darkness - lights lit,Normal,Driving to the left,2,2136
1720,18-30,Male,Unknown,Asphalt roads,Wet or damp,Daylight,Windy,Changing lane to the right,2,282
1721,Under 18,Male,Unknown,Asphalt roads,Dry,Darkness - lights lit,Normal,Changing lane to the right,1,328
1722,31-50,Male,Unknown,Asphalt roads,Dry,Darkness - lights lit,Normal,Driving carelessly,1,3040
1724,18-30,Male,Unknown,Asphalt roads,Dry,Daylight,Normal,No priority to vehicle,2,525
1726,31-50,Male,1-2yr,Earth roads,Dry,Darkness - lights lit,Normal,Changing lane to the right,2,598
1727,Unknown,Male,2-5yrs,Asphalt roads,Dry,Daylight,Normal,Driving carelessly,2,1033
1728,31-50,Male,2-5yrs,Asphalt roads,Dry,Daylight,Normal,Driving under the influence of drugs,2,1032
1732,31-50,Male,5-10yrs,Asphalt roads,Dry,Daylight,Normal,Moving Backward,2,3764
1736,31-50,Male,1-2yr,Asphalt roads with some distress,Dry,Daylight,Normal,Changing lane to the right,2,194
1738,31-50,Male,Unknown,Asphalt roads,Dry,Daylight,Normal,Driving carelessly,2,192
1740,31-50,Male,Unknown,Asphalt roads,Dry,Daylight,Normal,No distancing,2,2469
1749,31-50,Male,Unknown,Asphalt roads,Dry,Daylight,Normal,Changing lane to the right,2,1177
1758,31-50,Male,1-2yr,Asphalt roads,Dry,Daylight,Normal,Changing lane to the right,2,10
1766,Over 51,Male,Below 1yr,Asphalt roads,Dry,Darkness - lights lit,Normal,Driving carelessly,2,118
1767,31-50,Male,Unknown,Asphalt roads,Dry,Darkness - lights lit,Normal,Driving carelessly,2,117
1770,Over 51,Male,2-5yrs,Asphalt roads,Dry,Daylight,Normal,No priority to vehicle,2,1333
1773,18-30,Male,1-2yr,Asphalt roads,Dry,Daylight,Normal,No priority to vehicle,2,206
1774,31-50,Male,Above 10yr,Asphalt roads,Dry,Daylight,Normal,No distancing,2,1896
1775,Over 51,Male,Above 10yr,Asphalt roads,Dry,Daylight,Normal,Moving Backward,2,459
1780,18-30,Male,1-2yr,Asphalt roads,Dry,Daylight,Normal,Changing lane to the left,2,2008
1781,Unknown,Male,Below 1yr,Asphalt roads,Dry,Daylight,Normal,Driving under the influence of drugs,2,2010
1783,Unknown,Male,Unknown,Asphalt roads,Dry,Daylight,Normal,No distancing,2,1625
1784,Over 51,Male,Unknown,Asphalt roads,Dry,Daylight,Normal,Changing lane to the right,2,1624
1785,18-30,Male,Unknown,Asphalt roads,Dry,Daylight,Normal,Changing lane to the left,2,51
1786,31-50,Male,Unknown,Asphalt roads,Dry,Daylight,Normal,Moving Backward,2,52
1787,Unknown,Male,Unknown,Asphalt roads,Dry,Darkness - lights lit,Normal,No distancing,2,2653
1788,31-50,Male,Unknown,Asphalt roads,Dry,Darkness - lights lit,Normal,No distancing,2,3071
1789,Unknown,Male,Unknown,Asphalt roads,Dry,Darkness - lights lit,Normal,Driving carelessly,2,3069
1790,18-30,Male,Unknown,Asphalt roads,Dry,Daylight,Normal,Moving Backward,2,807
1791,Over 51,Male,Unknown,Asphalt roads,Dry,Daylight,Normal,No distancing,2,188
1792,18-30,Male,Unknown,Asphalt roads,Dry,Daylight,Normal,Changing lane to the right,2,182
1793,18-30,Male,Unknown,Asphalt roads,Dry,Darkness - lights lit,Normal,Driving carelessly,2,2562
1794,Under 18,Male,Unknown,Asphalt roads,Dry,Darkness - lights lit,Normal,Driving to the left,2,2563
1799,18-30,Male,2-5yrs,Asphalt roads,Dry,Daylight,Normal,Changing lane to the right,2,955
1802,18-30,Male,2-5yrs,Asphalt roads,Dry,Darkness - lights lit,Normal,Driving at high speed,2,2744
1803,Unknown,Male,5-10yrs,Asphalt roads,Dry,Darkness - lights lit,Normal,No distancing,2,2743