,age_of_driver,Sex_of_driver,car_age,Road_surface_type,Road_surface_conditions,Light_conditions,Weather_conditions,Cause_of_accident,Accident_severity,accident history
1807,18-30,Male,Unknown,Asphalt roads,Dry,Daylight,Normal,Moving Backward,2,32
1808,18-30,Male,Unknown,Asphalt roads,Wet or damp,Daylight,Raining,No distancing,2,2243
1809,Unknown,Male,Unknown,Asphalt roads,Wet or damp,Daylight,Raining,Changing lane to the right,2,470
1810,31-50,Male,Unknown,Asphalt roads,Wet or damp,Daylight,Raining,Overtaking,2,1434
1811,18-30,Male,Unknown,Asphalt roads,Wet or damp,Darkness - lights lit,Raining,No distancing,2,57
1812,Unknown,Male,Unknown,Asphalt roads,Wet or damp,Darkness - lights lit,Raining,Overtaking,2,56
1813,31-50,Male,Unknown,Asphalt roads,Dry,Daylight,Normal,Moving Backward,2,369
1816,Over 51,Male,Unknown,Asphalt roads,Dry,Darkness - lights lit,Normal,No priority to vehicle,2,582
1819,31-50,Male,Unknown,Asphalt roads,Dry,Daylight,Normal,No distancing,2,2300
1822,31-50,Male,Above 10yr,Asphalt roads,Dry,Darkness - lights lit,Normal,Changing lane to the right,2,2450
1823,31-50,Male,2-5yrs,Asphalt roads,Dry,Darkness - lights lit,Normal,Driving to the left,2,2444
1828,18-30,Male,Unknown,Asphalt roads,Dry,Daylight,Normal,Moving Backward,1,1369
1829,18-30,Male,Unknown,Earth roads,Dry,Daylight,Normal,Moving Backward,1,3419
1830,18-30,Male,Unknown,Asphalt roads,Dry,Daylight,Normal,Changing lane to the left,1,3420
1838,31-50,Male,1-2yr,Asphalt roads,Dry,Daylight,Normal,No priority to vehicle,2,156
1846,18-30,Male,Below 1yr,Asphalt roads,Dry,Daylight,Normal,Driving under the influence of drugs,2,101
1847,Unknown,Male,Unknown,Asphalt roads,Dry,Daylight,Normal,Moving Backward,2,27
1850,Over 51,Male,2-5yrs,Asphalt roads,Dry,Daylight,Normal,No distancing,2,612
1853,18-30,Male,1-2yr,Asphalt roads,Dry,Daylight,Normal,Changing lane to the right,2,160
1854,18-30,Male,Above 10yr,Asphalt roads,Dry,Daylight,Normal,Driving carelessly,2,1529
1855,Unknown,Male,Above 10yr,Asphalt roads,Dry,Daylight,Normal,No distancing,1,3444
1860,Unknown,Male,1-2yr,Asphalt roads,Dry,Daylight,Normal,Changing lane to the left,2,3537
1861,18-30,Male,Below 1yr,Asphalt roads,Dry,Daylight,Normal,No distancing,1,769
1863,Unknown,Male,Unknown,Asphalt roads,Dry,Daylight,Normal,No priority to vehicle,2,915
1864,31-50,Male,Unknown,Asphalt roads,Dry,Daylight,Normal,Changing lane to the right,2,1470
1865,Unknown,Male,Unknown,Asphalt roads,Dry,Daylight,Normal,Moving Backward,2,301
1866,18-30,Male,Unknown,Asphalt roads,Dry,Daylight,Normal,No priority to vehicle,2,502
1867,18-30,Male,Unknown,Asphalt roads,Dry,Daylight,Normal,No priority to pedestrian,2,2375
1868,Unknown,Male,Unknown,Asphalt roads,Dry,Daylight,Normal,Changing lane to the left,1,724
1869,Over 51,Male,Unknown,Asphalt roads,Dry,Daylight,Normal,Changing lane to the left,2,2298
1870,Unknown,Male,Unknown,Asphalt roads,Dry,Daylight,Normal,Driving under the influence of drugs,2,2299
1871,31-50,Male,Unknown,Asphalt roads,Dry,Daylight,Normal,Moving Backward,2,2058
1872,31-50,Male,Unknown,Asphalt roads,Dry,Daylight,Normal,Changing lane to the right,2,2059
1873,31-50,Male,Unknown,Asphalt roads,Wet or damp,Daylight,Raining,Changing lane to the right,2,314
1874,Under 18,Male,Unknown,Asphalt roads,Wet or damp,Daylight,Raining,No distancing,2,325
1879,31-50,Male,2-5yrs,Asphalt roads,Dry,Daylight,Normal,No priority to vehicle,2,2485
1882,31-50,Male,2-5yrs,Asphalt roads,Dry,Daylight,Normal,No distancing,2,2598
1883,18-30,Male,5-10yrs,Asphalt roads,Dry,Daylight,Normal,Driving carelessly,2,2179
1887,18-30,Male,Unknown,Asphalt roads,Dry,Daylight,Normal,Changing lane to the right,2,203
1888,18-30,Male,Unknown,Asphalt roads,Dry,Daylight,Normal,No priority to vehicle,2,1875
1889,31-50,Male,Unknown,Asphalt roads,Dry,Daylight,Normal,Getting off the vehicle improperly,2,701
1890,18-30,Male,Unknown,Asphalt roads,Dry,Daylight,Normal,No distancing,2,3390
1891,Unknown,Male,Unknown,Asphalt roads,Dry,Daylight,Normal,No distancing,2,1133
1892,18-30,Male,Unknown,Asphalt roads,Dry,Daylight,Normal,Changing lane to the left,2,2071
1893,18-30,Male,Unknown,Asphalt roads,Dry,Daylight,Normal,No priority to vehicle,2,2072
1896,18-30,Male,Unknown,Asphalt roads,Dry,Daylight,Normal,No distancing,2,379
1897,Unknown,Female,Unknown,Asphalt roads,Dry,Daylight,Normal,Changing lane to the right,2,1846
1898,31-50,Male,2-5yrs,Asphalt roads,Dry,Daylight,Normal,No distancing,2,758
1904,18-30,Male,1-2yr,Asphalt roads,Dry,Daylight,Normal,Overtaking,2,909
1908,18-30,Male,Unknown,Asphalt roads,Dry,Daylight,Normal,No priority to pedestrian,2,486
1909,18-30,Male,5-10yrs,Asphalt roads,Dry,Daylight,Normal,No distancing,2,2312
1911,18-30,Male,Unknown,Asphalt roads,Dry,Darkness - lights lit,Normal,Getting off the vehicle improperly,2,3111
1913,18-30,Male,Unknown,Asphalt roads,Dry,Daylight,Normal,Changing lane to the right,2,3203
1915,18-30,Male,Above 10yr,Asphalt roads,Dry,Daylight,Normal,Changing lane to the left,1,1807
1916,18-30,Male,5-10yrs,Asphalt roads,Dry,Daylight,Normal,No distancing,2,379
1917,Over 51,Male,5-10yrs,Asphalt roads,Dry,Daylight,Normal,Driving carelessly,2,387
1918,31-50,Male,Above 10yr,Asphalt roads,Dry,Daylight,Normal,Driving under the influence of drugs,2,128
1919,31-50,Male,1-2yr,Asphalt roads,Dry,Daylight,Normal,Driving carelessly,2,548
1920,Unknown,Female,Above 10yr,Asphalt roads,Dry,Daylight,Normal,Driving carelessly,2,130
1921,31-50,Male,Above 10yr,Asphalt roads,Dry,Daylight,Normal,Changing lane to the right,2,1890
1922,31-50,Male,Above 10yr,Asphalt roads,Dry,Daylight,Normal,No distancing,2,1892
1924,18-30,Male,5-10yrs,Asphalt roads,Dry,Daylight,Normal,No priority to pedestrian,2,382
1926,Unknown,Male,1-2yr,Asphalt roads,Dry,Daylight,Normal,Moving Backward,2,1850
1927,18-30,Male,5-10yrs,Asphalt roads,Dry,Darkness - lights lit,Normal,Moving Backward,2,55
1928,18-30,Male,5-10yrs,Asphalt roads,Dry,Daylight,Normal,No priority to vehicle,2,154
1929,18-30,Male,1-2yr,Asphalt roads,Dry,Daylight,Normal,No distancing,2,294
1931,31-50,Male,5-10yrs,Asphalt roads,Dry,Darkness - lights lit,Normal,Changing lane to the right,2,64
1935,18-30,Male,2-5yrs,Asphalt roads,Dry,Daylight,Normal,Changing lane to the right,2,970
1936,Under 18,Male,Unknown,Asphalt roads,Dry,Daylight,Normal,No distancing,2,971
1937,31-50,Male,Unknown,Asphalt roads,Dry,Daylight,Normal,Moving Backward,2,166
1938,18-30,Male,Unknown,Asphalt roads,Dry,Daylight,Normal,Driving carelessly,2,167
1940,18-30,Male,Unknown,Asphalt roads,Dry,Daylight,Normal,No priority to vehicle,2,2702
1941,18-30,Male,Unknown,Asphalt roads,Dry,Daylight,Normal,Changing lane to the right,2,304
1942,18-30,Male,Unknown,Asphalt roads,Dry,Daylight,Normal,Moving Backward,2,303
1946,18-30,Male,2-5yrs,Asphalt roads,Dry,Daylight,Normal,Changing lane to the left,1,725
1953,Over 51,Unknown,5-10yrs,Asphalt roads with some distress,Dry,Daylight,Normal,Changing lane to the left,2,1628
1955,Over 51,Male,Unknown,Asphalt roads,Dry,Daylight,Normal,Changing lane to the left,2,334
1956,18-30,Male,Unknown,Asphalt roads,Dry,Daylight,Normal,Driving under the influence of drugs,2,69
1965,18-30,Male,Unknown,Asphalt roads,Dry,Darkness - lights lit,Normal,Changing lane to the left,2,2555
1967,31-50,Male,Unknown,Asphalt roads,Dry,Daylight,Normal,Overtaking,2,3769
1970,Under 18,Male,1-2yr,Asphalt roads,Dry,Daylight,Normal,No priority to vehicle,2,781
1971,Under 18,Male,Above 10yr,Asphalt roads,Dry,Daylight,Normal,Changing lane to the right,2,782
1972,Over 51,Male,Unknown,Asphalt roads,Dry,Daylight,Normal,Moving Backward,1,1620
1975,31-50,Male,Unknown,Asphalt roads,Dry,Darkness - lights lit,Normal,No distancing,2,25
1976,Over 51,Unknown,2-5yrs,Asphalt roads,Dry,Daylight,Normal,No priority to vehicle,2,329
1977,Over 51,Male,Unknown,Asphalt roads,Dry,Daylight,Normal,No distancing,2,2673
1979,Over 51,Unknown,Unknown,Asphalt roads,Dry,Darkness - lights lit,Normal,Moving Backward,1,2829
1980,Under 18,Male,5-10yrs,Asphalt roads,Dry,Daylight,Normal,Changing lane to the right,2,1680
1981,Unknown,Female,Unknown,Asphalt roads,Dry,Daylight,Normal,No priority to pedestrian,2,1681
1985,18-30,Male,Above 10yr,Asphalt roads,Dry,Daylight,Normal,Overloading,2,884
1986,31-50,Male,1-2yr,Asphalt roads,Dry,Daylight,Normal,Changing lane to the right,2,880
1987,31-50,Male,Above 10yr,Asphalt roads,Dry,Daylight,Normal,Improper parking,2,3439
1988,Unknown,Male,Below 1yr,Asphalt roads,Dry,Daylight,Normal,Other,2,3441
1989,31-50,Male,Above 10yr,Asphalt roads,Dry,Daylight,Normal,Changing lane to the left,2,76
1990,Unknown,Male,Unknown,Asphalt roads,Dry,Daylight,Normal,Changing lane to the right,2,686
1991,31-50,Male,1-2yr,Asphalt roads,Dry,Daylight,Normal,No priority to pedestrian,2,2085
1992,31-50,Male,1-2yr,Asphalt roads,Dry,Daylight,Normal,Overspeed,2,2084
1995,18-30,Unknown,Above 10yr,Asphalt roads,Dry,Daylight,Normal,Changing lane to the right,2,2040
2003,31-50,Male,Above 10yr,Asphalt roads,Dry,Daylight,Normal,Driving carelessly,2,776
2005,31-50,Male,Above 10yr,Asphalt roads,Dry,Daylight,Normal,No priority to vehicle,2,1667
2006,Under 18,Male,5-10yrs,Asphalt roads,Dry,Daylight,Normal,No distancing,2,1666
2007,31-50,Unknown,Above 10yr,Asphalt roads,Dry,Daylight,Normal,Changing lane to the right,2,1465
2008,31-50,Male,Above 10yr,Asphalt roads,Dry,Daylight,Normal,Changing lane to the right,2,1448
2013,18-30,Male,Above 10yr,Asphalt roads,Dry,Daylight,Normal,Getting off the vehicle improperly,2,1277
2014,31-50,Male,Above 10yr,Asphalt roads,Dry,Daylight,Normal,Other,2,2164
2015,18-30,Male,Above 10yr,Asphalt roads,Dry,Daylight,Normal,Other,2,2162
2016,31-50,Male,5-10yrs,Asphalt roads,Dry,Darkness - lights lit,Normal,No distancing,2,139
2018,31-50,Male,5-10yrs,Asphalt roads with some distress,Dry,Daylight,Normal,Overtaking,2,2151
2022,31-50,Male,2-5yrs,Asphalt roads,Dry,Daylight,Normal,Driving carelessly,2,3386
2024,31-50,Male,1-2yr,Asphalt roads,Dry,Daylight,Normal,Overtaking,1,779
2026,31-50,Male,5-10yrs,Asphalt roads,Wet or damp,Daylight,Raining,Driving to the left,2,3410
2027,18-30,Male,Above 10yr,Asphalt roads,Wet or damp,Daylight,Raining,Driving at high speed,2,707
2028,31-50,Unknown,2-5yrs,Asphalt roads,Dry,Darkness - lights lit,Normal,Unknown,2,583
2030,31-50,Male,Above 10yr,Asphalt roads,Dry,Daylight,Normal,No distancing,2,381
2031,31-50,Male,5-10yrs,Asphalt roads,Dry,Daylight,Normal,Other,2,3459
2034,18-30,Male,5-10yrs,Asphalt roads,Dry,Daylight,Normal,No priority to pedestrian,2,491
2037,Over 51,Male,Above 10yr,Asphalt roads,Dry,Darkness - lights lit,Normal,No priority to vehicle,1,579
2038,31-50,Male,1-2yr,Earth roads,Dry,Daylight,Normal,No priority to pedestrian,1,3517
2039,31-50,Male,2-5yrs,Asphalt roads,Dry,Daylight,Normal,Changing lane to the right,1,3523
2040,18-30,Male,Unknown,Asphalt roads,Dry,Daylight,Normal,Driving carelessly,2,1506
2042,18-30,Male,2-5yrs,Asphalt roads,Dry,Daylight,Normal,Changing lane to the right,2,1153
2043,31-50,Male,Above 10yr,Asphalt roads,Dry,Darkness - lights lit,Normal,Changing lane to the left,2,2723
2044,Under 18,Male,1-2yr,Asphalt roads,Dry,Darkness - lights lit,Normal,Overturning,2,2720
2048,Unknown,Male,Above 10yr,Asphalt roads,Dry,Daylight,Normal,Changing lane to the left,2,6
2049,31-50,Male,5-10yrs,Asphalt roads,Dry,Darkness - lights lit,Normal,No priority to vehicle,2,3153
2051,31-50,Male,5-10yrs,Asphalt roads,Wet or damp,Daylight,Raining,No distancing,2,813
2055,Unknown,Male,Above 10yr,Asphalt roads,Dry,Darkness - lights lit,Normal,No distancing,2,3037
2056,31-50,Male,2-5yrs,Asphalt roads,Dry,Daylight,Normal,No distancing,2,1916
2057,18-30,Male,2-5yrs,Asphalt roads,Dry,Daylight,Normal,No priority to pedestrian,2,402
2061,18-30,Male,Below 1yr,Asphalt roads,Dry,Daylight,Normal,Driving carelessly,2,514
2062,Unknown,Male,5-10yrs,Asphalt roads,Dry,Daylight,Normal,Driving carelessly,2,2447
2064,18-30,Male,1-2yr,Asphalt roads,Dry,Daylight,Normal,Other,2,453
2065,31-50,Male,2-5yrs,Asphalt roads,Dry,Daylight,Normal,Changing lane to the right,2,1157
2067,18-30,Male,2-5yrs,Asphalt roads,Dry,Daylight,Normal,No distancing,2,775
2071,Unknown,Male,5-10yrs,Asphalt roads,Dry,Darkness - lights lit,Normal,No priority to vehicle,2,325
2073,Unknown,Unknown,Unknown,Asphalt roads,Dry,Daylight,Normal,No priority to vehicle,2,243
2077,31-50,Male,Unknown,Asphalt roads,Dry,Daylight,Normal,No distancing,2,3359
2081,31-50,Male,5-10yrs,Asphalt roads,Wet or damp,Darkness - lights lit,Raining,No distancing,2,3199
2082,31-50,Male,2-5yrs,Asphalt roads,Wet or damp,Darkness - lights lit,Raining,Other,2,3200
2091,31-50,Unknown,1-2yr,Asphalt roads,Dry,Daylight,Normal,Changing lane to the left,1,1883
2096,18-30,Male,5-10yrs,Asphalt roads,Dry,Daylight,Normal,Driving carelessly,2,1810
2102,Unknown,Male,1-2yr,Earth roads,Dry,Daylight,Normal,Changing lane to the right,2,57
2108,Unknown,Male,5-10yrs,Earth roads,Dry,Darkness - lights lit,Normal,Driving carelessly,2,3169
2110,Unknown,Male,Unknown,Asphalt roads,Dry,Darkness - lights lit,Normal,Changing lane to the right,2,2480
2111,Over 51,Male,1-2yr,Asphalt roads,Dry,Daylight,Normal,No distancing,2,270
2112,31-50,Male,Unknown,Asphalt roads,Dry,Daylight,Normal,Other,1,109
2119,Unknown,Female,2-5yrs,Asphalt roads,Dry,Daylight,Normal,No priority to vehicle,2,2039
2121,Under 18,Male,Unknown,Asphalt roads,Dry,Daylight,Normal,Other,2,82
2122,18-30,Unknown,Above 10yr,Asphalt roads,Dry,Darkness - lights lit,Normal,No priority to vehicle,2,2929
2124,Under 18,Male,Unknown,Asphalt roads,Wet or damp,Daylight,Normal,Changing lane to the right,2,1256
2125,31-50,Male,2-5yrs,Other,Wet or damp,Daylight,Normal,Changing lane to the right,2,1259
2127,Unknown,Male,5-10yrs,Gravel roads,Dry,Darkness - lights lit,Normal,Driving to the left,2,324
2139,31-50,Male,Unknown,Asphalt roads,Dry,Daylight,Normal,No distancing,2,2076
2141,18-30,Male,Unknown,Asphalt roads,Dry,Daylight,Normal,No distancing,2,3401
2147,Unknown,Male,Unknown,Asphalt roads,Dry,Daylight,Normal,No distancing,2,1658
2148,18-30,Male,Unknown,Asphalt roads,Dry,Daylight,Normal,No priority to pedestrian,2,1656
2149,31-50,Male,Unknown,Asphalt roads,Dry,Daylight,Normal,Moving Backward,1,351
2151,18-30,Male,Unknown,Earth roads,Dry,Daylight,Normal,No distancing,2,3232
2159,Under 18,Male,Unknown,Asphalt roads,Dry,Darkness - lights lit,Normal,Changing lane to the right,2,3154
2162,Unknown,Male,2-5yrs,Asphalt roads,Dry,Daylight,Normal,Changing lane to the left,2,976
2177,31-50,Male,Above 10yr,Asphalt roads,Dry,Daylight,Normal,Changing lane to the left,2,3869
2180,18-30,Male,Unknown,Asphalt roads,Dry,Daylight,Normal,No distancing,2,1495
2181,Unknown,Female,5-10yrs,Asphalt roads,Dry,Daylight,Normal,Moving Backward,2,63
2182,31-50,Male,Unknown,Asphalt roads,Dry,Darkness - lights lit,Normal,Changing lane to the left,2,21
2183,31-50,Male,Unknown,Asphalt roads,Dry,Darkness - lights lit,Normal,Other,2,20
2184,18-30,Male,Unknown,Earth roads,Dry,Darkness - lights lit,Normal,No distancing,2,4
2185,31-50,Male,Unknown,Asphalt roads,Dry,Darkness - lights lit,Normal,Moving Backward,2,2580
2187,Unknown,Male,Unknown,Asphalt roads,Dry,Daylight,Normal,Changing lane to the left,2,2273
2198,31-50,Male,5-10yrs,Asphalt roads,Dry,Daylight,Normal,No distancing,1,1832
2205,31-50,Male,Unknown,Asphalt roads,Dry,Daylight,Normal,Moving Backward,2,1404
2208,18-30,Male,5-10yrs,Asphalt roads,Dry,Darkness - lights lit,Normal,Driving to the left,2,2621
2209,31-50,Male,5-10yrs,Asphalt roads,Dry,Darkness - lights lit,Normal,No priority to pedestrian,2,525
2215,18-30,Male,5-10yrs,Asphalt roads,Dry,Daylight,Normal,Driving under the influence of drugs,2,385
2218,31-50,Male,2-5yrs,Asphalt roads,Wet or damp,Daylight,Raining,Moving Backward,2,35
2220,18-30,Male,2-5yrs,Asphalt roads,Wet or damp,Daylight,Raining,Changing lane to the right,2,1396
2222,31-50,Male,Unknown,Asphalt roads,Dry,Daylight,Normal,No priority to vehicle,2,161
2231,Over 51,Male,Below 1yr,Asphalt roads,Dry,Daylight,Normal,No distancing,2,9
2232,Unknown,Female,2-5yrs,Asphalt roads,Dry,Daylight,Normal,No distancing,2,2331
2234,18-30,Male,5-10yrs,Asphalt roads,Wet or damp,Daylight,Raining,No distancing,2,3508
2235,18-30,Male,Unknown,Asphalt roads,Dry,Daylight,Normal,Changing lane to the left,2,3553
2237,18-30,Male,1-2yr,Asphalt roads,Dry,Daylight,Normal,No distancing,2,229
2238,Over 51,Male,Above 10yr,Asphalt roads,Dry,Daylight,Normal,No distancing,2,2143
2239,31-50,Male,2-5yrs,Asphalt roads,Dry,Daylight,Normal,Changing lane to the left,2,2235
2240,18-30,Male,1-2yr,Asphalt roads,Dry,Daylight,Normal,Changing lane to the right,2,2237
2241,Unknown,Male,1-2yr,Asphalt roads,Dry,Darkness - lights lit,Normal,Moving Backward,2,142
2242,Unknown,Male,1-2yr,Asphalt roads,Dry,Darkness - lights lit,Normal,Changing lane to the right,2,661
2243,Unknown,Male,2-5yrs,Asphalt roads,Dry,Darkness - lights lit,Normal,No distancing,2,3151
2244,31-50,Male,1-2yr,Asphalt roads,Dry,Darkness - lights lit,Normal,Overtaking,2,3152
2245,31-50,Male,1-2yr,Asphalt roads,Dry,Daylight,Normal,Other,2,133
2246,31-50,Male,Unknown,Asphalt roads with some distress,Dry,Daylight,Normal,Other,2,3770
2248,Unknown,Male,1-2yr,Asphalt roads,Dry,Daylight,Normal,No priority to pedestrian,2,956
2249,31-50,Male,1-2yr,Asphalt roads,Dry,Daylight,Normal,No priority to vehicle,2,40
2250,31-50,Male,Below 1yr,Asphalt roads,Dry,Daylight,Normal,Changing lane to the left,2,41
2253,18-30,Male,Above 10yr,Asphalt roads,Dry,Daylight,Normal,No distancing,2,3600
2256,18-30,Male,2-5yrs,Asphalt roads,Dry,Daylight,Normal,Changing lane to the left,2,241
2257,18-30,Male,2-5yrs,Asphalt roads,Dry,Daylight,Normal,No distancing,2,206
2258,Unknown,Male,2-5yrs,Asphalt roads,Dry,Daylight,Normal,Driving carelessly,2,213
2260,31-50,Male,2-5yrs,Asphalt roads,Dry,Daylight,Normal,Driving carelessly,2,373
2263,31-50,Male,Above 10yr,Asphalt roads,Dry,Daylight,Normal,No distancing,2,236
2264,18-30,Male,2-5yrs,Asphalt roads,Dry,Daylight,Normal,No distancing,2,239
2265,18-30,Male,Above 10yr,Asphalt roads,Dry,Daylight,Normal,Changing lane to the left,2,68
2266,Unknown,Male,Above 10yr,Gravel roads,Dry,Daylight,Normal,Changing lane to the left,2,357
2268,Unknown,Male,Above 10yr,Asphalt roads,Dry,Daylight,Normal,Changing lane to the right,1,113
2274,18-30,Male,Unknown,Asphalt roads,Dry,Darkness - lights lit,Normal,No priority to pedestrian,2,2835
2297,18-30,Male,5-10yrs,Asphalt roads,Dry,Daylight,Normal,Overtaking,2,2115
2298,Unknown,Male,Unknown,Asphalt roads,Dry,Daylight,Normal,Driving under the influence of drugs,2,86
2307,31-50,Male,2-5yrs,Asphalt roads,Dry,Daylight,Normal,Changing lane to the left,2,205
2309,18-30,Male,5-10yrs,Asphalt roads,Dry,Daylight,Normal,Changing lane to the right,2,718
2317,18-30,Male,Unknown,Other,Dry,Darkness - lights lit,Normal,Moving Backward,2,2371
2318,18-30,Male,Unknown,Gravel roads,Dry,Daylight,Normal,No distancing,2,3287
2320,Unknown,Male,Unknown,Asphalt roads,Dry,Daylight,Normal,Overturning,2,999
2334,31-50,Male,Above 10yr,Asphalt roads,Dry,Daylight,Normal,Moving Backward,2,500
2336,31-50,Male,Unknown,Asphalt roads,Dry,Daylight,Normal,No priority to vehicle,2,197
2358,Unknown,Male,1-2yr,Asphalt roads,Dry,Daylight,Normal,Moving Backward,2,366
2359,Over 51,Male,5-10yrs,Asphalt roads,Dry,Darkness - lights lit,Normal,Getting off the vehicle improperly,2,2992
2365,Unknown,Male,1-2yr,Asphalt roads,Dry,Darkness - lights lit,Normal,Driving carelessly,2,2995
2366,18-30,Male,1-2yr,Asphalt roads,Dry,Daylight,Normal,Changing lane to the left,2,1341
2367,Unknown,Male,1-2yr,Asphalt roads,Dry,Daylight,Normal,Changing lane to the right,2,1363
2368,Unknown,Female,Unknown,Asphalt roads,Dry,Daylight,Normal,Driving under the influence of drugs,2,275
2373,18-30,Male,Above 10yr,Asphalt roads,Dry,Darkness - lights lit,Normal,No priority to vehicle,2,2874
2377,18-30,Male,1-2yr,Asphalt roads,Dry,Daylight,Normal,Driving under the influence of drugs,2,934
2380,Unknown,Male,Below 1yr,Asphalt roads,Wet or damp,Darkness - lights lit,Normal,Changing lane to the right,2,2832
2383,31-50,Male,Unknown,Asphalt roads,Dry,Daylight,Normal,No priority to vehicle,2,3790
2384,31-50,Male,Above 10yr,Asphalt roads,Dry,Darkness - lights lit,Normal,No distancing,2,1928
2390,31-50,Male,1-2yr,Asphalt roads,Dry,Darkness - lights lit,Raining and Windy,Driving to the left,2,2788
2392,Under 18,Male,2-5yrs,Asphalt roads,Dry,Darkness - lights lit,Normal,Driving carelessly,2,2854
2397,Over 51,Male,Above 10yr,Asphalt roads,Dry,Darkness - lights lit,Normal,Driving carelessly,2,1880
2399,31-50,Male,Above 10yr,Asphalt roads,Dry,Daylight,Normal,Driving carelessly,2,3849
2402,18-30,Male,5-10yrs,Asphalt roads,Dry,Daylight,Normal,Driving to the left,2,1463
2404,18-30,Male,Unknown,Asphalt roads,Wet or damp,Darkness - lights lit,Raining,No distancing,2,2026
2405,Unknown,Unknown,Unknown,Asphalt roads,Wet or damp,Darkness - lights lit,Raining,Driving carelessly,2,2037
2407,18-30,Male,5-10yrs,Asphalt roads,Wet or damp,Darkness - lights lit,Raining,No priority to vehicle,2,271
2409,Unknown,Male,5-10yrs,Asphalt roads,Dry,Daylight,Normal,No priority to vehicle,2,1239
2410,Unknown,Male,2-5yrs,Asphalt roads,Dry,Daylight,Normal,No distancing,2,1236
2419,Over 51,Male,Unknown,Asphalt roads,Dry,Darkness - lights lit,Normal,No priority to vehicle,2,2075
2421,18-30,Male,Above 10yr,Asphalt roads,Dry,Darkness - lights lit,Normal,No distancing,2,431
2422,31-50,Male,Above 10yr,Asphalt roads,Dry,Daylight,Normal,No distancing,2,594
2427,31-50,Male,2-5yrs,Asphalt roads,Dry,Darkness - lights lit,Normal,Driving carelessly,2,92
2428,31-50,Male,Below 1yr,Asphalt roads,Dry,Darkness - lights lit,Normal,No distancing,2,2214
2434,Unknown,Male,Above 10yr,Asphalt roads,Dry,Daylight,Normal,Overtaking,2,762
2435,Unknown,Male,Above 10yr,Earth roads,Dry,Daylight,Normal,Driving carelessly,2,763
2437,31-50,Male,2-5yrs,Asphalt roads,Dry,Darkness - lights lit,Normal,Moving Backward,2,1319
2440,31-50,Male,2-5yrs,Asphalt roads,Dry,Darkness - lights lit,Normal,Changing lane to the left,2,1722
2452,31-50,Male,2-5yrs,Asphalt roads,Wet or damp,Darkness - lights lit,Raining,Driving to the left,2,3234
2453,31-50,Male,2-5yrs,Asphalt roads,Wet or damp,Darkness - lights lit,Raining,Driving to the left,2,3231
2454,Unknown,Male,Above 10yr,Asphalt roads,Wet or damp,Darkness - lights lit,Normal,Moving Backward,2,2617
2455,Unknown,Female,Unknown,Asphalt roads,Dry,Darkness - lights lit,Normal,Moving Backward,2,3029
2456,18-30,Male,Above 10yr,Asphalt roads,Dry,Darkness - lights lit,Normal,Overtaking,2,3028
2457,Unknown,Female,Below 1yr,Asphalt roads,Dry,Daylight,Normal,Driving carelessly,2,1415
2458,31-50,Male,Unknown,Asphalt roads,Dry,Darkness - lights lit,Normal,Changing lane to the left,2,1280
2459,31-50,Male,Unknown,Asphalt roads,Dry,Darkness - lights lit,Normal,Driving under the influence of drugs,2,1290
2460,Unknown,Male,Unknown,Asphalt roads,Dry,Daylight,Normal,No distancing,2,3838
2463,Over 51,Male,1-2yr,Asphalt roads,Dry,Daylight,Normal,Changing lane to the right,2,249
2464,18-30,Male,Above 10yr,Asphalt roads,Dry,Daylight,Normal,No distancing,2,248
2465,Unknown,Male,Unknown,Asphalt roads,Dry,Daylight,Normal,Driving at high speed,2,1090
2469,31-50,Male,5-10yrs,Asphalt roads,Dry,Darkness - lights lit,Normal,Turnover,2,3002
2470,18-30,Male,2-5yrs,Asphalt roads,Dry,Darkness - lights lit,Normal,No distancing,2,2994
2471,Under 18,Male,Unknown,Asphalt roads,Dry,Darkness - lights lit,Normal,Changing lane to the right,2,2926
2476,18-30,Male,5-10yrs,Asphalt roads,Wet or damp,Darkness - lights lit,Raining,No priority to vehicle,2,1981
2479,31-50,Male,5-10yrs,Asphalt roads,Wet or damp,Darkness - lights lit,Other,No priority to pedestrian,2,3095
2482,Unknown,Male,Above 10yr,Asphalt roads,Dry,Daylight,Normal,Changing lane to the left,2,3333
2483,18-30,Male,1-2yr,Asphalt roads,Wet or damp,Darkness - lights lit,Raining,No distancing,2,1402
2484,31-50,Male,2-5yrs,Asphalt roads,Wet or damp,Darkness - lights lit,Raining,No priority to vehicle,2,1417
2485,31-50,Male,Unknown,Asphalt roads,Dry,Daylight,Normal,No distancing,2,3706
2487,31-50,Male,2-5yrs,Asphalt roads,Dry,Darkness - lights lit,Normal,Changing lane to the right,2,3174
2488,18-30,Male,Above 10yr,Asphalt roads,Dry,Darkness - lights lit,Normal,Changing lane to the left,2,3173
2489,Under 18,Male,1-2yr,Asphalt roads,Wet or damp,Darkness - lights lit,Raining,No distancing,2,2745
2493,31-50,Male,Above 10yr,Asphalt roads with some distress,Dry,Darkness - lights lit,Normal,Driving under the influence of drugs,2,70
2494,Unknown,Male,5-10yrs,Asphalt roads,Dry,Darkness - lights lit,Normal,Moving Backward,2,652
2496,Over 51,Male,5-10yrs,Asphalt roads,Dry,Darkness - lights lit,Normal,Overspeed,2,3107
2500,31-50,Male,Above 10yr,Asphalt roads,Dry,Daylight,Normal,No priority to vehicle,2,1054
2501,18-30,Male,2-5yrs,Asphalt roads,Dry,Daylight,Normal,Overspeed,2,1060
2502,18-30,Male,2-5yrs,Asphalt roads,Dry,Darkness - lights lit,Normal,Driving under the influence of drugs,2,295