,age_of_driver,Sex_of_driver,car_age,Road_surface_type,Road_surface_conditions,Light_conditions,Weather_conditions,Cause_of_accident,Accident_severity,accident history
2506,Over 51,Male,Below 1yr,Asphalt roads,Wet or damp,Darkness - lights unlit,Raining,Changing lane to the right,2,508
2507,Under 18,Male,5-10yrs,Asphalt roads,Wet or damp,Darkness - lights unlit,Raining,Moving Backward,2,509
2509,Unknown,Male,1-2yr,Asphalt roads,Wet or damp,Darkness - lights lit,Windy,Overspeed,2,1703
2510,18-30,Male,2-5yrs,Asphalt roads,Dry,Darkness - lights lit,Normal,No distancing,2,653
2512,Over 51,Male,2-5yrs,Asphalt roads,Wet or damp,Darkness - lights lit,Normal,No distancing,2,1536
2516,Unknown,Female,5-10yrs,Asphalt roads,Dry,Darkness - lights lit,Normal,No distancing,2,2849
2518,Unknown,Male,Unknown,Asphalt roads,Dry,Darkness - lights lit,Normal,Changing lane to the left,2,2551
2522,Unknown,Female,Unknown,Asphalt roads,Dry,Darkness - lights lit,Normal,No priority to pedestrian,2,2752
2526,18-30,Male,5-10yrs,Asphalt roads,Dry,Darkness - lights lit,Normal,No distancing,2,19
2527,18-30,Male,2-5yrs,Asphalt roads,Dry,Darkness - lights lit,Normal,Drunk driving,2,43
2533,18-30,Male,Above 10yr,Earth roads,Dry,Daylight,Normal,No distancing,2,55
2540,18-30,Male,2-5yrs,Asphalt roads,Wet or damp,Darkness - lights lit,Raining,No distancing,2,52
2541,18-30,Male,5-10yrs,Earth roads,Wet or damp,Darkness - lights lit,Raining,Changing lane to the right,2,27
2542,18-30,Male,Above 10yr,Asphalt roads,Dry,Daylight,Normal,Changing lane to the right,2,39
2543,Under 18,Male,2-5yrs,Asphalt roads,Dry,Daylight,Normal,No distancing,2,15
2547,31-50,Male,1-2yr,Earth roads,Dry,Darkness - lights lit,Normal,Changing lane to the right,2,20
2553,Unknown,Male,5-10yrs,Asphalt roads,Dry,Daylight,Normal,Driving carelessly,2,3
2555,18-30,Male,Unknown,Asphalt roads,Dry,Darkness - lights lit,Normal,Driving at high speed,2,42
2556,31-50,Male,1-2yr,Asphalt roads,Dry,Darkness - lights lit,Normal,Changing lane to the left,2,222
2557,Unknown,Male,Unknown,Asphalt roads,Dry,Darkness - lights lit,Normal,Driving carelessly,2,2093
2564,31-50,Male,2-5yrs,Other,Dry,Daylight,Normal,Drunk driving,2,1014
2566,31-50,Male,Unknown,Gravel roads,Dry,Darkness - lights lit,Normal,Driving carelessly,2,2780
2567,Over 51,Male,Above 10yr,Asphalt roads,Dry,Darkness - lights lit,Normal,Driving to the left,2,1830
2569,18-30,Male,Unknown,Earth roads,Dry,Darkness - lights lit,Normal,Changing lane to the right,1,8
2570,31-50,Male,2-5yrs,Asphalt roads,Dry,Darkness - lights lit,Normal,Driving carelessly,1,73
2572,Unknown,Male,5-10yrs,Asphalt roads,Wet or damp,Darkness - lights lit,Other,No priority to vehicle,2,1652
2584,31-50,Male,Unknown,Asphalt roads,Dry,Daylight,Normal,Changing lane to the right,2,1352
2586,Unknown,Male,Unknown,Asphalt roads,Dry,Daylight,Normal,Driving carelessly,2,573
2592,31-50,Male,Unknown,Asphalt roads,Dry,Daylight,Normal,No priority to vehicle,2,3626
2593,18-30,Male,Unknown,Asphalt roads,Dry,Darkness - lights lit,Normal,No priority to vehicle,2,2628
2594,18-30,Male,Unknown,Asphalt roads,Dry,Darkness - lights lit,Normal,No priority to vehicle,2,2629
2596,18-30,Male,Unknown,Asphalt roads,Dry,Daylight,Normal,Moving Backward,2,534
2604,Over 51,Male,Unknown,Asphalt roads,Dry,Daylight,Normal,Overturning,2,1366
2607,31-50,Male,2-5yrs,Earth roads,Dry,Darkness - lights lit,Normal,No priority to vehicle,2,3249
2622,31-50,Male,Above 10yr,Asphalt roads,Dry,Daylight,Normal,No distancing,2,690
2626,18-30,Male,5-10yrs,Asphalt roads,Dry,Darkness - lights lit,Normal,Overtaking,2,2489
2627,Unknown,Female,Unknown,Asphalt roads,Dry,Darkness - lights lit,Normal,No distancing,2,3093
2628,18-30,Male,Unknown,Asphalt roads,Dry,Daylight,Normal,Changing lane to the left,2,382
2629,Unknown,Female,Unknown,Asphalt roads,Dry,Darkness - lights lit,Normal,Driving under the influence of drugs,2,1988
2630,18-30,Male,Unknown,Asphalt roads,Dry,Darkness - lights lit,Normal,No distancing,2,1542
2631,31-50,Male,5-10yrs,Asphalt roads,Dry,Darkness - lights lit,Normal,No distancing,2,68
2632,18-30,Male,Unknown,Asphalt roads,Dry,Daylight,Normal,Changing lane to the right,2,460
2643,31-50,Male,5-10yrs,Asphalt roads,Dry,Daylight,Normal,Changing lane to the right,2,3557
2650,31-50,Male,Unknown,Asphalt roads,Dry,Daylight,Normal,Driving at high speed,1,396
2653,18-30,Male,5-10yrs,Other,Wet or damp,Darkness - lights lit,Normal,Driving carelessly,2,535
2654,18-30,Male,5-10yrs,Asphalt roads,Dry,Darkness - lights lit,Normal,Driving carelessly,2,1824
2660,18-30,Male,5-10yrs,Asphalt roads,Dry,Daylight,Unknown,Overtaking,1,374
2663,Over 51,Male,2-5yrs,Asphalt roads,Dry,Daylight,Normal,No distancing,1,3317
2665,18-30,Male,2-5yrs,Asphalt roads,Dry,Darkness - lights lit,Normal,No priority to vehicle,2,1996
2667,Unknown,Female,Unknown,Asphalt roads,Dry,Darkness - lights lit,Normal,No distancing,2,2550
2676,18-30,Male,Below 1yr,Asphalt roads with some distress,Dry,Daylight,Normal,Moving Backward,2,836
2679,18-30,Male,5-10yrs,Asphalt roads,Dry,Daylight,Normal,Moving Backward,2,558
2680,18-30,Male,Unknown,Asphalt roads,Dry,Daylight,Normal,No distancing,2,563
2682,18-30,Male,1-2yr,Earth roads,Dry,Daylight,Normal,Changing lane to the right,2,3789
2683,Unknown,Female,Above 10yr,Asphalt roads,Wet or damp,Darkness - lights lit,Normal,Changing lane to the left,2,2003
2684,Unknown,Female,2-5yrs,Asphalt roads,Dry,Daylight,Normal,No priority to vehicle,2,3608
2685,Unknown,Female,1-2yr,Asphalt roads,Dry,Daylight,Normal,No distancing,2,137
2686,Over 51,Male,1-2yr,Asphalt roads,Dry,Darkness - lights lit,Normal,No priority to vehicle,2,639
2687,31-50,Male,1-2yr,Asphalt roads,Dry,Darkness - lights lit,Normal,Driving under the influence of drugs,2,624
2688,31-50,Male,2-5yrs,Asphalt roads,Dry,Darkness - lights lit,Normal,Changing lane to the right,2,2532
2689,18-30,Male,1-2yr,Asphalt roads,Dry,Darkness - lights lit,Normal,No distancing,2,2530
2690,18-30,Male,1-2yr,Asphalt roads,Wet or damp,Darkness - lights lit,Raining,No distancing,2,2864
2691,Unknown,Female,Unknown,Asphalt roads,Dry,Daylight,Normal,Changing lane to the left,1,1818
2693,18-30,Male,1-2yr,Asphalt roads,Dry,Daylight,Unknown,Changing lane to the right,2,79
2694,18-30,Male,1-2yr,Gravel roads,Dry,Daylight,Normal,Driving under the influence of drugs,2,3590
2695,18-30,Male,Below 1yr,Asphalt roads,Dry,Daylight,Normal,Moving Backward,2,3591
2698,18-30,Male,Above 10yr,Asphalt roads,Dry,Darkness - lights lit,Normal,No distancing,2,2363
2701,Unknown,Unknown,2-5yrs,Asphalt roads,Dry,Daylight,Normal,Changing lane to the right,2,38
2702,31-50,Male,2-5yrs,Asphalt roads,Dry,Daylight,Normal,Driving carelessly,2,40
2703,31-50,Male,2-5yrs,Asphalt roads,Wet or damp,Daylight,Raining,No distancing,2,343
2705,18-30,Male,2-5yrs,Asphalt roads,Dry,Daylight,Normal,Moving Backward,2,1942
2708,18-30,Male,Above 10yr,Asphalt roads,Dry,Daylight,Normal,Changing lane to the left,2,234
2709,Unknown,Female,2-5yrs,Asphalt roads,Dry,Daylight,Normal,No distancing,2,1101
2710,31-50,Unknown,Above 10yr,Asphalt roads,Dry,Daylight,Normal,Driving carelessly,2,3543
2711,18-30,Unknown,Above 10yr,Asphalt roads,Dry,Daylight,Normal,No priority to vehicle,2,3510
2713,18-30,Male,Above 10yr,Asphalt roads,Dry,Daylight,Normal,Moving Backward,2,1829
2719,31-50,Male,Unknown,Asphalt roads,Wet or damp,Daylight,Windy,Moving Backward,2,78
2742,31-50,Male,5-10yrs,Asphalt roads,Dry,Daylight,Normal,No priority to vehicle,2,3710
2752,31-50,Male,2-5yrs,Asphalt roads,Dry,Daylight,Unknown,Changing lane to the right,2,812
2754,31-50,Male,5-10yrs,Asphalt roads,Dry,Daylight,Normal,Moving Backward,2,300
2762,31-50,Male,Unknown,Asphalt roads,Dry,Daylight,Normal,Changing lane to the right,2,99
2763,31-50,Male,Unknown,Asphalt roads,Dry,Daylight,Normal,No priority to pedestrian,2,14
2765,Over 51,Male,Unknown,Earth roads,Dry,Daylight,Normal,Changing lane to the left,2,715
2779,31-50,Male,Above 10yr,Asphalt roads,Dry,Daylight,Normal,Changing lane to the right,2,473
2781,31-50,Male,Unknown,Asphalt roads,Dry,Daylight,Normal,Driving at high speed,2,2750
2803,18-30,Male,1-2yr,Asphalt roads,Wet or damp,Daylight,Other,Other,2,3545
2804,18-30,Male,5-10yrs,Asphalt roads,Wet or damp,Daylight,Other,No priority to vehicle,2,3559
2810,Under 18,Male,1-2yr,Asphalt roads,Dry,Daylight,Normal,No priority to pedestrian,2,3338
2811,Unknown,Female,1-2yr,Asphalt roads,Dry,Daylight,Normal,Changing lane to the right,2,3339
2812,31-50,Male,1-2yr,Asphalt roads,Dry,Daylight,Normal,Driving carelessly,1,933
2813,Unknown,Female,Unknown,Asphalt roads,Dry,Daylight,Normal,Changing lane to the right,1,196
2818,18-30,Male,Above 10yr,Other,Dry,Daylight,Normal,No distancing,2,486
2822,31-50,Male,1-2yr,Asphalt roads,Dry,Daylight,Normal,Changing lane to the right,2,127
2824,Under 18,Male,Above 10yr,Asphalt roads,Dry,Daylight,Normal,Moving Backward,2,506
2825,31-50,Male,5-10yrs,Asphalt roads,Dry,Darkness - no lighting,Unknown,Moving Backward,2,537
2828,18-30,Male,5-10yrs,Asphalt roads,Dry,Daylight,Normal,No distancing,2,3564
2831,18-30,Male,Above 10yr,Asphalt roads,Dry,Daylight,Normal,Changing lane to the right,1,3678
2832,Unknown,Male,1-2yr,Asphalt roads,Dry,Daylight,Normal,Changing lane to the left,2,148
2833,18-30,Male,2-5yrs,Gravel roads,Dry,Daylight,Unknown,Driving carelessly,2,2131
2834,Over 51,Male,Unknown,Asphalt roads,Dry,Daylight,Unknown,Driving carelessly,2,2142
2836,18-30,Male,2-5yrs,Asphalt roads,Dry,Daylight,Normal,Other,2,1985
2837,31-50,Male,Above 10yr,Other,Dry,Daylight,Normal,Changing lane to the right,2,1983
2838,18-30,Male,1-2yr,Asphalt roads,Dry,Daylight,Normal,Changing lane to the right,2,1129
2842,18-30,Male,Above 10yr,Asphalt roads,Dry,Daylight,Normal,Driving at high speed,2,3378
2843,31-50,Male,5-10yrs,Asphalt roads,Dry,Daylight,Normal,No priority to vehicle,2,3379
2845,31-50,Male,5-10yrs,Asphalt roads,Dry,Daylight,Normal,No priority to vehicle,2,408
2849,Over 51,Male,Above 10yr,Asphalt roads,Dry,Daylight,Normal,No distancing,1,2672
2850,18-30,Male,2-5yrs,Asphalt roads,Dry,Daylight,Normal,Moving Backward,2,3462
2851,18-30,Male,2-5yrs,Asphalt roads,Dry,Daylight,Normal,No priority to vehicle,2,3461
2855,Over 51,Male,Below 1yr,Asphalt roads,Dry,Daylight,Normal,Changing lane to the right,2,3644
2856,18-30,Male,5-10yrs,Asphalt roads,Dry,Daylight,Normal,No distancing,2,3847
2858,31-50,Male,1-2yr,Asphalt roads,Dry,Daylight,Normal,No distancing,2,110
2859,Unknown,Male,2-5yrs,Asphalt roads,Dry,Daylight,Normal,No priority to vehicle,2,112
2861,18-30,Male,2-5yrs,Earth roads,Dry,Daylight,Normal,No priority to pedestrian,1,3580
2865,31-50,Male,5-10yrs,Asphalt roads,Dry,Daylight,Normal,Driving to the left,2,2056
2867,Unknown,Male,Unknown,Asphalt roads,Dry,Daylight,Normal,Driving to the left,2,3384
2871,31-50,Male,Unknown,Asphalt roads,Dry,Daylight,Normal,Changing lane to the right,2,108
2875,Over 51,Male,5-10yrs,Asphalt roads,Dry,Daylight,Normal,Driving carelessly,2,3638
2876,31-50,Male,2-5yrs,Asphalt roads,Dry,Daylight,Normal,Driving carelessly,2,3681
2882,18-30,Male,Above 10yr,Asphalt roads,Dry,Daylight,Normal,Changing lane to the right,2,765
2885,18-30,Male,1-2yr,Asphalt roads,Dry,Darkness - lights lit,Normal,Changing lane to the right,2,543
2889,18-30,Male,2-5yrs,Asphalt roads,Dry,Daylight,Normal,Driving to the left,0,400
2890,18-30,Male,5-10yrs,Asphalt roads,Dry,Daylight,Normal,Overtaking,2,3506
2891,18-30,Male,Above 10yr,Asphalt roads,Dry,Daylight,Normal,No priority to vehicle,2,384
2892,Under 18,Male,2-5yrs,Asphalt roads,Dry,Daylight,Normal,Moving Backward,2,2639
2896,31-50,Male,1-2yr,Asphalt roads,Dry,Daylight,Normal,Changing lane to the right,2,3493
2902,Unknown,Female,5-10yrs,Other,Dry,Daylight,Normal,Driving at high speed,2,3288
2904,18-30,Male,Unknown,Asphalt roads,Dry,Daylight,Normal,No distancing,2,96
2905,18-30,Male,1-2yr,Asphalt roads,Dry,Daylight,Normal,Other,2,479
2906,18-30,Male,Unknown,Asphalt roads,Dry,Daylight,Normal,No priority to vehicle,2,2279
2913,31-50,Male,2-5yrs,Asphalt roads,Dry,Daylight,Normal,No distancing,2,358
2915,18-30,Male,Unknown,Asphalt roads,Dry,Daylight,Normal,No priority to pedestrian,2,152
2916,18-30,Male,Above 10yr,Asphalt roads,Dry,Daylight,Normal,Changing lane to the left,2,3576
2918,31-50,Male,Unknown,Asphalt roads,Dry,Daylight,Normal,Other,1,3814
2919,Unknown,Female,2-5yrs,Asphalt roads,Dry,Darkness - lights lit,Normal,No distancing,1,3042
2921,Unknown,Female,5-10yrs,Asphalt roads,Dry,Daylight,Normal,Moving Backward,2,413
2933,31-50,Male,Unknown,Asphalt roads,Dry,Daylight,Normal,No distancing,2,157
2935,18-30,Male,Unknown,Asphalt roads,Dry,Daylight,Normal,Changing lane to the right,2,3307
2941,18-30,Male,Unknown,Gravel roads,Dry,Daylight,Normal,No distancing,2,3563
2942,18-30,Male,Unknown,Asphalt roads,Dry,Daylight,Normal,No distancing,2,3562
2943,18-30,Male,Unknown,Gravel roads,Dry,Daylight,Normal,No distancing,2,430
2945,31-50,Male,Unknown,Asphalt roads,Dry,Daylight,Normal,No priority to vehicle,1,2431
2953,31-50,Male,Unknown,Asphalt roads,Dry,Daylight,Normal,No priority to vehicle,2,1089
2956,18-30,Male,2-5yrs,Asphalt roads,Dry,Daylight,Normal,Changing lane to the left,2,2370
2971,18-30,Male,Above 10yr,Asphalt roads,Dry,Daylight,Normal,Other,2,3843
2974,31-50,Male,Unknown,Asphalt roads,Dry,Daylight,Normal,No priority to pedestrian,2,2323
2975,31-50,Male,5-10yrs,Asphalt roads,Dry,Daylight,Normal,Overspeed,2,2329
2976,18-30,Male,Unknown,Asphalt roads,Dry,Daylight,Unknown,Changing lane to the left,1,3813
2977,Unknown,Female,Unknown,Asphalt roads,Dry,Daylight,Unknown,No priority to vehicle,1,3812
2978,31-50,Male,Unknown,Asphalt roads,Dry,Daylight,Normal,Changing lane to the right,2,145
2979,18-30,Male,Unknown,Asphalt roads,Dry,Daylight,Normal,No distancing,2,147
2980,18-30,Male,5-10yrs,Asphalt roads,Dry,Daylight,Normal,No priority to pedestrian,1,3859
2981,18-30,Male,Unknown,Asphalt roads,Dry,Daylight,Normal,No distancing,1,3858
2992,Over 51,Male,5-10yrs,Asphalt roads,Dry,Daylight,Normal,Driving at high speed,2,176
2999,18-30,Male,Unknown,Asphalt roads,Dry,Daylight,Normal,No distancing,2,2484
3002,31-50,Male,5-10yrs,Asphalt roads,Dry,Darkness - lights lit,Normal,No priority to pedestrian,2,3085
3003,Over 51,Male,5-10yrs,Asphalt roads,Dry,Daylight,Normal,No distancing,2,2669
3009,Over 51,Male,5-10yrs,Asphalt roads,Wet or damp,Darkness - lights lit,Raining,Driving to the left,2,3115
3012,31-50,Male,2-5yrs,Asphalt roads,Dry,Daylight,Normal,Changing lane to the right,2,3453
3014,18-30,Male,2-5yrs,Asphalt roads,Dry,Daylight,Normal,Other,2,3592
3016,Over 51,Male,Unknown,Asphalt roads,Dry,Daylight,Normal,Changing lane to the left,2,991
3025,18-30,Male,Below 1yr,Asphalt roads,Dry,Daylight,Normal,Changing lane to the right,1,3554
3026,31-50,Male,2-5yrs,Asphalt roads,Dry,Daylight,Normal,Changing lane to the left,1,3555
3028,Unknown,Female,5-10yrs,Asphalt roads,Dry,Darkness - lights lit,Normal,Driving carelessly,2,3047
3029,18-30,Male,Unknown,Asphalt roads,Dry,Daylight,Normal,No distancing,2,28
3031,31-50,Male,1-2yr,Asphalt roads,Dry,Daylight,Normal,Changing lane to the left,2,3354
3032,Unknown,Female,Above 10yr,Asphalt roads,Dry,Daylight,Normal,No priority to vehicle,2,3661
3033,31-50,Male,2-5yrs,Asphalt roads,Wet or damp,Daylight,Raining,Changing lane to the right,2,755
3034,31-50,Male,1-2yr,Asphalt roads,Wet or damp,Daylight,Raining,No distancing,2,3703
3035,31-50,Male,1-2yr,Asphalt roads,Dry,Daylight,Normal,Moving Backward,2,3697
3036,31-50,Male,1-2yr,Asphalt roads,Dry,Daylight,Normal,Moving Backward,2,402
3037,31-50,Male,2-5yrs,Asphalt roads,Dry,Daylight,Normal,No distancing,2,151
3038,Over 51,Male,1-2yr,Asphalt roads,Dry,Daylight,Normal,No distancing,2,20
3039,18-30,Male,1-2yr,Asphalt roads,Wet or damp,Daylight,Raining,No distancing,2,3641
3040,Unknown,Male,Unknown,Asphalt roads,Wet or damp,Daylight,Raining,No priority to pedestrian,2,3639
3042,18-30,Male,1-2yr,Asphalt roads,Dry,Darkness - lights lit,Normal,Changing lane to the right,2,3157
3043,31-50,Male,1-2yr,Asphalt roads,Dry,Daylight,Normal,Changing lane to the left,2,3456
3044,31-50,Male,Below 1yr,Asphalt roads,Dry,Daylight,Normal,Driving carelessly,2,3458
3047,31-50,Male,Above 10yr,Asphalt roads,Dry,Daylight,Normal,Other,2,247
3050,18-30,Male,2-5yrs,Asphalt roads,Wet or damp,Darkness - lights lit,Raining,No distancing,2,2779
3051,31-50,Male,2-5yrs,Asphalt roads,Wet or damp,Darkness - lights lit,Raining,No distancing,2,2782
3052,31-50,Male,2-5yrs,Asphalt roads,Dry,Daylight,Normal,Overturning,2,953
3054,Unknown,Female,2-5yrs,Asphalt roads,Dry,Daylight,Normal,No priority to vehicle,2,317
3057,Unknown,Female,Above 10yr,Asphalt roads,Dry,Daylight,Normal,Other,2,1336
3058,31-50,Male,2-5yrs,Asphalt roads,Dry,Daylight,Normal,Other,2,1334
3059,18-30,Male,Above 10yr,Asphalt roads,Dry,Daylight,Normal,Moving Backward,1,1659
3060,31-50,Male,Above 10yr,Asphalt roads,Dry,Darkness - lights lit,Normal,No distancing,2,3210
3062,Unknown,Female,Above 10yr,Asphalt roads,Dry,Daylight,Normal,No priority to vehicle,2,1555
3068,18-30,Male,Unknown,Asphalt roads,Dry,Daylight,Normal,Driving carelessly,2,3759
3091,31-50,Male,5-10yrs,Asphalt roads,Dry,Darkness - lights lit,Normal,Driving carelessly,2,1469
3092,18-30,Male,Unknown,Asphalt roads,Dry,Darkness - lights lit,Normal,Overtaking,2,2844
3101,31-50,Male,2-5yrs,Asphalt roads,Dry,Darkness - lights lit,Normal,Overtaking,2,1847
3103,Over 51,Male,5-10yrs,Asphalt roads,Wet or damp,Daylight,Raining,Moving Backward,2,1007
3111,18-30,Male,Unknown,Asphalt roads,Dry,Daylight,Normal,Changing lane to the left,2,493
3128,31-50,Male,Above 10yr,Asphalt roads,Dry,Daylight,Normal,No distancing,2,46
3130,18-30,Male,Unknown,Asphalt roads,Wet or damp,Darkness - lights lit,Normal,No distancing,2,2983
3152,31-50,Male,1-2yr,Asphalt roads with some distress,Dry,Darkness - lights lit,Normal,No distancing,2,1919
3153,31-50,Male,5-10yrs,Asphalt roads,Dry,Darkness - lights lit,Normal,No distancing,2,2127
3159,18-30,Male,1-2yr,Asphalt roads,Dry,Darkness - lights lit,Normal,Other,2,3091
3160,18-30,Male,1-2yr,Asphalt roads,Dry,Darkness - lights lit,Normal,Changing lane to the left,2,3090
3161,18-30,Male,1-2yr,Asphalt roads,Dry,Darkness - lights lit,Normal,No priority to pedestrian,2,3089
3162,Over 51,Male,Unknown,Asphalt roads,Dry,Daylight,Normal,Changing lane to the left,2,3382
3167,31-50,Male,Above 10yr,Asphalt roads,Dry,Darkness - lights lit,Normal,No distancing,2,2449
3171,18-30,Male,1-2yr,Asphalt roads,Dry,Daylight,Normal,Changing lane to the left,2,13
3174,Unknown,Male,Below 1yr,Asphalt roads,Dry,Daylight,Normal,Driving carelessly,2,93
3177,31-50,Male,Unknown,Asphalt roads,Dry,Darkness - lights lit,Normal,Getting off the vehicle improperly,2,3068
3178,31-50,Male,Above 10yr,Earth roads,Dry,Darkness - lights lit,Normal,No distancing,1,2630
3184,18-30,Male,1-2yr,Asphalt roads,Wet or damp,Darkness - lights lit,Normal,No priority to vehicle,2,2432
3186,31-50,Male,2-5yrs,Asphalt roads,Wet or damp,Darkness - lights lit,Raining,Changing lane to the right,2,1773
3191,31-50,Male,Above 10yr,Asphalt roads,Wet or damp,Darkness - lights lit,Raining,Driving to the left,2,3170
3193,31-50,Male,Above 10yr,Asphalt roads,Wet or damp,Daylight,Raining,Changing lane to the left,2,111
3196,Over 51,Male,5-10yrs,Asphalt roads,Dry,Daylight,Normal,No distancing,1,393
3198,18-30,Male,Unknown,Asphalt roads,Dry,Daylight,Normal,Driving under the influence of drugs,2,47
3199,18-30,Male,Unknown,Asphalt roads,Dry,Daylight,Normal,Changing lane to the right,2,1143
3200,31-50,Male,Unknown,Asphalt roads,Dry,Darkness - lights lit,Normal,Driving carelessly,2,2587
3201,Over 51,Male,5-10yrs,Asphalt roads,Dry,Darkness - lights lit,Normal,Moving Backward,2,592
3203,31-50,Male,5-10yrs,Asphalt roads,Dry,Daylight,Normal,Changing lane to the right,2,1297
3204,31-50,Male,2-5yrs,Asphalt roads,Dry,Daylight,Normal,Driving carelessly,2,1295
3213,18-30,Male,Unknown,Asphalt roads,Dry,Daylight,Normal,Overloading,2,355
3215,31-50,Male,Above 10yr,Asphalt roads,Dry,Daylight,Normal,No priority to vehicle,2,561
3216,31-50,Male,Above 10yr,Asphalt roads,Dry,Daylight,Normal,Changing lane to the right,2,560
3217,18-30,Male,Above 10yr,Asphalt roads,Dry,Daylight,Normal,Moving Backward,2,1132
3221,18-30,Male,2-5yrs,Asphalt roads,Dry,Darkness - lights lit,Normal,No priority to vehicle,2,280
3222,Unknown,Male,Below 1yr,Asphalt roads,Dry,Darkness - lights lit,Normal,No distancing,2,2515
3228,31-50,Male,Above 10yr,Asphalt roads,Wet or damp,Daylight,Normal,Getting off the vehicle improperly,2,3309
3229,31-50,Male,Above 10yr,Asphalt roads,Wet or damp,Daylight,Normal,Overtaking,2,3310
3231,31-50,Male,2-5yrs,Asphalt roads,Dry,Daylight,Normal,Changing lane to the right,2,785
3234,Unknown,Male,2-5yrs,Asphalt roads,Dry,Daylight,Normal,Changing lane to the left,2,105
3246,18-30,Male,2-5yrs,Asphalt roads,Wet or damp,Darkness - lights lit,Normal,Driving carelessly,2,3241
3247,18-30,Male,2-5yrs,Asphalt roads,Dry,Daylight,Normal,Changing lane to the left,2,244
3248,31-50,Unknown,Above 10yr,Asphalt roads,Dry,Daylight,Normal,Driving carelessly,2,1
3249,Unknown,Male,Unknown,Asphalt roads,Dry,Darkness - lights lit,Normal,Changing lane to the left,2,2576
3250,18-30,Male,Above 10yr,Asphalt roads,Dry,Darkness - lights lit,Normal,No priority to vehicle,2,541
3251,31-50,Male,Below 1yr,Asphalt roads,Dry,Daylight,Normal,No distancing,2,3448
3252,18-30,Male,Unknown,Asphalt roads,Dry,Daylight,Normal,Changing lane to the right,2,3443
3253,Unknown,Male,Unknown,Asphalt roads,Dry,Daylight,Normal,Changing lane to the right,2,3619
3254,18-30,Male,Unknown,Asphalt roads,Wet or damp,Daylight,Normal,Driving at high speed,2,363
3257,Unknown,Male,1-2yr,Asphalt roads,Dry,Darkness - lights lit,Normal,Changing lane to the left,2,1835
3258,18-30,Male,Above 10yr,Asphalt roads,Dry,Daylight,Normal,Getting off the vehicle improperly,1,150
3259,18-30,Male,Unknown,Asphalt roads,Dry,Daylight,Normal,Other,1,697
3263,Unknown,Female,5-10yrs,Asphalt roads,Dry,Darkness - lights lit,Normal,Overtaking,2,1894
3264,31-50,Male,2-5yrs,Asphalt roads,Dry,Daylight,Normal,No priority to pedestrian,2,3356
3265,18-30,Male,Unknown,Asphalt roads,Dry,Daylight,Normal,No distancing,2,3357
3272,Unknown,Male,Unknown,Asphalt roads,Dry,Darkness - lights lit,Normal,Driving at high speed,2,299
3274,31-50,Male,Unknown,Asphalt roads,Dry,Daylight,Normal,Changing lane to the right,2,1657
3275,Unknown,Male,Unknown,Asphalt roads,Dry,Daylight,Normal,No distancing,2,1661
3276,Unknown,Male,Above 10yr,Asphalt roads,Dry,Darkness - lights lit,Normal,Other,2,3006
3280,Under 18,Male,5-10yrs,Asphalt roads,Dry,Daylight,Normal,Overtaking,2,3541
3281,31-50,Male,2-5yrs,Earth roads,Dry,Daylight,Normal,Driving carelessly,2,169
3282,18-30,Male,Unknown,Asphalt roads,Dry,Daylight,Normal,No priority to vehicle,2,197
3283,31-50,Male,Unknown,Asphalt roads,Dry,Daylight,Normal,No priority to pedestrian,2,1598
3284,31-50,Male,5-10yrs,Asphalt roads,Dry,Darkness - lights lit,Normal,Changing lane to the right,2,1929
3285,18-30,Male,Unknown,Asphalt roads,Dry,Darkness - lights lit,Normal,Driving carelessly,2,642
3286,18-30,Male,Unknown,Asphalt roads,Dry,Darkness - lights lit,Normal,Changing lane to the right,2,643
3287,Under 18,Male,Unknown,Asphalt roads,Dry,Darkness - lights lit,Normal,Changing lane to the right,2,2902
3288,Unknown,Male,Unknown,Asphalt roads,Dry,Darkness - lights lit,Normal,Changing lane to the left,2,2903
3289,18-30,Male,Unknown,Asphalt roads,Wet or damp,Daylight,Normal,Overturning,2,154
3290,18-30,Male,Unknown,Asphalt roads,Wet or damp,Darkness - lights lit,Normal,Driving carelessly,2,2545
3291,18-30,Male,2-5yrs,Asphalt roads,Wet or damp,Darkness - lights lit,Normal,No distancing,2,2547
3294,31-50,Male,Above 10yr,Asphalt roads,Dry,Darkness - lights lit,Normal,No priority to vehicle,2,2400
3295,18-30,Male,2-5yrs,Asphalt roads,Dry,Darkness - lights lit,Normal,Changing lane to the right,2,2401
3296,Unknown,Male,2-5yrs,Asphalt roads,Wet or damp,Darkness - lights lit,Raining,No distancing,2,2001
3297,Unknown,Male,2-5yrs,Asphalt roads,Wet or damp,Darkness - lights lit,Raining,Moving Backward,2,2002
3298,Over 51,Male,2-5yrs,Asphalt roads,Dry,Daylight,Normal,Moving Backward,2,3283
3299,Unknown,Male,2-5yrs,Asphalt roads,Dry,Daylight,Normal,No distancing,2,3281
3300,18-30,Male,1-2yr,Asphalt roads,Dry,Daylight,Normal,No distancing,2,1064
3301,31-50,Male,Unknown,Asphalt roads,Wet or damp,Daylight,Normal,No distancing,2,536
3302,31-50,Male,Unknown,Asphalt roads,Wet or damp,Daylight,Normal,No priority to pedestrian,2,541
3303,18-30,Male,Unknown,Asphalt roads,Wet or damp,Daylight,Normal,Driving carelessly,2,543
3305,Over 51,Male,Unknown,Asphalt roads,Dry,Darkness - lights lit,Normal,Changing lane to the left,2,439
3307,18-30,Male,2-5yrs,Asphalt roads,Dry,Daylight,Normal,Driving carelessly,2,133
3310,31-50,Male,5-10yrs,Asphalt roads,Dry,Daylight,Normal,Changing lane to the right,2,3788
3312,31-50,Male,Unknown,Asphalt roads,Dry,Daylight,Normal,No distancing,2,992