,age_of_driver,Sex_of_driver,car_age,Road_surface_type,Road_surface_conditions,Light_conditions,Weather_conditions,Cause_of_accident,Accident_severity,accident history
3313,Unknown,Male,2-5yrs,Asphalt roads,Dry,Daylight,Normal,No distancing,2,993
3314,31-50,Male,2-5yrs,Asphalt roads,Dry,Daylight,Normal,Overturning,1,3603
3315,31-50,Male,2-5yrs,Asphalt roads,Dry,Daylight,Normal,Driving at high speed,1,168
3316,31-50,Male,Unknown,Asphalt roads,Wet or damp,Daylight,Normal,No priority to vehicle,2,103
3317,31-50,Male,5-10yrs,Asphalt roads,Wet or damp,Daylight,Normal,No priority to pedestrian,2,473
3318,18-30,Male,2-5yrs,Asphalt roads,Dry,Darkness - lights lit,Normal,No priority to vehicle,2,572
3319,31-50,Male,1-2yr,Asphalt roads,Wet or damp,Darkness - lights lit,Raining,Other,2,3092
3320,31-50,Male,2-5yrs,Asphalt roads,Dry,Daylight,Normal,Other,1,847
3322,18-30,Male,Unknown,Asphalt roads,Dry,Darkness - lights lit,Normal,No distancing,2,34
3323,18-30,Male,2-5yrs,Asphalt roads,Dry,Darkness - lights lit,Normal,Moving Backward,2,32
3324,18-30,Male,Unknown,Asphalt roads,Wet or damp,Daylight,Normal,No priority to vehicle,2,160
3325,18-30,Male,1-2yr,Asphalt roads,Wet or damp,Daylight,Normal,Driving carelessly,2,734
3327,31-50,Male,Unknown,Asphalt roads,Wet or damp,Daylight,Raining,Other,2,1012
3330,18-30,Male,Unknown,Asphalt roads,Dry,Daylight,Normal,Driving carelessly,2,449
3331,Unknown,Male,Above 10yr,Asphalt roads,Dry,Daylight,Normal,No distancing,2,452
3333,Unknown,Male,Above 10yr,Asphalt roads,Wet or damp,Darkness - lights lit,Raining,Changing lane to the right,2,3252
3334,18-30,Male,Unknown,Asphalt roads,Wet or damp,Darkness - lights lit,Raining,No priority to pedestrian,2,3253
3335,Unknown,Male,Unknown,Asphalt roads,Dry,Darkness - lights lit,Normal,No priority to vehicle,1,2514
3336,Over 51,Male,2-5yrs,Asphalt roads,Dry,Daylight,Normal,Changing lane to the left,2,406
3337,31-50,Male,Above 10yr,Asphalt roads,Dry,Daylight,Normal,Turnover,2,409
3340,31-50,Male,Unknown,Asphalt roads,Dry,Daylight,Normal,Driving to the left,2,1494
3341,31-50,Male,Unknown,Asphalt roads,Dry,Daylight,Normal,Driving carelessly,2,1493
3342,Under 18,Male,Below 1yr,Asphalt roads,Dry,Darkness - lights lit,Normal,No priority to pedestrian,2,423
3344,Unknown,Male,Unknown,Asphalt roads,Dry,Darkness - lights lit,Normal,Changing lane to the right,2,2513
3345,31-50,Male,Unknown,Asphalt roads,Dry,Darkness - lights lit,Normal,Moving Backward,2,3189
3346,Unknown,Male,2-5yrs,Asphalt roads,Dry,Darkness - lights lit,Normal,Driving carelessly,2,129
3347,18-30,Male,Unknown,Asphalt roads,Dry,Daylight,Normal,Changing lane to the right,2,155
3348,Unknown,Female,Unknown,Asphalt roads,Dry,Daylight,Normal,Driving carelessly,2,379
3349,Unknown,Female,Unknown,Asphalt roads,Dry,Daylight,Normal,Driving carelessly,2,3457
3350,Unknown,Male,5-10yrs,Asphalt roads,Dry,Darkness - lights lit,Normal,Driving carelessly,1,3136
3351,31-50,Male,Above 10yr,Asphalt roads,Dry,Darkness - lights lit,Normal,Changing lane to the right,2,3155
3352,31-50,Male,5-10yrs,Asphalt roads,Dry,Darkness - lights lit,Normal,Changing lane to the right,2,341
3353,31-50,Male,2-5yrs,Asphalt roads,Dry,Darkness - lights lit,Normal,Driving carelessly,2,342
3354,31-50,Male,2-5yrs,Asphalt roads,Dry,Darkness - lights lit,Normal,Overtaking,2,3156
3355,31-50,Male,Unknown,Asphalt roads,Dry,Daylight,Normal,Changing lane to the right,2,3254
3356,31-50,Male,Unknown,Asphalt roads,Dry,Daylight,Normal,No distancing,2,3255
3357,18-30,Male,Unknown,Asphalt roads,Dry,Darkness - lights lit,Normal,Other,2,561
3358,31-50,Male,Above 10yr,Asphalt roads,Dry,Darkness - lights lit,Normal,Changing lane to the right,2,2528
3359,31-50,Male,Unknown,Asphalt roads,Dry,Daylight,Normal,Changing lane to the right,1,59
3360,18-30,Male,Above 10yr,Asphalt roads,Dry,Daylight,Normal,Overtaking,1,302
3365,18-30,Unknown,2-5yrs,Asphalt roads,Wet or damp,Daylight,Normal,Moving Backward,2,694
3367,Unknown,Male,Unknown,Asphalt roads,Dry,Darkness - lights lit,Normal,No priority to vehicle,2,2662
3370,31-50,Male,Unknown,Asphalt roads,Dry,Daylight,Normal,Changing lane to the right,2,395
3371,18-30,Male,Unknown,Asphalt roads,Wet or damp,Daylight,Normal,Changing lane to the right,2,359
3372,18-30,Male,Unknown,Asphalt roads,Wet or damp,Daylight,Normal,Driving to the left,2,360
3373,18-30,Male,Unknown,Asphalt roads,Dry,Darkness - lights lit,Normal,Changing lane to the left,2,2150
3374,18-30,Male,Unknown,Asphalt roads,Dry,Darkness - lights lit,Normal,Moving Backward,2,2152
3375,31-50,Male,Unknown,Asphalt roads,Dry,Daylight,Normal,Driving at high speed,2,1472
3376,31-50,Male,Unknown,Asphalt roads,Dry,Daylight,Normal,Moving Backward,2,1449
3377,18-30,Male,Above 10yr,Asphalt roads,Dry,Darkness - lights lit,Normal,No distancing,2,1930
3378,31-50,Male,Unknown,Asphalt roads,Dry,Darkness - lights lit,Normal,Other,2,1938
3379,Over 51,Male,Above 10yr,Asphalt roads,Dry,Daylight,Normal,No priority to vehicle,2,1322
3380,Unknown,Female,1-2yr,Asphalt roads,Dry,Darkness - lights lit,Normal,Changing lane to the right,2,1734
3381,18-30,Male,Unknown,Asphalt roads,Dry,Daylight,Normal,Other,2,3364
3382,31-50,Male,2-5yrs,Asphalt roads,Dry,Daylight,Normal,No distancing,2,3365
3383,31-50,Male,Unknown,Asphalt roads,Dry,Daylight,Normal,Driving carelessly,2,216
3384,18-30,Male,Unknown,Asphalt roads,Wet or damp,Daylight,Raining,No distancing,2,3428
3385,31-50,Male,Unknown,Asphalt roads,Wet or damp,Daylight,Raining,Moving Backward,2,710
3386,Unknown,Female,Unknown,Asphalt roads,Dry,Darkness - lights lit,Normal,No distancing,2,2867
3387,Unknown,Male,2-5yrs,Asphalt roads,Dry,Darkness - lights lit,Normal,Moving Backward,2,250
3393,31-50,Male,1-2yr,Asphalt roads,Dry,Daylight,Normal,No priority to pedestrian,2,3631
3397,31-50,Male,Unknown,Asphalt roads,Wet or damp,Darkness - lights lit,Normal,No priority to pedestrian,2,5
3398,18-30,Male,5-10yrs,Asphalt roads,Dry,Darkness - lights lit,Normal,Driving carelessly,2,2982
3400,31-50,Male,Unknown,Asphalt roads,Dry,Daylight,Normal,Driving carelessly,2,1430
3402,31-50,Male,Unknown,Asphalt roads,Dry,Daylight,Normal,No priority to vehicle,2,1433
3403,31-50,Male,Unknown,Asphalt roads,Dry,Darkness - lights lit,Normal,Changing lane to the right,2,1995
3404,31-50,Male,Above 10yr,Asphalt roads,Dry,Darkness - lights lit,Normal,Changing lane to the right,2,1994
3405,31-50,Male,5-10yrs,Asphalt roads with some distress,Dry,Daylight,Normal,No distancing,2,1230
3406,31-50,Male,5-10yrs,Asphalt roads,Dry,Darkness - lights lit,Normal,No distancing,2,259
3407,31-50,Male,Above 10yr,Asphalt roads,Dry,Daylight,Normal,Changing lane to the left,2,3793
3408,31-50,Male,1-2yr,Asphalt roads,Dry,Daylight,Normal,Changing lane to the right,2,772
3409,Over 51,Male,Above 10yr,Asphalt roads,Dry,Daylight,Normal,No priority to vehicle,2,932
3410,Unknown,Male,Above 10yr,Asphalt roads,Dry,Darkness - lights lit,Normal,Changing lane to the left,1,2558
3411,Unknown,Male,Above 10yr,Asphalt roads,Dry,Darkness - lights lit,Normal,No priority to vehicle,1,2557
3412,Unknown,Male,Above 10yr,Asphalt roads,Dry,Darkness - lights lit,Normal,Moving Backward,1,2556
3413,31-50,Male,5-10yrs,Asphalt roads,Dry,Darkness - lights lit,Normal,Turnover,2,2804
3415,31-50,Male,1-2yr,Asphalt roads,Dry,Darkness - lights lit,Normal,No distancing,2,2654
3416,Unknown,Male,5-10yrs,Asphalt roads,Dry,Darkness - lights lit,Normal,No distancing,2,2657
3417,31-50,Male,5-10yrs,Asphalt roads,Dry,Daylight,Normal,Changing lane to the left,2,493
3418,18-30,Male,1-2yr,Asphalt roads,Dry,Daylight,Normal,No priority to vehicle,2,107
3419,Unknown,Male,2-5yrs,Asphalt roads,Dry,Daylight,Normal,Driving at high speed,2,99
3420,31-50,Male,5-10yrs,Asphalt roads,Dry,Daylight,Normal,Overtaking,2,14
3421,18-30,Male,5-10yrs,Asphalt roads,Dry,Daylight,Normal,Other,2,3552
3422,18-30,Male,1-2yr,Asphalt roads,Dry,Daylight,Normal,Changing lane to the left,2,3561
3424,31-50,Male,2-5yrs,Asphalt roads,Dry,Daylight,Normal,Changing lane to the left,2,373
3425,31-50,Male,Unknown,Asphalt roads,Dry,Daylight,Normal,No distancing,2,3292
3426,18-30,Male,Unknown,Asphalt roads,Dry,Daylight,Normal,Moving Backward,2,3291
3427,31-50,Male,Unknown,Asphalt roads,Dry,Daylight,Normal,Changing lane to the left,2,916
3429,31-50,Male,Unknown,Asphalt roads,Dry,Daylight,Normal,No distancing,2,42
3431,31-50,Male,Unknown,Asphalt roads,Dry,Darkness - lights lit,Normal,No distancing,2,2893
3435,31-50,Male,2-5yrs,Asphalt roads,Dry,Daylight,Normal,Changing lane to the left,2,1717
3442,Unknown,Male,5-10yrs,Asphalt roads,Dry,Daylight,Normal,No priority to vehicle,2,1747
3444,18-30,Male,Unknown,Asphalt roads,Dry,Daylight,Normal,No priority to pedestrian,2,7
3445,31-50,Male,Unknown,Asphalt roads,Dry,Daylight,Normal,No priority to pedestrian,2,3248
3454,31-50,Male,Unknown,Asphalt roads,Dry,Daylight,Normal,No priority to pedestrian,2,3645
3456,Over 51,Male,Unknown,Asphalt roads,Dry,Darkness - lights lit,Normal,Changing lane to the right,2,109
3459,18-30,Male,1-2yr,Asphalt roads,Dry,Darkness - lights lit,Normal,Getting off the vehicle improperly,2,3119
3460,Unknown,Male,Above 10yr,Asphalt roads,Dry,Darkness - lights lit,Normal,Driving under the influence of drugs,2,3118
3461,18-30,Male,Unknown,Asphalt roads,Dry,Darkness - lights lit,Normal,Changing lane to the right,2,283
3464,31-50,Male,Unknown,Asphalt roads,Dry,Daylight,Normal,Turnover,2,1758
3465,18-30,Male,2-5yrs,Asphalt roads,Dry,Daylight,Normal,Changing lane to the right,2,544
3466,Unknown,Male,Unknown,Asphalt roads,Dry,Daylight,Normal,Driving carelessly,2,538
3468,Under 18,Male,Unknown,Asphalt roads,Dry,Daylight,Normal,Moving Backward,2,203
3469,31-50,Male,5-10yrs,Asphalt roads,Dry,Darkness - lights lit,Normal,Changing lane to the left,2,45
3470,31-50,Male,Unknown,Asphalt roads with some distress,Dry,Darkness - lights lit,Normal,Overturning,2,49
3474,31-50,Male,Above 10yr,Asphalt roads,Dry,Daylight,Normal,Changing lane to the left,1,3286
3475,31-50,Unknown,1-2yr,Gravel roads,Dry,Daylight,Normal,No priority to pedestrian,1,3285
3476,18-30,Male,Above 10yr,Asphalt roads,Dry,Daylight,Normal,No distancing,2,3852
3477,Under 18,Male,Below 1yr,Asphalt roads,Dry,Daylight,Normal,No distancing,2,3853
3478,Unknown,Female,Above 10yr,Asphalt roads,Dry,Daylight,Normal,Changing lane to the left,2,3854
3479,Over 51,Male,Unknown,Asphalt roads,Dry,Daylight,Normal,No distancing,2,3752
3480,31-50,Male,1-2yr,Asphalt roads,Dry,Daylight,Normal,Changing lane to the left,2,1184
3481,Over 51,Male,1-2yr,Asphalt roads,Dry,Daylight,Normal,No distancing,2,1842
3484,18-30,Male,Above 10yr,Asphalt roads,Dry,Darkness - lights lit,Normal,Changing lane to the left,2,472
3494,31-50,Male,Above 10yr,Earth roads,Dry,Daylight,Normal,No priority to vehicle,2,162
3495,18-30,Male,5-10yrs,Asphalt roads,Dry,Daylight,Normal,Changing lane to the left,2,114
3496,31-50,Male,Above 10yr,Asphalt roads,Dry,Daylight,Normal,Changing lane to the left,2,339
3497,31-50,Male,Above 10yr,Earth roads,Dry,Daylight,Normal,Overtaking,2,317
3502,31-50,Male,Above 10yr,Asphalt roads,Dry,Daylight,Normal,No distancing,2,3261
3503,31-50,Male,Above 10yr,Asphalt roads,Dry,Daylight,Normal,Driving carelessly,2,682
3504,Over 51,Male,Above 10yr,Asphalt roads,Dry,Daylight,Normal,No priority to pedestrian,2,3612
3505,31-50,Male,5-10yrs,Asphalt roads,Dry,Daylight,Normal,Driving carelessly,2,3613
3507,18-30,Male,5-10yrs,Asphalt roads,Dry,Daylight,Normal,No distancing,2,1063
3511,18-30,Male,2-5yrs,Asphalt roads,Dry,Darkness - lights lit,Normal,Changing lane to the left,2,648
3513,Unknown,Male,1-2yr,Asphalt roads,Dry,Daylight,Normal,Changing lane to the right,2,466
3515,Unknown,Female,5-10yrs,Asphalt roads,Dry,Darkness - lights lit,Normal,Moving Backward,2,2858
3516,18-30,Male,Above 10yr,Asphalt roads,Dry,Darkness - lights lit,Normal,Driving carelessly,2,131
3517,31-50,Male,2-5yrs,Asphalt roads,Dry,Daylight,Normal,Driving carelessly,2,1819
3519,18-30,Male,2-5yrs,Asphalt roads,Dry,Daylight,Normal,No priority to pedestrian,2,364
3520,Unknown,Male,2-5yrs,Asphalt roads,Dry,Daylight,Normal,No priority to vehicle,2,1732
3521,31-50,Male,1-2yr,Asphalt roads,Dry,Daylight,Normal,Driving carelessly,2,431
3526,31-50,Male,1-2yr,Asphalt roads,Dry,Daylight,Normal,Changing lane to the left,2,2086
3527,Unknown,Male,Unknown,Asphalt roads,Dry,Daylight,Normal,No priority to vehicle,2,433
3528,Unknown,Male,Unknown,Asphalt roads,Dry,Daylight,Normal,Driving carelessly,2,248
3529,18-30,Male,Unknown,Asphalt roads,Dry,Darkness - lights lit,Normal,Moving Backward,2,2866
3531,31-50,Male,Unknown,Asphalt roads,Dry,Daylight,Normal,Changing lane to the left,2,478
3533,31-50,Male,1-2yr,Asphalt roads,Wet or damp,Daylight,Raining,No distancing,2,3429
3534,31-50,Male,2-5yrs,Asphalt roads,Wet or damp,Daylight,Raining,Changing lane to the left,2,3430
3535,Over 51,Male,2-5yrs,Asphalt roads,Dry,Darkness - lights lit,Normal,Driving carelessly,2,50
3539,Over 51,Male,5-10yrs,Asphalt roads,Dry,Darkness - lights lit,Normal,No distancing,2,2717
3543,Over 51,Male,1-2yr,Asphalt roads,Dry,Daylight,Normal,Driving under the influence of drugs,2,1047
3545,Over 51,Male,Unknown,Gravel roads,Dry,Daylight,Normal,Moving Backward,2,1046
3547,18-30,Male,Unknown,Asphalt roads,Dry,Daylight,Normal,Changing lane to the left,2,1181
3565,31-50,Male,1-2yr,Asphalt roads,Dry,Daylight,Normal,Overturning,2,1194
3573,31-50,Male,Below 1yr,Asphalt roads,Dry,Darkness - lights lit,Normal,Overtaking,2,657
3574,31-50,Male,Unknown,Asphalt roads,Dry,Daylight,Normal,Driving under the influence of drugs,2,319
3577,18-30,Male,2-5yrs,Asphalt roads,Dry,Darkness - lights lit,Normal,Driving carelessly,2,3035
3580,Unknown,Female,1-2yr,Asphalt roads,Dry,Daylight,Normal,Changing lane to the right,2,982
3581,Unknown,Female,Above 10yr,Other,Dry,Daylight,Normal,No priority to vehicle,2,979
3582,31-50,Male,Above 10yr,Gravel roads,Dry,Daylight,Normal,Driving at high speed,2,346
3587,Under 18,Male,1-2yr,Asphalt roads,Dry,Daylight,Normal,Changing lane to the left,2,1197
3590,Unknown,Male,Unknown,Asphalt roads,Dry,Daylight,Normal,Getting off the vehicle improperly,2,3868
3591,31-50,Male,Unknown,Earth roads,Dry,Daylight,Normal,Overtaking,2,2099
3592,31-50,Male,Unknown,Asphalt roads,Dry,Daylight,Normal,Driving carelessly,2,1673
3593,18-30,Male,Unknown,Asphalt roads,Dry,Daylight,Normal,Driving under the influence of drugs,2,173
3594,18-30,Male,Unknown,Asphalt roads,Dry,Daylight,Normal,Moving Backward,2,731
3596,31-50,Male,Unknown,Asphalt roads,Dry,Daylight,Normal,Driving under the influence of drugs,2,3240
3600,Unknown,Male,Unknown,Asphalt roads,Dry,Daylight,Normal,No distancing,2,3817
3601,31-50,Male,Unknown,Asphalt roads,Dry,Daylight,Normal,No priority to vehicle,1,3720
3606,18-30,Male,2-5yrs,Asphalt roads,Dry,Darkness - lights lit,Normal,Changing lane to the left,2,2661
3609,31-50,Male,2-5yrs,Asphalt roads,Dry,Darkness - lights lit,Normal,Changing lane to the right,2,114
3610,18-30,Male,5-10yrs,Asphalt roads,Dry,Daylight,Normal,Driving carelessly,2,709
3614,Over 51,Male,Unknown,Asphalt roads,Dry,Darkness - lights lit,Normal,Driving carelessly,2,2991
3615,31-50,Male,Unknown,Asphalt roads,Dry,Daylight,Normal,No distancing,2,1740
3616,31-50,Male,Unknown,Other,Dry,Daylight,Normal,No priority to vehicle,2,1741
3617,18-30,Male,Unknown,Asphalt roads,Dry,Daylight,Normal,No priority to vehicle,2,3684
3618,Unknown,Male,Unknown,Asphalt roads,Dry,Daylight,Normal,No priority to vehicle,2,3687
3619,18-30,Male,Unknown,Asphalt roads,Dry,Daylight,Normal,Changing lane to the left,2,76
3620,Unknown,Male,Unknown,Asphalt roads,Dry,Daylight,Normal,Moving Backward,2,11
3623,Unknown,Male,Unknown,Asphalt roads,Dry,Daylight,Normal,Changing lane to the right,2,180
3626,18-30,Male,Unknown,Asphalt roads,Dry,Daylight,Normal,Driving to the left,2,134
3629,Over 51,Male,Above 10yr,Asphalt roads,Dry,Daylight,Normal,No distancing,2,3743
3630,31-50,Male,2-5yrs,Asphalt roads,Dry,Daylight,Normal,Driving carelessly,2,3742
3635,Over 51,Male,Unknown,Asphalt roads,Dry,Daylight,Normal,Driving to the left,2,973
3636,31-50,Male,Unknown,Asphalt roads,Dry,Daylight,Normal,Driving carelessly,2,779
3637,Unknown,Male,Unknown,Asphalt roads,Dry,Daylight,Normal,Driving carelessly,2,778
3645,18-30,Male,1-2yr,Asphalt roads,Dry,Daylight,Normal,No distancing,2,702
3653,18-30,Male,Below 1yr,Asphalt roads,Dry,Daylight,Normal,No priority to vehicle,1,2399
3654,Unknown,Male,Unknown,Asphalt roads,Dry,Daylight,Normal,No priority to vehicle,2,163
3657,31-50,Male,2-5yrs,Asphalt roads,Dry,Daylight,Normal,No distancing,2,1550
3660,31-50,Male,1-2yr,Asphalt roads,Dry,Daylight,Normal,No priority to pedestrian,2,2284
3661,18-30,Male,Above 10yr,Asphalt roads,Dry,Daylight,Normal,Moving Backward,2,3496
3662,Over 51,Male,Above 10yr,Asphalt roads,Dry,Daylight,Normal,Changing lane to the left,2,3495
3667,Unknown,Female,1-2yr,Asphalt roads,Dry,Daylight,Normal,No distancing,2,2027
3668,Under 18,Male,Below 1yr,Asphalt roads,Wet or damp,Daylight,Raining,Getting off the vehicle improperly,2,558
3670,18-30,Male,Unknown,Other,Dry,Darkness - lights lit,Normal,Changing lane to the left,2,3166
3671,Unknown,Male,Unknown,Asphalt roads,Dry,Darkness - lights lit,Normal,No distancing,2,3163
3672,18-30,Male,Unknown,Asphalt roads,Dry,Daylight,Normal,Driving carelessly,2,3480
3673,Unknown,Female,Unknown,Asphalt roads,Dry,Daylight,Normal,No distancing,2,3829
3674,18-30,Male,Unknown,Asphalt roads,Dry,Daylight,Normal,Changing lane to the right,2,3830
3675,Over 51,Male,Unknown,Asphalt roads,Dry,Daylight,Unknown,Overtaking,2,733
3676,18-30,Male,Unknown,Asphalt roads,Dry,Daylight,Normal,Driving carelessly,2,127
3677,18-30,Male,Unknown,Asphalt roads,Dry,Daylight,Normal,Moving Backward,1,394
3678,31-50,Male,Unknown,Other,Dry,Daylight,Unknown,No distancing,2,1058
3679,18-30,Male,Unknown,Asphalt roads,Dry,Daylight,Unknown,Overtaking,2,1041
3680,18-30,Male,Unknown,Asphalt roads,Dry,Daylight,Unknown,Driving carelessly,2,1052
3681,18-30,Male,Unknown,Asphalt roads,Dry,Daylight,Unknown,Driving carelessly,2,43
3686,Unknown,Male,2-5yrs,Asphalt roads,Dry,Daylight,Normal,No distancing,2,1166
3689,Under 18,Male,2-5yrs,Asphalt roads,Dry,Daylight,Normal,Driving under the influence of drugs,1,224
3690,Over 51,Male,5-10yrs,Asphalt roads,Dry,Darkness - lights unlit,Normal,Changing lane to the right,1,2472
3695,31-50,Male,Unknown,Asphalt roads,Dry,Daylight,Normal,Moving Backward,2,1867
3696,31-50,Male,Unknown,Asphalt roads,Dry,Daylight,Normal,No distancing,2,1861
3697,18-30,Male,Unknown,Asphalt roads,Dry,Daylight,Normal,Driving to the left,2,382
3698,18-30,Male,Unknown,Asphalt roads,Dry,Daylight,Normal,Driving to the left,2,1860
3699,18-30,Male,Unknown,Earth roads,Dry,Daylight,Normal,Moving Backward,2,1876
3700,Unknown,Female,Unknown,Asphalt roads,Dry,Daylight,Normal,Moving Backward,2,1053
3703,18-30,Unknown,Unknown,Asphalt roads,Dry,Daylight,Normal,Changing lane to the left,2,2361
3704,18-30,Male,Unknown,Asphalt roads,Dry,Darkness - lights lit,Normal,Driving under the influence of drugs,0,298
3705,31-50,Male,2-5yrs,Asphalt roads,Dry,Darkness - lights lit,Normal,No distancing,2,2534
3711,Over 51,Male,1-2yr,Gravel roads,Dry,Daylight,Normal,Changing lane to the right,2,1011
3715,31-50,Male,Unknown,Asphalt roads,Dry,Daylight,Normal,No distancing,2,181
3716,31-50,Male,5-10yrs,Asphalt roads,Dry,Daylight,Normal,Changing lane to the right,2,34
3718,18-30,Male,Unknown,Asphalt roads,Dry,Darkness - lights lit,Normal,Changing lane to the left,2,137
3720,Over 51,Male,Unknown,Asphalt roads,Dry,Daylight,Normal,Changing lane to the right,2,1484
3721,18-30,Male,Unknown,Asphalt roads,Dry,Daylight,Normal,No priority to vehicle,2,1486
3722,31-50,Male,Above 10yr,Asphalt roads,Dry,Daylight,Normal,No distancing,2,1497
3723,31-50,Male,5-10yrs,Asphalt roads,Dry,Daylight,Normal,No priority to pedestrian,2,252
3724,18-30,Male,5-10yrs,Asphalt roads,Wet or damp,Daylight,Raining,No priority to pedestrian,2,393
3725,18-30,Male,Above 10yr,Asphalt roads,Wet or damp,Daylight,Raining,No priority to vehicle,2,173
3726,31-50,Male,1-2yr,Asphalt roads,Wet or damp,Daylight,Raining,Changing lane to the left,2,3640
3727,31-50,Male,Above 10yr,Asphalt roads,Wet or damp,Daylight,Raining,Changing lane to the left,2,172
3728,31-50,Male,Above 10yr,Asphalt roads,Wet or damp,Daylight,Raining,No distancing,2,3642
3729,18-30,Male,Above 10yr,Asphalt roads,Dry,Darkness - lights lit,Normal,No priority to vehicle,2,2945
3730,Unknown,Female,Above 10yr,Asphalt roads,Dry,Darkness - lights lit,Normal,No distancing,2,2942
3731,Unknown,Female,5-10yrs,Asphalt roads,Dry,Daylight,Normal,No distancing,1,5
3733,18-30,Male,1-2yr,Other,Dry,Daylight,Normal,Changing lane to the left,2,87
3735,18-30,Male,5-10yrs,Asphalt roads,Dry,Daylight,Normal,Overturning,2,396
3736,18-30,Male,1-2yr,Asphalt roads,Dry,Darkness - lights lit,Normal,No priority to vehicle,2,2781
3737,Unknown,Male,2-5yrs,Asphalt roads,Dry,Darkness - lights lit,Normal,Moving Backward,2,311
3738,31-50,Male,5-10yrs,Asphalt roads,Dry,Daylight,Normal,Driving under the influence of drugs,2,962
3739,31-50,Male,5-10yrs,Asphalt roads,Dry,Daylight,Normal,Moving Backward,2,960
3740,31-50,Male,1-2yr,Asphalt roads,Wet or damp,Daylight,Raining,Changing lane to the right,2,3539
3741,18-30,Male,1-2yr,Asphalt roads,Wet or damp,Daylight,Raining,Overspeed,2,165
3742,18-30,Male,2-5yrs,Asphalt roads,Dry,Daylight,Normal,Driving under the influence of drugs,1,209
3743,18-30,Male,Unknown,Asphalt roads,Dry,Daylight,Normal,Driving carelessly,1,1013
3744,18-30,Male,Unknown,Asphalt roads,Dry,Daylight,Normal,No distancing,2,1317
3745,18-30,Male,Unknown,Asphalt roads,Dry,Daylight,Normal,No priority to vehicle,2,271
3747,Over 51,Male,Unknown,Other,Wet or damp,Daylight,Raining,Driving under the influence of drugs,2,241
3748,Over 51,Male,Unknown,Asphalt roads,Wet or damp,Daylight,Raining,Changing lane to the right,2,242
3749,18-30,Male,Unknown,Asphalt roads,Wet or damp,Darkness - lights unlit,Normal,Changing lane to the right,2,78
3753,Under 18,Male,2-5yrs,Asphalt roads,Dry,Daylight,Normal,No distancing,1,2126
3762,31-50,Male,Unknown,Asphalt roads,Wet or damp,Darkness - lights lit,Raining,No priority to vehicle,2,671
3763,Unknown,Female,Unknown,Asphalt roads,Wet or damp,Darkness - lights lit,Raining,Changing lane to the left,2,3191
3772,Over 51,Male,Unknown,Asphalt roads,Dry,Darkness - lights lit,Normal,Drunk driving,2,3161
3774,18-30,Male,Unknown,Asphalt roads,Dry,Darkness - lights lit,Normal,No priority to pedestrian,1,3108
3777,Over 51,Male,1-2yr,Asphalt roads,Dry,Daylight,Normal,Getting off the vehicle improperly,2,788
3778,18-30,Male,Above 10yr,Asphalt roads,Wet or damp,Daylight,Raining,No distancing,2,3421
3779,18-30,Male,Unknown,Asphalt roads,Wet or damp,Daylight,Raining,Changing lane to the right,2,3422
3782,Over 51,Male,Unknown,Earth roads,Wet or damp,Daylight,Raining,Driving at high speed,2,1481
3783,Under 18,Male,2-5yrs,Asphalt roads,Wet or damp,Daylight,Raining,Changing lane to the left,2,1480
3784,Unknown,Male,Unknown,Asphalt roads,Wet or damp,Daylight,Raining,Changing lane to the right,2,1479
3786,18-30,Male,Unknown,Asphalt roads,Dry,Darkness - lights lit,Normal,Changing lane to the right,1,72
3787,18-30,Male,5-10yrs,Asphalt roads,Dry,Darkness - lights lit,Normal,Changing lane to the right,1,71
3788,18-30,Male,Unknown,Asphalt roads,Dry,Darkness - lights lit,Normal,No distancing,1,452
3792,31-50,Male,Above 10yr,Asphalt roads,Dry,Daylight,Normal,Changing lane to the right,1,722
3793,18-30,Unknown,1-2yr,Earth roads,Dry,Darkness - lights lit,Normal,Overturning,2,2163
3794,18-30,Male,Above 10yr,Asphalt roads,Dry,Darkness - lights lit,Normal,Changing lane to the right,2,2160
3795,31-50,Male,Below 1yr,Asphalt roads,Dry,Darkness - lights lit,Normal,Moving Backward,2,2159
3796,18-30,Male,Above 10yr,Asphalt roads,Dry,Darkness - lights lit,Normal,No distancing,1,18
3797,18-30,Male,Unknown,Asphalt roads,Dry,Darkness - lights lit,Normal,Overturning,1,17
3798,31-50,Male,1-2yr,Asphalt roads,Dry,Darkness - lights lit,Normal,Driving carelessly,1,1
3799,Over 51,Male,1-2yr,Asphalt roads,Dry,Darkness - lights lit,Normal,Changing lane to the right,1,3
3802,31-50,Male,Above 10yr,Gravel roads,Wet or damp,Daylight,Raining and Windy,Driving carelessly,2,3481
3810,31-50,Male,Above 10yr,Asphalt roads,Wet or damp,Daylight,Normal,Changing lane to the right,2,633
3812,31-50,Male,Above 10yr,Asphalt roads,Wet or damp,Daylight,Normal,Driving to the left,2,635
3813,31-50,Male,5-10yrs,Asphalt roads,Wet or damp,Daylight,Normal,Changing lane to the right,2,636
3814,31-50,Male,Above 10yr,Asphalt roads,Wet or damp,Daylight,Normal,Changing lane to the right,2,637
3815,Over 51,Male,Above 10yr,Asphalt roads,Wet or damp,Daylight,Normal,Driving carelessly,2,638
3820,Unknown,Female,Above 10yr,Asphalt roads,Dry,Darkness - lights lit,Normal,Driving carelessly,1,1862