,age_of_driver,Sex_of_driver,car_age,Road_surface_type,Road_surface_conditions,Light_conditions,Weather_conditions,Cause_of_accident,Accident_severity,accident history
4597,Over 51,Male,Unknown,Asphalt roads,Dry,Daylight,Other,Changing lane to the right,2,2154
4598,Unknown,Male,Unknown,Asphalt roads,Dry,Daylight,Snow,Changing lane to the right,2,3446
4599,18-30,Male,5-10yrs,Earth roads,Dry,Darkness - lights lit,Unknown,Changing lane to the right,1,2161
4600,18-30,Male,Unknown,Asphalt roads,Dry,Darkness - lights lit,Unknown,Moving Backward,1,447
4601,31-50,Male,Unknown,Asphalt roads,Dry,Darkness - lights lit,Normal,No distancing,1,3250
4602,Over 51,Male,Unknown,Asphalt roads,Dry,Darkness - lights lit,Normal,Overspeed,1,681
4603,Unknown,Male,Unknown,Asphalt roads,Dry,Daylight,Normal,No distancing,2,1660
4604,18-30,Male,Unknown,Earth roads,Dry,Daylight,Normal,Driving carelessly,2,1649
4606,Under 18,Male,2-5yrs,Asphalt roads,Dry,Darkness - lights lit,Unknown,No distancing,1,315
4609,18-30,Male,Above 10yr,Asphalt roads,Dry,Darkness - lights lit,Unknown,No distancing,2,2433
4610,31-50,Male,2-5yrs,Asphalt roads,Dry,Darkness - lights lit,Unknown,No priority to vehicle,2,267
4611,Unknown,Male,2-5yrs,Asphalt roads,Dry,Daylight,Normal,Changing lane to the left,2,37
4613,18-30,Male,2-5yrs,Asphalt roads,Dry,Daylight,Normal,Driving carelessly,2,3296
4617,Over 51,Male,Unknown,Asphalt roads,Dry,Daylight,Normal,No distancing,2,3535
4618,31-50,Male,Unknown,Asphalt roads,Dry,Daylight,Normal,Overturning,2,3467
4620,Unknown,Male,Unknown,Earth roads,Dry,Daylight,Normal,Drunk driving,2,766
4622,18-30,Male,2-5yrs,Asphalt roads,Dry,Daylight,Normal,No priority to pedestrian,2,3765
4625,Unknown,Female,5-10yrs,Asphalt roads,Dry,Darkness - lights lit,Unknown,Getting off the vehicle improperly,2,2486
4627,Over 51,Male,Unknown,Asphalt roads,Dry,Darkness - lights lit,Normal,Changing lane to the right,2,2948
4628,Unknown,Female,2-5yrs,Asphalt roads,Dry,Daylight,Normal,Changing lane to the right,2,152
4629,18-30,Male,2-5yrs,Other,Dry,Daylight,Normal,Moving Backward,2,77
4630,31-50,Male,2-5yrs,Asphalt roads,Wet or damp,Daylight,Normal,Driving at high speed,2,3651
4631,18-30,Male,Unknown,Asphalt roads,Wet or damp,Daylight,Normal,Changing lane to the left,2,1412
4632,18-30,Male,5-10yrs,Asphalt roads,Wet or damp,Daylight,Normal,Changing lane to the right,2,1420
4633,Unknown,Male,2-5yrs,Asphalt roads,Wet or damp,Daylight,Normal,No distancing,2,1421
4634,Unknown,Male,1-2yr,Asphalt roads,Wet or damp,Daylight,Normal,Changing lane to the right,2,1423
4635,Over 51,Male,2-5yrs,Asphalt roads,Wet or damp,Daylight,Cloudy,Changing lane to the right,2,371
4637,31-50,Male,Unknown,Earth roads,Wet or damp,Darkness - lights lit,Other,Changing lane to the right,1,296
4638,Under 18,Male,2-5yrs,Asphalt roads,Wet or damp,Darkness - lights lit,Other,Driving carelessly,1,58
4639,18-30,Male,Unknown,Asphalt roads,Dry,Darkness - lights lit,Unknown,Driving carelessly,2,2396
4640,18-30,Male,1-2yr,Asphalt roads,Dry,Darkness - lights lit,Unknown,Changing lane to the right,2,261
4642,Unknown,Male,Unknown,Asphalt roads,Snow,Darkness - lights lit,Snow,Changing lane to the right,2,3106
4645,31-50,Male,Unknown,Asphalt roads,Dry,Daylight,Normal,Overturning,2,3565
4646,Unknown,Male,Above 10yr,Asphalt roads,Dry,Daylight,Other,Driving carelessly,2,3363
4648,31-50,Male,Above 10yr,Asphalt roads,Dry,Darkness - lights lit,Normal,Driving at high speed,2,2952
4649,Unknown,Male,Unknown,Asphalt roads,Dry,Darkness - lights lit,Normal,Changing lane to the left,2,2953
4650,Unknown,Male,Unknown,Asphalt roads,Dry,Darkness - lights lit,Normal,Driving carelessly,2,625
4651,Unknown,Male,2-5yrs,Asphalt roads,Dry,Darkness - lights lit,Normal,No distancing,2,2951
4652,18-30,Male,Above 10yr,Asphalt roads,Wet or damp,Daylight,Raining,Moving Backward,2,3455
4656,18-30,Male,Unknown,Asphalt roads,Dry,Daylight,Normal,No distancing,2,1440
4657,Over 51,Male,Below 1yr,Asphalt roads,Wet or damp,Daylight,Raining,Drunk driving,2,3637
4659,31-50,Male,Unknown,Asphalt roads,Dry,Daylight,Normal,Driving carelessly,2,326
4660,Unknown,Male,Unknown,Asphalt roads,Dry,Daylight,Normal,Driving to the left,2,354
4661,31-50,Male,2-5yrs,Asphalt roads,Dry,Daylight,Normal,Changing lane to the right,2,547
4662,Unknown,Male,Unknown,Asphalt roads,Dry,Daylight,Normal,Changing lane to the right,2,546
4663,Over 51,Male,Unknown,Asphalt roads,Wet or damp,Daylight,Normal,Driving carelessly,2,609
4664,Unknown,Male,Unknown,Asphalt roads,Dry,Daylight,Normal,Changing lane to the left,2,140
4665,18-30,Male,5-10yrs,Gravel roads,Dry,Daylight,Normal,No priority to vehicle,2,3566
4666,31-50,Male,Above 10yr,Asphalt roads,Dry,Daylight,Normal,Driving carelessly,2,736
4667,31-50,Male,5-10yrs,Asphalt roads,Dry,Daylight,Normal,Changing lane to the right,1,3355
4668,31-50,Male,2-5yrs,Asphalt roads,Dry,Darkness - lights lit,Normal,Driving carelessly,2,38
4669,31-50,Male,2-5yrs,Asphalt roads,Dry,Darkness - lights lit,Normal,Driving under the influence of drugs,2,2975
4670,31-50,Male,Unknown,Asphalt roads,Dry,Darkness - lights lit,Normal,No distancing,2,2972
4671,18-30,Male,Unknown,Asphalt roads,Dry,Darkness - lights lit,Normal,Changing lane to the left,1,188
4672,31-50,Male,Unknown,Asphalt roads,Dry,Darkness - lights lit,Normal,No priority to vehicle,1,1750
4673,Unknown,Female,Above 10yr,Asphalt roads,Dry,Daylight,Normal,Moving Backward,2,904
4674,31-50,Male,Unknown,Asphalt roads,Dry,Daylight,Cloudy,Moving Backward,1,553
4675,18-30,Male,Above 10yr,Asphalt roads,Dry,Daylight,Cloudy,No distancing,1,554
4680,18-30,Male,2-5yrs,Asphalt roads,Dry,Daylight,Unknown,Driving under the influence of drugs,2,391
4682,31-50,Male,Unknown,Asphalt roads,Wet or damp,Darkness - lights lit,Normal,No distancing,2,2517
4685,18-30,Male,Unknown,Asphalt roads,Dry,Darkness - lights lit,Normal,No priority to vehicle,2,551
4686,31-50,Male,Unknown,Asphalt roads,Dry,Darkness - lights lit,Normal,No priority to vehicle,2,2615
4687,18-30,Male,Unknown,Asphalt roads,Dry,Darkness - lights lit,Normal,No priority to vehicle,2,2616
4688,Unknown,Male,Unknown,Asphalt roads,Dry,Daylight,Normal,No distancing,2,1091
4689,Over 51,Male,Unknown,Asphalt roads,Wet or damp,Daylight,Normal,Moving Backward,2,475
4690,Over 51,Male,Unknown,Asphalt roads,Dry,Daylight,Normal,Changing lane to the right,2,129
4691,18-30,Male,Unknown,Other,Dry,Daylight,Normal,Driving carelessly,2,128
4692,Unknown,Male,Above 10yr,Asphalt roads,Dry,Daylight,Normal,Changing lane to the left,2,130
4693,Unknown,Female,Unknown,Asphalt roads,Dry,Darkness - lights lit,Normal,No distancing,1,467
4694,Unknown,Male,Above 10yr,Asphalt roads,Dry,Daylight,Normal,Changing lane to the right,2,1554
4695,31-50,Male,1-2yr,Asphalt roads,Dry,Daylight,Normal,Driving under the influence of drugs,2,1552
4696,18-30,Male,Unknown,Asphalt roads,Dry,Daylight,Normal,No distancing,2,728
4697,31-50,Male,2-5yrs,Asphalt roads,Dry,Daylight,Normal,Overturning,2,727
4698,Under 18,Male,Unknown,Asphalt roads,Dry,Darkness - lights lit,Normal,No distancing,1,141
4699,Unknown,Female,Unknown,Asphalt roads,Dry,Darkness - lights lit,Normal,Changing lane to the right,1,3132
4701,Unknown,Female,Unknown,Other,Dry,Darkness - lights lit,Normal,Changing lane to the right,1,656
4702,18-30,Male,2-5yrs,Asphalt roads,Wet or damp,Daylight,Raining,Changing lane to the left,2,1056
4708,31-50,Male,1-2yr,Asphalt roads,Dry,Daylight,Normal,Driving carelessly,2,492
4712,18-30,Male,Unknown,Earth roads,Dry,Darkness - lights lit,Normal,No priority to vehicle,2,2749
4713,Unknown,Female,5-10yrs,Asphalt roads,Dry,Daylight,Normal,Changing lane to the left,2,1571
4715,31-50,Male,Unknown,Asphalt roads,Dry,Darkness - lights lit,Normal,No distancing,2,2393
4717,31-50,Male,Unknown,Asphalt roads,Dry,Darkness - lights lit,Normal,Changing lane to the right,2,2394
4718,18-30,Male,Unknown,Asphalt roads,Wet or damp,Darkness - lights lit,Normal,No distancing,2,93
4719,31-50,Male,Above 10yr,Asphalt roads,Wet or damp,Darkness - lights lit,Normal,Overtaking,2,2264
4720,Unknown,Female,5-10yrs,Asphalt roads,Wet or damp,Daylight,Raining,No distancing,2,2178
4721,Unknown,Female,5-10yrs,Asphalt roads,Wet or damp,Daylight,Raining,Changing lane to the left,2,235
4722,Unknown,Female,Above 10yr,Asphalt roads,Wet or damp,Darkness - lights lit,Raining,Driving under the influence of drugs,2,2987
4723,31-50,Male,1-2yr,Asphalt roads,Wet or damp,Darkness - lights lit,Raining,No distancing,2,2989
4724,18-30,Male,Above 10yr,Gravel roads,Wet or damp,Darkness - lights lit,Raining,No distancing,2,2988
4725,18-30,Male,Above 10yr,Asphalt roads,Dry,Daylight,Normal,Changing lane to the right,2,3546
4726,18-30,Male,Above 10yr,Asphalt roads,Dry,Darkness - lights lit,Normal,Changing lane to the left,1,634
4727,18-30,Male,Above 10yr,Asphalt roads,Dry,Daylight,Normal,Moving Backward,1,1474
4728,Over 51,Male,5-10yrs,Asphalt roads,Dry,Daylight,Normal,No distancing,2,3593
4730,Under 18,Male,1-2yr,Asphalt roads,Wet or damp,Darkness - lights lit,Normal,Driving carelessly,0,2490
4731,Unknown,Female,5-10yrs,Asphalt roads,Wet or damp,Darkness - lights lit,Normal,Moving Backward,0,523
4732,18-30,Male,5-10yrs,Asphalt roads,Wet or damp,Darkness - lights lit,Normal,No distancing,0,2488
4733,18-30,Male,1-2yr,Asphalt roads,Wet or damp,Daylight,Raining,Changing lane to the right,2,142
4734,31-50,Male,2-5yrs,Asphalt roads,Wet or damp,Daylight,Raining,Driving carelessly,2,631
4735,18-30,Male,5-10yrs,Asphalt roads,Dry,Darkness - no lighting,Normal,Driving to the left,2,104
4736,Unknown,Female,5-10yrs,Asphalt roads,Dry,Darkness - lights lit,Normal,Changing lane to the right,2,1577
4737,18-30,Male,1-2yr,Asphalt roads,Dry,Daylight,Unknown,Driving carelessly,1,1263
4738,31-50,Male,1-2yr,Asphalt roads,Dry,Daylight,Unknown,Changing lane to the right,1,1261
4739,18-30,Male,2-5yrs,Asphalt roads,Dry,Darkness - lights lit,Normal,No priority to vehicle,1,3126
4740,18-30,Male,Unknown,Asphalt roads,Dry,Darkness - lights lit,Normal,Changing lane to the right,1,3127
4741,Unknown,Female,Unknown,Asphalt roads,Dry,Daylight,Unknown,Turnover,2,139
4742,Unknown,Male,Unknown,Asphalt roads,Dry,Daylight,Unknown,No priority to vehicle,2,167
4744,31-50,Male,Unknown,Asphalt roads,Dry,Daylight,Normal,No distancing,2,26
4745,18-30,Male,Unknown,Asphalt roads,Dry,Daylight,Normal,No distancing,2,522
4746,Unknown,Male,Unknown,Other,Dry,Darkness - lights lit,Normal,Driving carelessly,2,2543
4750,Unknown,Female,2-5yrs,Asphalt roads,Dry,Daylight,Normal,Changing lane to the right,2,503
4757,Unknown,Male,5-10yrs,Asphalt roads,Wet or damp,Daylight,Normal,No priority to vehicle,2,990
4759,31-50,Male,Unknown,Asphalt roads,Dry,Daylight,Normal,Changing lane to the left,2,687
4760,Over 51,Male,Unknown,Other,Dry,Daylight,Normal,No distancing,2,3623
4769,Unknown,Male,Unknown,Asphalt roads,Dry,Daylight,Normal,Moving Backward,2,1260
4771,Under 18,Male,Unknown,Asphalt roads,Dry,Daylight,Unknown,Changing lane to the left,2,510
4774,18-30,Male,1-2yr,Asphalt roads,Dry,Daylight,Normal,Moving Backward,1,3417
4775,18-30,Male,Above 10yr,Asphalt roads,Dry,Darkness - no lighting,Normal,Changing lane to the right,1,2965
4776,18-30,Male,Unknown,Asphalt roads,Dry,Darkness - no lighting,Normal,Changing lane to the left,1,2966
4779,18-30,Male,Unknown,Asphalt roads,Dry,Darkness - lights lit,Other,No priority to vehicle,2,596
4780,Unknown,Male,2-5yrs,Asphalt roads,Dry,Daylight,Normal,Driving under the influence of drugs,2,2415
4781,31-50,Male,Unknown,Asphalt roads,Dry,Daylight,Normal,Changing lane to the right,2,2413
4783,Over 51,Female,Unknown,Asphalt roads,Dry,Daylight,Normal,No distancing,2,2412
4784,18-30,Male,5-10yrs,Asphalt roads,Dry,Daylight,Other,Changing lane to the left,2,474
4785,31-50,Male,Unknown,Asphalt roads,Dry,Daylight,Unknown,Changing lane to the right,2,770
4789,31-50,Male,Above 10yr,Asphalt roads,Dry,Daylight,Normal,Changing lane to the left,2,1662
4790,Over 51,Male,1-2yr,Asphalt roads,Dry,Daylight,Normal,No priority to pedestrian,1,290
4791,Over 51,Male,Above 10yr,Asphalt roads,Dry,Daylight,Normal,No distancing,1,289
4792,18-30,Male,Below 1yr,Asphalt roads,Dry,Daylight,Normal,No distancing,2,2438
4793,18-30,Male,Above 10yr,Asphalt roads,Dry,Daylight,Normal,Changing lane to the left,2,2437
4794,Over 51,Male,Unknown,Asphalt roads,Dry,Daylight,Normal,Changing lane to the right,2,2435
4795,Unknown,Male,1-2yr,Earth roads,Wet or damp,Darkness - no lighting,Raining,Driving carelessly,2,2088
4796,18-30,Male,1-2yr,Asphalt roads,Dry,Daylight,Normal,No distancing,1,1768
4799,Under 18,Male,Above 10yr,Asphalt roads,Dry,Daylight,Normal,No distancing,2,1038
4807,31-50,Male,Above 10yr,Asphalt roads,Dry,Daylight,Normal,No priority to vehicle,2,413
4809,31-50,Male,Above 10yr,Asphalt roads,Dry,Daylight,Normal,Changing lane to the left,1,353
4810,31-50,Male,5-10yrs,Asphalt roads,Dry,Daylight,Normal,Changing lane to the left,1,1694
4811,Unknown,Male,Above 10yr,Asphalt roads,Wet or damp,Daylight,Normal,Driving under the influence of drugs,2,3491
4812,18-30,Male,Above 10yr,Asphalt roads,Wet or damp,Daylight,Normal,Moving Backward,2,3490
4817,Unknown,Female,Above 10yr,Asphalt roads,Wet or damp,Darkness - lights lit,Normal,No distancing,2,2843
4818,31-50,Male,Above 10yr,Asphalt roads,Wet or damp,Darkness - lights lit,Normal,Driving carelessly,2,600
4819,31-50,Male,Above 10yr,Asphalt roads,Wet or damp,Darkness - lights lit,Raining,No priority to pedestrian,2,3083
4820,31-50,Male,5-10yrs,Asphalt roads,Wet or damp,Darkness - lights lit,Raining,No priority to vehicle,2,3081
4822,31-50,Male,5-10yrs,Asphalt roads,Dry,Darkness - lights lit,Normal,Changing lane to the right,2,2757
4826,18-30,Male,2-5yrs,Asphalt roads,Dry,Darkness - lights lit,Unknown,Moving Backward,2,343
4828,18-30,Male,1-2yr,Asphalt roads,Dry,Daylight,Normal,Changing lane to the right,1,721
4830,Under 18,Male,5-10yrs,Asphalt roads,Dry,Daylight,Normal,Getting off the vehicle improperly,1,722
4831,Unknown,Male,Above 10yr,Asphalt roads,Dry,Daylight,Normal,No distancing,1,418
4832,18-30,Male,2-5yrs,Asphalt roads,Dry,Daylight,Normal,No distancing,1,417
4834,31-50,Male,2-5yrs,Asphalt roads,Dry,Daylight,Windy,No priority to vehicle,2,2046
4835,31-50,Male,2-5yrs,Asphalt roads,Dry,Daylight,Normal,Driving carelessly,1,3438
4836,Under 18,Male,1-2yr,Earth roads,Dry,Daylight,Normal,Changing lane to the right,1,3437
4841,Unknown,Female,1-2yr,Asphalt roads,Dry,Darkness - lights lit,Unknown,Changing lane to the left,2,2792
4842,Under 18,Male,Unknown,Asphalt roads,Dry,Daylight,Normal,Getting off the vehicle improperly,2,713
4843,31-50,Male,Unknown,Asphalt roads,Dry,Daylight,Normal,Overloading,2,3442
4844,18-30,Male,Unknown,Gravel roads,Dry,Daylight,Normal,Driving carelessly,2,3464
4846,18-30,Male,Unknown,Asphalt roads,Dry,Daylight,Normal,No distancing,2,157
4848,Under 18,Male,1-2yr,Other,Wet or damp,Daylight,Raining,Driving carelessly,1,142
4849,18-30,Unknown,2-5yrs,Asphalt roads,Dry,Darkness - lights lit,Normal,No priority to pedestrian,2,2821
4850,Unknown,Female,2-5yrs,Asphalt roads,Dry,Darkness - lights lit,Normal,No distancing,2,2813
4854,31-50,Male,5-10yrs,Asphalt roads,Wet or damp,Daylight,Raining,Changing lane to the right,2,1015
4858,31-50,Male,1-2yr,Asphalt roads,Dry,Daylight,Normal,Driving carelessly,2,1622
4860,18-30,Male,Unknown,Asphalt roads,Dry,Daylight,Normal,Driving carelessly,2,1351
4862,18-30,Male,Unknown,Asphalt roads,Dry,Darkness - lights lit,Normal,Changing lane to the right,2,620
4871,18-30,Male,Unknown,Asphalt roads,Dry,Daylight,Normal,Moving Backward,1,1382
4880,Under 18,Male,1-2yr,Asphalt roads,Dry,Daylight,Normal,No distancing,2,1888
4888,18-30,Male,Below 1yr,Asphalt roads,Wet or damp,Daylight,Raining,Driving carelessly,2,2077
4889,Over 51,Male,Unknown,Asphalt roads,Wet or damp,Daylight,Raining,No priority to pedestrian,2,432
4892,31-50,Male,2-5yrs,Asphalt roads,Wet or damp,Daylight,Normal,Drunk driving,2,672
4895,31-50,Male,1-2yr,Asphalt roads,Dry,Daylight,Normal,Driving to the left,2,5
4896,31-50,Male,Above 10yr,Asphalt roads,Dry,Daylight,Normal,Changing lane to the left,2,18
4897,18-30,Male,Above 10yr,Asphalt roads,Dry,Daylight,Normal,Driving under the influence of drugs,2,905
4902,Under 18,Male,1-2yr,Gravel roads,Wet or damp,Darkness - lights lit,Raining,Changing lane to the right,2,2627
4903,Unknown,Female,Below 1yr,Asphalt roads,Dry,Darkness - lights lit,Unknown,No priority to vehicle,2,2293
4905,Under 18,Male,Unknown,Asphalt roads,Dry,Darkness - lights lit,Unknown,Overtaking,2,2301
4906,Unknown,Female,Unknown,Asphalt roads,Dry,Daylight,Normal,Changing lane to the left,2,35
4907,Over 51,Male,Unknown,Asphalt roads,Dry,Daylight,Normal,Changing lane to the right,2,277
4908,Unknown,Male,Unknown,Earth roads,Dry,Daylight,Normal,Overtaking,2,69
4909,18-30,Male,Unknown,Asphalt roads,Dry,Daylight,Normal,Overloading,2,361
4910,Over 51,Male,Unknown,Asphalt roads,Dry,Daylight,Other,Other,2,3811
4911,31-50,Male,Unknown,Asphalt roads,Dry,Daylight,Other,No priority to vehicle,2,3818
4912,Unknown,Female,Unknown,Asphalt roads,Dry,Daylight,Unknown,Changing lane to the right,2,2239
4913,Under 18,Male,Unknown,Asphalt roads,Dry,Daylight,Unknown,Moving Backward,2,2232
4914,18-30,Male,Unknown,Asphalt roads,Dry,Daylight,Normal,Changing lane to the left,2,2467
4915,Unknown,Male,Unknown,Asphalt roads,Dry,Daylight,Normal,No priority to pedestrian,2,2466
4916,Unknown,Female,Unknown,Asphalt roads,Dry,Daylight,Normal,No distancing,2,1116
4921,18-30,Male,2-5yrs,Asphalt roads,Dry,Daylight,Unknown,Changing lane to the right,2,1471
4924,31-50,Male,2-5yrs,Asphalt roads,Dry,Daylight,Normal,Getting off the vehicle improperly,2,387
4925,31-50,Male,5-10yrs,Asphalt roads,Dry,Daylight,Normal,Overtaking,2,3579
4929,Over 51,Male,Unknown,Earth roads,Dry,Daylight,Raining,Other,2,762
4931,18-30,Female,Unknown,Asphalt roads,Dry,Daylight,Raining,Changing lane to the right,2,3735
4935,Unknown,Male,Unknown,Asphalt roads,Dry,Daylight,Normal,No priority to vehicle,2,1100
4938,31-50,Male,Unknown,Asphalt roads,Dry,Daylight,Normal,No priority to pedestrian,2,108
4941,Under 18,Male,Unknown,Asphalt roads,Dry,Daylight,Normal,Other,2,908
4944,Over 51,Male,Above 10yr,Asphalt roads,Dry,Daylight,Normal,Driving carelessly,1,37
4945,Unknown,Male,2-5yrs,Asphalt roads,Dry,Daylight,Unknown,Changing lane to the left,2,2125
4950,18-30,Unknown,Unknown,Asphalt roads,Dry,Daylight,Normal,Driving at high speed,2,877
4951,Unknown,Male,Unknown,Asphalt roads,Dry,Daylight,Normal,No distancing,2,2430
4952,31-50,Male,Unknown,Asphalt roads,Dry,Daylight,Normal,Changing lane to the right,2,2429
4960,31-50,Male,1-2yr,Asphalt roads,Dry,Daylight,Cloudy,No priority to pedestrian,2,484
4968,Under 18,Male,Below 1yr,Asphalt roads,Dry,Daylight,Normal,Driving at high speed,2,418
4969,18-30,Male,Unknown,Asphalt roads,Dry,Daylight,Normal,Unknown,2,1998
4972,31-50,Male,2-5yrs,Asphalt roads,Dry,Daylight,Unknown,Other,2,988
4975,Unknown,Female,1-2yr,Asphalt roads,Dry,Daylight,Unknown,No priority to pedestrian,2,1152
4976,Unknown,Male,Above 10yr,Asphalt roads,Dry,Daylight,Normal,Overtaking,1,3460
4977,18-30,Male,Above 10yr,Asphalt roads,Dry,Daylight,Normal,Driving carelessly,2,2280
4982,18-30,Male,1-2yr,Asphalt roads,Dry,Daylight,Normal,Changing lane to the right,2,327
4983,18-30,Male,Below 1yr,Asphalt roads,Dry,Daylight,Normal,Changing lane to the right,2,300
4985,Unknown,Male,Unknown,Asphalt roads,Dry,Daylight,Normal,Overturning,2,1951
4986,31-50,Male,Unknown,Asphalt roads,Dry,Daylight,Normal,Driving carelessly,2,1949
4987,Unknown,Male,Unknown,Asphalt roads,Dry,Daylight,Unknown,No distancing,2,2253
4988,Unknown,Male,Unknown,Asphalt roads,Dry,Daylight,Unknown,Driving carelessly,2,2230
4989,Unknown,Female,Unknown,Asphalt roads,Dry,Daylight,Normal,Changing lane to the left,2,347
4990,18-30,Male,Unknown,Asphalt roads,Dry,Daylight,Normal,No priority to vehicle,2,3192
4991,Under 18,Male,Unknown,Asphalt roads,Dry,Daylight,Normal,Changing lane to the right,2,2424
4992,31-50,Male,Unknown,Asphalt roads,Dry,Daylight,Normal,No distancing,2,2422
4993,31-50,Male,Unknown,Asphalt roads,Dry,Daylight,Normal,Moving Backward,2,1050
4994,Unknown,Female,Unknown,Asphalt roads,Dry,Darkness - lights lit,Normal,Moving Backward,2,2919
4995,Under 18,Male,Unknown,Asphalt roads,Dry,Darkness - lights lit,Normal,No distancing,2,2916
4996,18-30,Male,Unknown,Asphalt roads,Dry,Daylight,Normal,No distancing,2,3536
5001,18-30,Male,2-5yrs,Asphalt roads,Wet or damp,Darkness - lights lit,Raining,Changing lane to the left,2,3024
5004,31-50,Male,2-5yrs,Asphalt roads,Dry,Daylight,Normal,No distancing,2,3265
5005,18-30,Male,5-10yrs,Asphalt roads,Dry,Daylight,Normal,Other,2,2777
5009,18-30,Male,Unknown,Asphalt roads,Dry,Daylight,Normal,No distancing,1,299
5010,18-30,Male,Unknown,Asphalt roads,Dry,Daylight,Normal,Overturning,1,3181
5011,18-30,Male,Unknown,Asphalt roads,Dry,Daylight,Normal,Driving at high speed,1,669
5012,18-30,Male,Unknown,Asphalt roads,Dry,Darkness - lights lit,Normal,No priority to vehicle,2,52
5013,31-50,Male,Unknown,Asphalt roads,Dry,Darkness - lights lit,Normal,No priority to pedestrian,2,51
5014,Unknown,Female,Unknown,Asphalt roads,Dry,Daylight,Normal,No priority to vehicle,2,1049
5015,18-30,Male,Unknown,Asphalt roads,Dry,Daylight,Normal,Other,2,1048
5018,31-50,Male,Unknown,Asphalt roads,Dry,Daylight,Unknown,No distancing,2,770
5019,Over 51,Male,Unknown,Asphalt roads,Dry,Daylight,Normal,Moving Backward,2,278
5020,Over 51,Male,2-5yrs,Asphalt roads,Dry,Daylight,Normal,No priority to vehicle,2,1348
5026,Unknown,Male,1-2yr,Asphalt roads,Dry,Daylight,Normal,Driving carelessly,2,725
5030,31-50,Male,Unknown,Asphalt roads,Dry,Daylight,Unknown,No priority to pedestrian,2,53
5031,18-30,Male,5-10yrs,Asphalt roads,Dry,Daylight,Normal,No priority to vehicle,2,2121
5033,Over 51,Unknown,Unknown,Asphalt roads,Dry,Daylight,Normal,Turnover,2,3540
5035,Over 51,Male,Unknown,Asphalt roads,Dry,Daylight,Normal,Driving carelessly,2,530
5036,Under 18,Male,Unknown,Asphalt roads,Dry,Daylight,Normal,Driving to the left,2,120
5037,31-50,Male,Above 10yr,Asphalt roads,Dry,Daylight,Normal,Driving carelessly,2,733
5038,31-50,Male,5-10yrs,Asphalt roads,Dry,Daylight,Normal,No priority to pedestrian,2,3524
5039,Unknown,Male,5-10yrs,Asphalt roads,Dry,Daylight,Normal,Driving carelessly,2,2852
5040,18-30,Male,Above 10yr,Asphalt roads,Dry,Daylight,Normal,Changing lane to the right,2,2850
5041,31-50,Male,1-2yr,Asphalt roads,Wet or damp,Daylight,Raining,Moving Backward,2,1354
5042,31-50,Male,Above 10yr,Asphalt roads,Wet or damp,Daylight,Raining,Driving carelessly,2,1370
5043,18-30,Male,Above 10yr,Asphalt roads,Wet or damp,Daylight,Raining,Changing lane to the right,2,1794
5044,31-50,Male,Above 10yr,Asphalt roads,Wet or damp,Daylight,Raining,Driving carelessly,2,1789
5045,Unknown,Male,Above 10yr,Asphalt roads,Wet or damp,Daylight,Normal,Driving carelessly,2,1966
5046,31-50,Male,5-10yrs,Asphalt roads,Wet or damp,Daylight,Normal,Driving carelessly,2,1952
5048,Under 18,Male,1-2yr,Asphalt roads,Dry,Daylight,Normal,Changing lane to the right,1,7
5049,Under 18,Male,5-10yrs,Asphalt roads,Dry,Daylight,Normal,Driving carelessly,1,2483
5050,Under 18,Male,5-10yrs,Asphalt roads,Dry,Daylight,Normal,Overtaking,1,522
5051,31-50,Male,1-2yr,Asphalt roads,Dry,Daylight,Normal,Changing lane to the right,1,2475
5052,Unknown,Male,2-5yrs,Asphalt roads,Dry,Daylight,Normal,No distancing,1,2473
5053,18-30,Male,5-10yrs,Asphalt roads,Dry,Daylight,Normal,Other,2,789
5054,18-30,Male,5-10yrs,Asphalt roads,Dry,Daylight,Normal,Changing lane to the right,2,785
5055,Unknown,Female,1-2yr,Asphalt roads,Dry,Daylight,Normal,Changing lane to the right,2,786
5056,Unknown,Male,1-2yr,Asphalt roads,Dry,Daylight,Normal,Overtaking,2,787
5057,Unknown,Female,2-5yrs,Asphalt roads,Dry,Daylight,Normal,Other,2,361
5058,31-50,Male,Unknown,Asphalt roads,Dry,Daylight,Normal,Driving to the left,2,359
5059,31-50,Male,Unknown,Asphalt roads,Dry,Daylight,Normal,Overtaking,2,1725
5060,Under 18,Male,Unknown,Asphalt roads,Dry,Daylight,Normal,No priority to vehicle,2,360
5062,18-30,Male,Unknown,Asphalt roads,Dry,Daylight,Normal,Other,2,2310
5063,Under 18,Male,Unknown,Asphalt roads,Dry,Daylight,Normal,No priority to vehicle,2,1626
5064,Unknown,Male,Unknown,Asphalt roads,Dry,Daylight,Normal,No priority to pedestrian,2,333
5068,31-50,Male,2-5yrs,Asphalt roads,Dry,Darkness - lights lit,Normal,Driving to the left,2,2838
5075,18-30,Male,5-10yrs,Asphalt roads,Dry,Daylight,Normal,No priority to vehicle,2,559
5077,31-50,Male,Unknown,Asphalt roads,Dry,Darkness - lights lit,Normal,Other,2,2993
5087,31-50,Male,Unknown,Asphalt roads,Dry,Daylight,Normal,Other,2,741
5089,18-30,Male,Unknown,Asphalt roads,Dry,Daylight,Normal,No priority to pedestrian,2,409
5092,18-30,Male,1-2yr,Asphalt roads,Dry,Daylight,Normal,No distancing,2,3787
5093,Unknown,Male,Above 10yr,Asphalt roads,Dry,Daylight,Normal,No priority to pedestrian,2,277