,age_of_driver,Sex_of_driver,car_age,Road_surface_type,Road_surface_conditions,Light_conditions,Weather_conditions,Cause_of_accident,Accident_severity,accident history
5094,18-30,Male,Unknown,Asphalt roads,Dry,Daylight,Normal,Driving carelessly,2,569
5101,31-50,Male,Unknown,Asphalt roads,Dry,Daylight,Normal,No distancing,2,2349
5102,18-30,Male,5-10yrs,Asphalt roads,Dry,Daylight,Normal,No distancing,2,490
5103,Over 51,Male,Unknown,Asphalt roads,Dry,Daylight,Normal,Changing lane to the left,1,96
5107,31-50,Male,Above 10yr,Gravel roads,Dry,Daylight,Normal,No priority to vehicle,1,430
5108,31-50,Male,1-2yr,Asphalt roads,Dry,Daylight,Normal,Moving Backward,1,432
5109,Unknown,Male,Above 10yr,Asphalt roads,Dry,Daylight,Normal,Turnover,2,169
5110,Under 18,Male,Below 1yr,Asphalt roads,Dry,Daylight,Normal,No distancing,2,3599
5111,18-30,Male,Above 10yr,Asphalt roads,Dry,Daylight,Normal,No distancing,2,342
5112,18-30,Male,Unknown,Asphalt roads,Dry,Daylight,Normal,No distancing,2,172
5113,Unknown,Female,1-2yr,Asphalt roads,Dry,Daylight,Normal,Changing lane to the left,2,1679
5114,Unknown,Male,1-2yr,Asphalt roads,Dry,Daylight,Normal,No priority to vehicle,2,1677
5117,Unknown,Female,Above 10yr,Asphalt roads with some distress,Dry,Daylight,Normal,Other,2,519
5125,18-30,Male,Above 10yr,Asphalt roads,Dry,Daylight,Normal,No distancing,2,3394
5126,31-50,Male,Above 10yr,Asphalt roads,Dry,Daylight,Normal,Moving Backward,0,356
5127,31-50,Male,5-10yrs,Asphalt roads,Dry,Daylight,Normal,No distancing,0,357
5130,Over 51,Male,5-10yrs,Asphalt roads,Wet or damp,Daylight,Raining,No priority to pedestrian,2,490
5133,18-30,Male,Above 10yr,Asphalt roads,Dry,Daylight,Normal,Driving carelessly,2,29
5134,Over 51,Male,1-2yr,Asphalt roads,Dry,Daylight,Normal,No priority to pedestrian,2,2531
5135,Unknown,Male,2-5yrs,Asphalt roads,Dry,Daylight,Normal,Getting off the vehicle improperly,2,2529
5136,Over 51,Male,Unknown,Asphalt roads,Dry,Daylight,Normal,No distancing,2,149
5138,Unknown,Male,2-5yrs,Asphalt roads,Dry,Daylight,Normal,No priority to vehicle,2,1616
5139,Unknown,Male,Above 10yr,Asphalt roads,Dry,Daylight,Normal,No distancing,2,1614
5140,31-50,Male,1-2yr,Asphalt roads,Dry,Daylight,Normal,No priority to pedestrian,2,1507
5144,Unknown,Male,Above 10yr,Asphalt roads,Wet or damp,Daylight,Raining,Changing lane to the right,2,1689
5145,31-50,Male,5-10yrs,Asphalt roads,Dry,Daylight,Normal,Changing lane to the left,2,2808
5147,31-50,Male,5-10yrs,Asphalt roads,Dry,Daylight,Normal,Driving carelessly,1,3582
5151,18-30,Male,Above 10yr,Asphalt roads,Dry,Darkness - lights lit,Normal,Changing lane to the left,2,3079
5152,18-30,Male,2-5yrs,Asphalt roads,Dry,Darkness - lights lit,Normal,Changing lane to the right,2,3073
5153,Unknown,Male,2-5yrs,Asphalt roads,Dry,Daylight,Normal,Driving carelessly,2,1009
5157,18-30,Male,Below 1yr,Asphalt roads,Dry,Daylight,Normal,Changing lane to the right,1,701
5158,18-30,Male,5-10yrs,Asphalt roads,Dry,Daylight,Normal,Driving carelessly,1,715
5160,31-50,Male,1-2yr,Asphalt roads,Dry,Daylight,Normal,Turnover,2,1121
5161,Unknown,Male,2-5yrs,Asphalt roads,Dry,Daylight,Normal,Changing lane to the right,2,1123
5163,Unknown,Female,2-5yrs,Asphalt roads,Wet or damp,Daylight,Raining,No priority to vehicle,2,411
5167,Unknown,Male,5-10yrs,Asphalt roads,Dry,Daylight,Normal,No distancing,1,862
5169,Unknown,Male,Unknown,Asphalt roads,Dry,Daylight,Normal,No distancing,2,455
5173,Unknown,Male,Unknown,Asphalt roads,Dry,Daylight,Normal,No distancing,2,1601
5177,Unknown,Male,5-10yrs,Asphalt roads,Dry,Daylight,Normal,No distancing,2,3652
5178,Unknown,Female,2-5yrs,Asphalt roads,Dry,Daylight,Normal,No distancing,2,283
5184,18-30,Male,Above 10yr,Asphalt roads,Dry,Daylight,Normal,No distancing,2,434
5187,18-30,Male,1-2yr,Gravel roads,Dry,Daylight,Normal,Other,2,2759
5191,31-50,Male,2-5yrs,Asphalt roads,Dry,Daylight,Normal,Changing lane to the left,2,1738
5192,Under 18,Male,5-10yrs,Asphalt roads,Dry,Daylight,Normal,Changing lane to the left,2,366
5193,31-50,Male,Above 10yr,Asphalt roads,Dry,Daylight,Normal,Overtaking,2,365
5194,18-30,Male,2-5yrs,Asphalt roads,Dry,Daylight,Normal,No distancing,2,757
5198,18-30,Male,1-2yr,Asphalt roads,Dry,Daylight,Normal,No distancing,1,1586
5204,Unknown,Male,5-10yrs,Asphalt roads,Dry,Daylight,Normal,No distancing,2,104
5206,18-30,Male,Unknown,Asphalt roads,Dry,Daylight,Normal,Changing lane to the left,2,997
5207,18-30,Male,1-2yr,Asphalt roads,Dry,Daylight,Normal,Changing lane to the left,2,998
5208,Unknown,Male,Unknown,Earth roads,Dry,Daylight,Normal,Moving Backward,2,941
5215,Unknown,Male,2-5yrs,Asphalt roads,Dry,Darkness - lights lit,Normal,Overtaking,2,2632
5217,18-30,Male,Unknown,Asphalt roads,Dry,Daylight,Normal,Other,1,1475
5218,18-30,Male,Above 10yr,Asphalt roads with some distress,Dry,Daylight,Normal,No priority to vehicle,1,60
5220,18-30,Male,Unknown,Asphalt roads,Dry,Darkness - lights lit,Normal,Moving Backward,1,2860
5221,Unknown,Male,2-5yrs,Asphalt roads,Dry,Daylight,Normal,Changing lane to the left,1,892
5223,Over 51,Male,5-10yrs,Asphalt roads,Dry,Daylight,Normal,No distancing,2,476
5233,18-30,Male,Above 10yr,Asphalt roads,Dry,Daylight,Normal,Overloading,2,456
5234,31-50,Male,5-10yrs,Asphalt roads,Wet or damp,Daylight,Raining,Changing lane to the right,2,772
5240,31-50,Male,Above 10yr,Asphalt roads,Dry,Daylight,Normal,Overspeed,2,2390
5241,Over 51,Male,1-2yr,Asphalt roads,Dry,Daylight,Normal,Changing lane to the left,2,103
5242,18-30,Male,2-5yrs,Asphalt roads,Dry,Daylight,Normal,No priority to vehicle,2,443
5243,Unknown,Male,Unknown,Asphalt roads,Dry,Daylight,Normal,Changing lane to the right,1,2904
5245,Unknown,Male,2-5yrs,Asphalt roads,Dry,Daylight,Normal,No priority to pedestrian,1,260
5246,Unknown,Male,Above 10yr,Asphalt roads,Wet or damp,Daylight,Raining,No distancing,2,2440
5247,31-50,Male,1-2yr,Asphalt roads,Wet or damp,Daylight,Raining,No priority to vehicle,2,2441
5251,18-30,Male,Above 10yr,Asphalt roads,Dry,Daylight,Normal,Driving carelessly,1,153
5252,18-30,Male,5-10yrs,Asphalt roads,Wet or damp,Daylight,Raining,Changing lane to the left,2,875
5254,Over 51,Male,5-10yrs,Asphalt roads,Wet or damp,Daylight,Raining,No distancing,2,876
5258,18-30,Male,Above 10yr,Asphalt roads,Dry,Daylight,Normal,No distancing,2,2590
5259,31-50,Male,2-5yrs,Asphalt roads,Dry,Daylight,Normal,Changing lane to the right,2,1092
5260,18-30,Male,2-5yrs,Asphalt roads,Dry,Daylight,Normal,Changing lane to the left,2,519
5264,Unknown,Male,Below 1yr,Asphalt roads,Dry,Daylight,Normal,No distancing,2,3825
5265,Unknown,Female,5-10yrs,Asphalt roads,Dry,Daylight,Normal,No priority to vehicle,2,223
5267,18-30,Male,1-2yr,Asphalt roads,Dry,Darkness - lights lit,Normal,No priority to pedestrian,2,2906
5268,18-30,Male,2-5yrs,Asphalt roads,Dry,Darkness - lights lit,Normal,No distancing,2,612
5270,31-50,Male,2-5yrs,Asphalt roads,Dry,Daylight,Normal,Driving carelessly,2,3749
5274,18-30,Male,5-10yrs,Asphalt roads,Wet or damp,Daylight,Normal,Driving to the left,1,1709
5276,31-50,Male,Unknown,Asphalt roads,Dry,Daylight,Normal,Unknown,2,3424
5280,Unknown,Female,Unknown,Asphalt roads,Wet or damp,Daylight,Unknown,No priority to vehicle,2,1254
5284,18-30,Male,5-10yrs,Asphalt roads,Dry,Daylight,Normal,Driving carelessly,2,819
5285,31-50,Male,2-5yrs,Asphalt roads,Dry,Darkness - lights lit,Normal,No priority to vehicle,2,3194
5291,Over 51,Male,Above 10yr,Asphalt roads,Dry,Daylight,Normal,Changing lane to the left,2,183
5294,Over 51,Male,1-2yr,Asphalt roads,Dry,Daylight,Normal,No distancing,2,196
5298,Unknown,Male,2-5yrs,Asphalt roads,Dry,Daylight,Normal,Changing lane to the right,2,149
5299,31-50,Male,5-10yrs,Asphalt roads,Wet or damp,Daylight,Raining,No distancing,2,274
5300,18-30,Male,Above 10yr,Asphalt roads,Wet or damp,Daylight,Raining,Moving Backward,2,1332
5301,Over 51,Male,2-5yrs,Asphalt roads,Dry,Daylight,Normal,Moving Backward,2,388
5305,31-50,Male,1-2yr,Asphalt roads,Dry,Daylight,Normal,No priority to pedestrian,2,2345
5311,18-30,Male,5-10yrs,Earth roads,Wet or damp,Daylight,Raining,No distancing,2,362
5313,31-50,Male,Unknown,Asphalt roads,Wet or damp,Daylight,Raining,Changing lane to the right,2,1627
5314,31-50,Male,1-2yr,Asphalt roads,Dry,Daylight,Unknown,Changing lane to the right,2,3802
5315,18-30,Male,Unknown,Asphalt roads,Dry,Daylight,Normal,No distancing,2,1969
5322,31-50,Male,2-5yrs,Asphalt roads,Dry,Daylight,Normal,Other,2,284
5324,18-30,Male,Unknown,Asphalt roads,Dry,Daylight,Normal,Moving Backward,2,1411
5325,18-30,Male,Above 10yr,Asphalt roads,Dry,Daylight,Normal,No distancing,2,287
5327,Over 51,Male,Unknown,Asphalt roads,Dry,Daylight,Normal,No priority to vehicle,2,89
5328,Over 51,Male,2-5yrs,Asphalt roads,Dry,Darkness - lights lit,Normal,Driving carelessly,1,2822
5330,Over 51,Male,5-10yrs,Asphalt roads,Dry,Darkness - lights lit,Normal,Other,1,127
5342,Unknown,Female,Unknown,Asphalt roads,Dry,Darkness - lights lit,Other,Driving carelessly,2,500
5344,Unknown,Female,Unknown,Asphalt roads,Dry,Darkness - lights lit,Other,Driving carelessly,2,2373
5350,18-30,Male,Unknown,Asphalt roads,Dry,Darkness - lights lit,Normal,Changing lane to the right,2,2807
5351,18-30,Male,Unknown,Asphalt roads,Dry,Darkness - lights lit,Normal,Driving carelessly,2,2806
5352,18-30,Male,Unknown,Asphalt roads,Dry,Darkness - lights lit,Normal,Driving carelessly,2,2805
5354,31-50,Unknown,Unknown,Asphalt roads,Wet or damp,Darkness - lights lit,Raining,Changing lane to the right,0,3011
5362,31-50,Male,Unknown,Asphalt roads,Dry,Daylight,Other,Changing lane to the right,2,2044
5365,Unknown,Female,2-5yrs,Asphalt roads,Dry,Daylight,Normal,Driving to the left,1,3294
5380,Over 51,Male,Above 10yr,Asphalt roads,Dry,Darkness - lights lit,Normal,No distancing,2,48
5383,18-30,Male,Unknown,Asphalt roads,Dry,Daylight,Normal,Changing lane to the right,2,2170
5384,Under 18,Male,5-10yrs,Asphalt roads,Dry,Daylight,Normal,Other,2,1653
5385,18-30,Male,Unknown,Asphalt roads,Dry,Daylight,Normal,No distancing,2,1650
5386,18-30,Male,Unknown,Asphalt roads,Dry,Daylight,Normal,Driving carelessly,2,3311
5387,Unknown,Male,Unknown,Asphalt roads,Dry,Daylight,Normal,No distancing,2,3312
5388,Over 51,Male,Unknown,Asphalt roads,Dry,Daylight,Normal,Moving Backward,2,1179
5389,Unknown,Male,5-10yrs,Asphalt roads,Dry,Daylight,Normal,No distancing,2,54
5390,31-50,Male,Unknown,Asphalt roads,Dry,Daylight,Normal,Moving Backward,2,477
5401,Unknown,Female,5-10yrs,Asphalt roads,Dry,Daylight,Unknown,Driving carelessly,1,420
5408,Over 51,Male,Unknown,Asphalt roads,Dry,Darkness - lights lit,Normal,No distancing,2,3015
5411,Under 18,Male,5-10yrs,Asphalt roads,Dry,Daylight,Normal,Changing lane to the right,2,376
5412,18-30,Male,5-10yrs,Asphalt roads,Dry,Darkness - lights lit,Normal,No priority to vehicle,2,610
5418,18-30,Male,5-10yrs,Asphalt roads,Dry,Daylight,Normal,No distancing,2,1913
5421,18-30,Male,2-5yrs,Asphalt roads,Dry,Daylight,Normal,No priority to vehicle,2,237
5423,31-50,Male,2-5yrs,Asphalt roads,Dry,Daylight,Normal,Overtaking,2,87
5425,18-30,Male,Unknown,Gravel roads,Dry,Daylight,Normal,Changing lane to the left,2,964
5434,18-30,Male,Below 1yr,Asphalt roads,Dry,Daylight,Normal,No distancing,2,871
5435,18-30,Male,2-5yrs,Asphalt roads with some distress,Dry,Daylight,Normal,Changing lane to the left,2,873
5437,31-50,Male,5-10yrs,Asphalt roads,Dry,Daylight,Normal,No priority to pedestrian,2,2316
5438,31-50,Male,Unknown,Asphalt roads,Dry,Daylight,Normal,Changing lane to the left,2,489
5440,31-50,Male,1-2yr,Asphalt roads,Dry,Daylight,Normal,Driving carelessly,2,2326
5441,Unknown,Male,Above 10yr,Asphalt roads,Dry,Daylight,Normal,No priority to pedestrian,2,252
5442,Unknown,Male,2-5yrs,Asphalt roads,Wet or damp,Darkness - lights lit,Normal,Getting off the vehicle improperly,2,2819
5443,31-50,Male,1-2yr,Asphalt roads,Wet or damp,Darkness - lights lit,Normal,No distancing,2,2810
5444,18-30,Male,1-2yr,Asphalt roads,Wet or damp,Darkness - no lighting,Raining,Changing lane to the left,1,313
5445,18-30,Male,1-2yr,Asphalt roads,Dry,Daylight,Normal,No priority to vehicle,2,190
5446,Over 51,Male,2-5yrs,Asphalt roads,Dry,Daylight,Normal,No distancing,2,1769
5447,18-30,Male,1-2yr,Asphalt roads,Dry,Daylight,Normal,No priority to pedestrian,2,3244
5448,18-30,Male,1-2yr,Asphalt roads,Dry,Daylight,Normal,No priority to pedestrian,2,3247
5449,31-50,Male,Unknown,Asphalt roads,Dry,Daylight,Normal,No priority to vehicle,1,1141
5451,Unknown,Male,1-2yr,Asphalt roads,Dry,Daylight,Normal,Changing lane to the right,1,220
5452,18-30,Male,1-2yr,Asphalt roads,Dry,Daylight,Normal,Changing lane to the left,1,1299
5453,Under 18,Male,Below 1yr,Asphalt roads,Dry,Daylight,Normal,Moving Backward,1,1300
5456,Under 18,Male,Above 10yr,Asphalt roads,Dry,Daylight,Normal,Driving to the left,2,3657
5459,31-50,Male,2-5yrs,Asphalt roads,Wet or damp,Daylight,Raining,Changing lane to the right,2,3695
5460,Over 51,Male,2-5yrs,Asphalt roads,Wet or damp,Daylight,Raining,Driving carelessly,2,3705
5461,18-30,Male,2-5yrs,Asphalt roads,Wet or damp,Daylight,Raining,No distancing,2,3643
5463,18-30,Male,2-5yrs,Asphalt roads,Dry,Daylight,Normal,Driving under the influence of drugs,2,3242
5466,18-30,Male,Above 10yr,Asphalt roads,Dry,Daylight,Normal,Moving Backward,2,2065
5467,Unknown,Female,2-5yrs,Asphalt roads,Dry,Daylight,Normal,Turnover,2,429
5468,Under 18,Male,Above 10yr,Asphalt roads,Dry,Daylight,Normal,Changing lane to the right,2,1347
5469,Unknown,Male,Above 10yr,Asphalt roads,Dry,Daylight,Normal,Driving carelessly,2,1359
5471,31-50,Male,Above 10yr,Asphalt roads,Dry,Daylight,Normal,Moving Backward,2,3633
5477,Unknown,Female,Unknown,Asphalt roads,Dry,Daylight,Normal,Changing lane to the left,2,760
5500,18-30,Male,5-10yrs,Asphalt roads with some distress,Dry,Daylight,Normal,Overtaking,2,222
5501,18-30,Male,Unknown,Asphalt roads,Dry,Darkness - lights lit,Normal,No distancing,2,2775
5510,Unknown,Female,2-5yrs,Asphalt roads,Dry,Darkness - lights lit,Normal,No distancing,2,608
5512,18-30,Male,5-10yrs,Asphalt roads,Wet or damp,Darkness - lights lit,Normal,No distancing,2,2519
5520,31-50,Male,Unknown,Asphalt roads,Dry,Daylight,Unknown,Driving carelessly,2,1804
5523,31-50,Male,Unknown,Asphalt roads,Dry,Daylight,Unknown,No priority to vehicle,2,1798
5537,18-30,Male,Above 10yr,Asphalt roads,Wet or damp,Daylight,Normal,Overloading,1,54
5539,18-30,Male,Unknown,Asphalt roads,Wet or damp,Daylight,Other,No priority to vehicle,2,2
5561,18-30,Male,1-2yr,Asphalt roads,Dry,Daylight,Unknown,Overspeed,2,396
5562,31-50,Male,5-10yrs,Asphalt roads,Wet or damp,Darkness - lights lit,Other,Changing lane to the left,1,3190
5568,Under 18,Male,1-2yr,Asphalt roads,Wet or damp,Daylight,Normal,No priority to vehicle,2,995
5569,18-30,Male,1-2yr,Asphalt roads,Wet or damp,Daylight,Normal,Other,2,105
5570,18-30,Male,1-2yr,Asphalt roads,Wet or damp,Darkness - lights lit,Other,Driving carelessly,2,1970
5571,31-50,Male,Unknown,Asphalt roads,Wet or damp,Darkness - lights lit,Other,Changing lane to the left,2,410
5576,31-50,Male,Above 10yr,Asphalt roads,Dry,Daylight,Normal,Changing lane to the right,2,690
5580,31-50,Male,1-2yr,Earth roads,Dry,Daylight,Unknown,Changing lane to the right,2,3647
5587,Under 18,Male,Above 10yr,Asphalt roads,Dry,Daylight,Normal,Overtaking,2,520
5593,31-50,Male,1-2yr,Asphalt roads,Wet or damp,Darkness - no lighting,Raining,Overtaking,1,3251
5595,31-50,Male,2-5yrs,Asphalt roads,Wet or damp,Darkness - lights lit,Raining,Driving to the left,2,565
5600,31-50,Male,Above 10yr,Asphalt roads,Dry,Darkness - lights lit,Normal,Other,2,2742
5602,31-50,Male,Above 10yr,Asphalt roads,Dry,Darkness - lights lit,Normal,Changing lane to the left,2,2034
5605,31-50,Male,5-10yrs,Asphalt roads,Dry,Daylight,Other,Driving carelessly,2,3816
5607,31-50,Male,Unknown,Asphalt roads,Dry,Daylight,Normal,No priority to pedestrian,2,1570
5608,Unknown,Male,Unknown,Asphalt roads,Dry,Daylight,Normal,Changing lane to the right,2,1315
5609,Unknown,Male,Unknown,Asphalt roads,Dry,Daylight,Normal,Driving carelessly,2,1485
5610,Over 51,Male,5-10yrs,Asphalt roads,Dry,Darkness - lights lit,Normal,Changing lane to the right,2,392
5612,Unknown,Male,5-10yrs,Gravel roads,Wet or damp,Darkness - lights lit,Raining,Changing lane to the left,2,1751
5613,Unknown,Male,2-5yrs,Gravel roads,Dry,Daylight,Normal,Overturning,2,3763
5622,Over 51,Male,Unknown,Asphalt roads,Wet or damp,Daylight,Normal,Overtaking,2,162
5624,18-30,Male,Above 10yr,Asphalt roads,Wet or damp,Darkness - lights lit,Raining,Changing lane to the right,2,1674
5625,31-50,Male,Above 10yr,Asphalt roads,Wet or damp,Darkness - lights lit,Unknown,Overtaking,2,2541
5626,Unknown,Female,Above 10yr,Asphalt roads,Wet or damp,Darkness - lights lit,Unknown,Overloading,2,2540
5630,Under 18,Male,2-5yrs,Asphalt roads,Wet or damp,Daylight,Normal,Moving Backward,2,3614
5631,Unknown,Female,Below 1yr,Asphalt roads,Dry,Darkness - lights lit,Normal,Changing lane to the left,2,2
5637,Under 18,Male,Above 10yr,Earth roads,Wet or damp,Daylight,Raining,Moving Backward,2,888
5638,18-30,Male,Above 10yr,Asphalt roads,Wet or damp,Daylight,Raining,Changing lane to the right,2,889
5640,31-50,Male,2-5yrs,Asphalt roads,Wet or damp,Daylight,Normal,Moving Backward,1,773
5643,Over 51,Male,2-5yrs,Asphalt roads,Dry,Darkness - lights lit,Normal,Overloading,2,2129
5655,Over 51,Male,2-5yrs,Asphalt roads,Dry,Darkness - lights lit,Normal,No priority to pedestrian,2,2571
5656,31-50,Male,2-5yrs,Asphalt roads,Dry,Darkness - lights lit,Normal,No distancing,2,285
5657,31-50,Male,Above 10yr,Asphalt roads,Dry,Darkness - lights lit,Normal,No priority to vehicle,2,2570
5658,Over 51,Male,Unknown,Asphalt roads,Dry,Daylight,Normal,Other,2,3531
5659,Unknown,Male,Above 10yr,Asphalt roads,Dry,Daylight,Normal,Driving carelessly,2,49
5660,31-50,Male,Below 1yr,Asphalt roads,Dry,Daylight,Normal,Changing lane to the left,2,50
5661,Under 18,Male,Unknown,Asphalt roads,Dry,Daylight,Normal,Driving carelessly,1,19
5662,Over 51,Male,Unknown,Asphalt roads,Dry,Daylight,Normal,Changing lane to the left,1,25
5663,31-50,Male,Unknown,Asphalt roads,Dry,Daylight,Normal,No priority to vehicle,2,890
5666,31-50,Male,1-2yr,Asphalt roads,Dry,Daylight,Normal,Changing lane to the right,2,891
5667,31-50,Male,Above 10yr,Asphalt roads,Dry,Daylight,Normal,Driving at high speed,2,462
5668,Unknown,Male,Unknown,Asphalt roads,Dry,Daylight,Unknown,No distancing,2,1735
5673,Unknown,Male,2-5yrs,Asphalt roads,Dry,Daylight,Unknown,Other,1,1349
5674,18-30,Male,Unknown,Asphalt roads,Dry,Daylight,Normal,No distancing,2,1372
5681,Over 51,Male,Unknown,Asphalt roads,Wet or damp,Daylight,Raining,Changing lane to the right,2,2357
5683,18-30,Male,Unknown,Asphalt roads,Dry,Daylight,Normal,Other,1,1238
5684,18-30,Male,Unknown,Asphalt roads,Dry,Daylight,Normal,Driving to the left,1,1233
5685,18-30,Male,Above 10yr,Asphalt roads,Dry,Daylight,Normal,Driving at high speed,2,233
5689,Unknown,Male,5-10yrs,Asphalt roads,Dry,Darkness - lights lit,Normal,Other,2,2943
5690,18-30,Male,2-5yrs,Asphalt roads,Dry,Darkness - lights lit,Normal,No priority to vehicle,2,2944
5691,Unknown,Male,Unknown,Asphalt roads,Dry,Darkness - lights lit,Normal,Changing lane to the left,2,2947
5692,Under 18,Male,Unknown,Asphalt roads,Dry,Daylight,Unknown,No priority to pedestrian,2,3474
5693,18-30,Male,5-10yrs,Asphalt roads,Dry,Daylight,Unknown,Overtaking,2,721
5694,18-30,Male,Unknown,Asphalt roads,Dry,Daylight,Unknown,Driving carelessly,2,3479
5695,31-50,Male,Unknown,Asphalt roads,Dry,Daylight,Normal,No priority to vehicle,2,1534
5696,Unknown,Male,Unknown,Asphalt roads,Dry,Daylight,Unknown,No priority to pedestrian,2,3308
5697,Over 51,Male,Unknown,Asphalt roads,Dry,Daylight,Unknown,Changing lane to the right,2,3303
5698,18-30,Male,Unknown,Asphalt roads,Dry,Daylight,Normal,Driving carelessly,2,3753
5699,Over 51,Male,Unknown,Asphalt roads,Dry,Daylight,Normal,Changing lane to the right,2,3754
5700,31-50,Male,2-5yrs,Other,Dry,Daylight,Normal,Changing lane to the right,2,218
5703,18-30,Male,Above 10yr,Asphalt roads,Dry,Darkness - lights lit,Unknown,Driving carelessly,2,290
5704,31-50,Male,2-5yrs,Asphalt roads,Dry,Darkness - lights lit,Unknown,No distancing,2,2614
5705,Unknown,Male,2-5yrs,Asphalt roads,Dry,Daylight,Normal,Driving carelessly,2,1205
5706,31-50,Male,2-5yrs,Asphalt roads,Dry,Daylight,Normal,Changing lane to the left,2,1207
5707,31-50,Male,2-5yrs,Asphalt roads,Dry,Daylight,Normal,No priority to vehicle,2,255
5708,31-50,Male,2-5yrs,Other,Dry,Daylight,Normal,Changing lane to the right,2,256
5709,31-50,Male,1-2yr,Asphalt roads,Dry,Daylight,Normal,No distancing,2,1200
5710,31-50,Male,Unknown,Asphalt roads,Dry,Daylight,Normal,Moving Backward,2,1185
5711,Over 51,Male,Unknown,Asphalt roads,Wet or damp,Daylight,Raining,Moving Backward,2,744
5712,31-50,Male,Unknown,Asphalt roads,Wet or damp,Daylight,Raining,No distancing,2,748
5714,18-30,Male,Unknown,Asphalt roads,Dry,Darkness - lights lit,Normal,No distancing,2,2631
5716,31-50,Male,2-5yrs,Asphalt roads,Dry,Daylight,Normal,Driving carelessly,2,1361
5719,18-30,Male,5-10yrs,Asphalt roads,Dry,Daylight,Cloudy,Driving carelessly,1,727
5721,31-50,Male,Unknown,Asphalt roads,Dry,Darkness - no lighting,Normal,No distancing,2,2861
5722,31-50,Male,2-5yrs,Asphalt roads,Dry,Darkness - no lighting,Normal,Other,2,2863
5723,18-30,Male,2-5yrs,Asphalt roads with some distress,Dry,Darkness - no lighting,Normal,Changing lane to the right,2,2862
5725,31-50,Male,Unknown,Asphalt roads,Dry,Daylight,Normal,No distancing,2,679
5726,31-50,Male,5-10yrs,Asphalt roads,Dry,Daylight,Normal,No distancing,2,688
5727,31-50,Male,2-5yrs,Asphalt roads,Dry,Daylight,Normal,Overturning,2,1127
5728,Unknown,Male,1-2yr,Asphalt roads,Dry,Darkness - lights lit,Normal,Driving at high speed,1,2454
5729,31-50,Male,2-5yrs,Earth roads,Dry,Darkness - lights lit,Normal,No priority to vehicle,1,2452
5731,31-50,Male,Unknown,Asphalt roads,Dry,Daylight,Normal,No priority to vehicle,2,212
5732,18-30,Male,2-5yrs,Asphalt roads,Dry,Daylight,Normal,Other,2,1326
5733,18-30,Male,Unknown,Asphalt roads,Wet or damp,Daylight,Raining,Other,2,3369
5734,18-30,Male,1-2yr,Asphalt roads,Wet or damp,Daylight,Raining,Moving Backward,2,3368
5736,Over 51,Male,Unknown,Asphalt roads,Wet or damp,Daylight,Raining,Moving Backward,2,1002
5739,Under 18,Male,Unknown,Asphalt roads,Wet or damp,Darkness - lights lit,Normal,No distancing,2,2679
5740,Under 18,Male,Above 10yr,Asphalt roads,Wet or damp,Darkness - lights lit,Normal,Other,2,2678
5742,Unknown,Male,Above 10yr,Asphalt roads,Wet or damp,Darkness - lights lit,Normal,No distancing,2,2677
5743,31-50,Male,Unknown,Asphalt roads,Dry,Daylight,Normal,Driving carelessly,2,738
5744,Over 51,Male,Unknown,Asphalt roads,Dry,Darkness - no lighting,Normal,No distancing,2,2949
5745,Unknown,Male,2-5yrs,Asphalt roads,Dry,Daylight,Normal,No priority to vehicle,2,1522
5746,18-30,Male,Above 10yr,Asphalt roads,Dry,Daylight,Normal,Changing lane to the right,2,1526
5749,Over 51,Male,Unknown,Asphalt roads,Dry,Daylight,Normal,Changing lane to the left,2,1342
5750,Under 18,Male,Unknown,Asphalt roads,Dry,Daylight,Normal,Turnover,2,1360
5751,18-30,Male,Below 1yr,Asphalt roads,Dry,Darkness - lights lit,Other,Driving to the left,2,3098
5753,18-30,Male,Unknown,Asphalt roads,Wet or damp,Daylight,Normal,Driving to the left,2,552
5754,Under 18,Male,Unknown,Asphalt roads,Wet or damp,Daylight,Normal,Driving carelessly,2,556
5755,Unknown,Female,2-5yrs,Asphalt roads,Dry,Darkness - no lighting,Normal,No priority to pedestrian,2,3087
5756,31-50,Male,Unknown,Asphalt roads,Dry,Darkness - no lighting,Normal,Driving carelessly,2,3086
5757,Unknown,Male,Unknown,Asphalt roads,Dry,Daylight,Normal,Changing lane to the right,2,347
5758,31-50,Male,Unknown,Asphalt roads,Dry,Daylight,Normal,Moving Backward,2,340
5759,18-30,Male,5-10yrs,Asphalt roads,Dry,Daylight,Cloudy,Driving carelessly,2,764
5760,Over 51,Male,Above 10yr,Asphalt roads,Dry,Daylight,Cloudy,Changing lane to the right,2,3761
5761,18-30,Male,5-10yrs,Asphalt roads,Dry,Daylight,Normal,Driving carelessly,2,739
5762,18-30,Male,2-5yrs,Asphalt roads,Dry,Daylight,Normal,Driving carelessly,2,141
5763,Over 51,Male,2-5yrs,Other,Dry,Daylight,Normal,Driving carelessly,2,73
5765,18-30,Male,Unknown,Asphalt roads,Dry,Daylight,Normal,Changing lane to the right,2,714
5766,31-50,Male,Unknown,Asphalt roads,Dry,Daylight,Normal,Driving carelessly,2,695
5767,Unknown,Female,Above 10yr,Asphalt roads,Dry,Daylight,Normal,Overtaking,2,700
5768,18-30,Male,Unknown,Asphalt roads,Dry,Daylight,Normal,Changing lane to the right,2,1979
5769,31-50,Male,Above 10yr,Asphalt roads,Dry,Daylight,Normal,No distancing,2,1980
5774,Unknown,Male,2-5yrs,Asphalt roads,Dry,Daylight,Normal,Other,2,264
5776,18-30,Male,Unknown,Asphalt roads,Dry,Daylight,Normal,Overtaking,2,1282
5779,Over 51,Male,Unknown,Asphalt roads,Dry,Daylight,Normal,Other,2,252
5780,31-50,Male,Unknown,Asphalt roads,Dry,Daylight,Unknown,No priority to vehicle,2,783
5781,31-50,Male,Unknown,Asphalt roads,Dry,Daylight,Unknown,No priority to pedestrian,2,784