,age_of_driver,Sex_of_driver,car_age,Road_surface_type,Road_surface_conditions,Light_conditions,Weather_conditions,Cause_of_accident,Accident_severity,accident history
5782,Over 51,Male,Unknown,Asphalt roads,Dry,Daylight,Normal,Changing lane to the right,2,3178
5783,Under 18,Male,Unknown,Asphalt roads,Dry,Daylight,Normal,Changing lane to the right,2,3179
5784,Unknown,Male,Unknown,Asphalt roads,Dry,Daylight,Unknown,Changing lane to the right,2,3549
5785,31-50,Male,Unknown,Asphalt roads,Dry,Daylight,Unknown,Driving to the left,2,3550
5786,31-50,Male,Above 10yr,Asphalt roads,Dry,Darkness - lights lit,Normal,Changing lane to the left,2,2795
5787,Unknown,Female,Unknown,Other,Dry,Darkness - lights lit,Normal,Moving Backward,2,588
5788,31-50,Male,Above 10yr,Asphalt roads,Dry,Daylight,Normal,Driving at high speed,2,269
5789,Under 18,Male,1-2yr,Asphalt roads,Dry,Daylight,Normal,Moving Backward,2,268
5791,Unknown,Female,2-5yrs,Asphalt roads,Wet or damp,Daylight,Raining,Other,1,1017
5792,18-30,Male,Unknown,Asphalt roads,Wet or damp,Daylight,Raining,No priority to vehicle,1,1022
5793,31-50,Male,Unknown,Asphalt roads,Dry,Daylight,Normal,Changing lane to the right,2,3246
5794,31-50,Male,Unknown,Earth roads,Dry,Daylight,Normal,Other,2,354
5795,18-30,Male,Unknown,Asphalt roads,Wet or damp,Daylight,Normal,No distancing,2,270
5796,Over 51,Male,2-5yrs,Asphalt roads,Dry,Daylight,Normal,Driving carelessly,2,2193
5802,Unknown,Male,1-2yr,Asphalt roads,Wet or damp,Darkness - no lighting,Windy,Changing lane to the left,2,3129
5806,Unknown,Male,Unknown,Asphalt roads,Dry,Daylight,Normal,No priority to pedestrian,2,676
5807,18-30,Male,5-10yrs,Asphalt roads,Dry,Daylight,Normal,Moving Backward,1,159
5809,31-50,Male,Unknown,Asphalt roads,Wet or damp,Daylight,Raining,No distancing,2,1098
5811,18-30,Male,Unknown,Asphalt roads,Wet or damp,Daylight,Raining,Driving carelessly,2,1094
5812,Under 18,Male,Unknown,Earth roads,Dry,Daylight,Normal,Getting off the vehicle improperly,2,2660
5813,31-50,Male,Above 10yr,Asphalt roads,Dry,Daylight,Normal,Driving carelessly,2,564
5814,18-30,Male,5-10yrs,Asphalt roads,Dry,Daylight,Normal,Changing lane to the left,2,570
5815,31-50,Male,5-10yrs,Asphalt roads,Dry,Daylight,Normal,No priority to vehicle,2,2683
5816,31-50,Male,Above 10yr,Asphalt roads,Dry,Daylight,Normal,Changing lane to the right,2,258
5817,18-30,Male,1-2yr,Asphalt roads,Dry,Daylight,Normal,Changing lane to the right,2,2012
5818,Over 51,Male,Above 10yr,Asphalt roads,Dry,Daylight,Normal,No distancing,2,2013
5819,Under 18,Female,Above 10yr,Asphalt roads,Dry,Daylight,Unknown,No distancing,1,2014
5820,31-50,Male,Above 10yr,Asphalt roads,Dry,Daylight,Normal,Changing lane to the left,2,1752
5821,Unknown,Male,Above 10yr,Asphalt roads,Dry,Daylight,Normal,Changing lane to the right,2,1763
5822,Unknown,Male,5-10yrs,Asphalt roads,Dry,Daylight,Normal,No priority to vehicle,2,480
5824,31-50,Male,1-2yr,Asphalt roads,Dry,Daylight,Normal,No priority to vehicle,2,2018
5825,Over 51,Male,5-10yrs,Asphalt roads,Dry,Daylight,Normal,Moving Backward,2,421
5826,Over 51,Male,5-10yrs,Asphalt roads,Dry,Daylight,Normal,Turnover,2,2022
5827,Over 51,Male,1-2yr,Asphalt roads,Dry,Daylight,Normal,No distancing,2,422
5828,31-50,Male,2-5yrs,Asphalt roads,Wet or damp,Darkness - lights lit,Raining,No distancing,2,2566
5829,18-30,Male,5-10yrs,Asphalt roads,Dry,Daylight,Normal,No distancing,2,3277
5830,31-50,Male,5-10yrs,Asphalt roads,Dry,Daylight,Normal,Changing lane to the left,2,362
5831,31-50,Male,1-2yr,Asphalt roads,Wet or damp,Daylight,Raining,No priority to vehicle,2,3511
5832,Unknown,Male,1-2yr,Gravel roads,Wet or damp,Daylight,Raining,Driving at high speed,2,3512
5833,18-30,Male,2-5yrs,Asphalt roads,Wet or damp,Daylight,Raining,Overtaking,2,1816
5834,Over 51,Male,Unknown,Asphalt roads,Wet or damp,Daylight,Raining,Other,2,1817
5835,Over 51,Male,Unknown,Asphalt roads,Wet or damp,Daylight,Other,Changing lane to the left,1,383
5836,Under 18,Male,Unknown,Asphalt roads,Dry,Daylight,Normal,No priority to pedestrian,1,2216
5838,Under 18,Male,Unknown,Asphalt roads,Dry,Daylight,Normal,No distancing,1,2215
5839,Unknown,Male,Unknown,Asphalt roads,Dry,Daylight,Normal,Moving Backward,1,238
5840,Over 51,Male,Unknown,Asphalt roads,Dry,Daylight,Normal,Changing lane to the left,2,771
5844,Over 51,Male,2-5yrs,Asphalt roads,Dry,Daylight,Normal,No distancing,2,2061
5851,31-50,Male,5-10yrs,Asphalt roads,Dry,Darkness - lights lit,Normal,No priority to pedestrian,1,53
5853,Unknown,Female,Unknown,Earth roads,Flood over 3cm. deep,Daylight,Raining,No distancing,2,1269
5854,18-30,Male,Unknown,Asphalt roads,Flood over 3cm. deep,Daylight,Raining,Changing lane to the left,2,1270
5863,31-50,Male,Unknown,Asphalt roads,Dry,Daylight,Normal,Moving Backward,2,165
5865,18-30,Male,Unknown,Other,Dry,Daylight,Normal,Driving to the left,2,1021
5868,31-50,Male,1-2yr,Asphalt roads,Dry,Daylight,Normal,Changing lane to the left,1,2079
5869,Unknown,Male,Above 10yr,Asphalt roads,Dry,Daylight,Normal,Changing lane to the right,1,2083
5870,31-50,Male,Unknown,Asphalt roads,Dry,Daylight,Normal,Driving carelessly,2,505
5873,31-50,Male,Unknown,Asphalt roads,Dry,Daylight,Normal,Driving under the influence of drugs,2,3230
5874,18-30,Male,2-5yrs,Asphalt roads,Dry,Daylight,Normal,Changing lane to the right,2,151
5875,18-30,Male,Unknown,Asphalt roads,Dry,Daylight,Normal,Driving carelessly,2,710
5877,Over 51,Male,Unknown,Asphalt roads,Dry,Daylight,Normal,Turnover,2,977
5878,Over 51,Male,5-10yrs,Asphalt roads,Dry,Daylight,Normal,Changing lane to the right,2,978
5879,31-50,Male,Unknown,Asphalt roads,Dry,Daylight,Normal,Driving carelessly,1,2663
5883,Over 51,Male,Above 10yr,Asphalt roads,Dry,Daylight,Normal,Overturning,2,219
5884,31-50,Male,1-2yr,Other,Dry,Daylight,Normal,No distancing,2,216
5885,18-30,Male,Above 10yr,Asphalt roads,Dry,Daylight,Normal,Driving carelessly,0,100
5886,18-30,Male,Below 1yr,Other,Dry,Daylight,Normal,No distancing,2,2091
5887,Unknown,Male,Above 10yr,Asphalt roads,Dry,Daylight,Normal,Changing lane to the left,2,223
5888,18-30,Male,Unknown,Asphalt roads,Dry,Daylight,Normal,No priority to pedestrian,2,3259
5889,31-50,Male,1-2yr,Asphalt roads,Dry,Daylight,Normal,No distancing,2,355
5890,Unknown,Male,1-2yr,Asphalt roads,Dry,Daylight,Normal,No distancing,2,989
5893,Unknown,Female,Above 10yr,Asphalt roads,Dry,Daylight,Normal,Changing lane to the left,2,1258
5901,Over 51,Male,Above 10yr,Asphalt roads,Dry,Daylight,Normal,No distancing,2,465
5903,31-50,Male,Above 10yr,Asphalt roads,Dry,Daylight,Normal,Other,2,469
5904,18-30,Male,5-10yrs,Asphalt roads,Dry,Daylight,Normal,Other,2,148
5905,31-50,Male,Above 10yr,Asphalt roads,Dry,Daylight,Normal,Changing lane to the right,2,412
5906,31-50,Male,Above 10yr,Asphalt roads,Dry,Daylight,Normal,No priority to pedestrian,2,1982
5911,18-30,Male,Above 10yr,Asphalt roads,Dry,Daylight,Normal,No distancing,2,2223
5912,18-30,Male,Above 10yr,Asphalt roads,Dry,Daylight,Normal,No priority to vehicle,2,2222
5913,Unknown,Male,Above 10yr,Asphalt roads,Dry,Daylight,Other,Changing lane to the right,2,185
5914,Over 51,Male,5-10yrs,Asphalt roads,Dry,Daylight,Other,Changing lane to the left,2,186
5916,18-30,Male,5-10yrs,Asphalt roads,Dry,Daylight,Normal,Driving carelessly,2,2281
5920,31-50,Male,2-5yrs,Asphalt roads,Dry,Daylight,Normal,No distancing,2,783
5922,Under 18,Male,1-2yr,Asphalt roads,Dry,Daylight,Normal,No distancing,2,205
5924,31-50,Male,5-10yrs,Asphalt roads,Dry,Daylight,Normal,Changing lane to the left,2,517
5925,31-50,Male,Above 10yr,Earth roads,Dry,Daylight,Normal,Moving Backward,2,401
5926,31-50,Male,2-5yrs,Asphalt roads,Dry,Daylight,Normal,Changing lane to the right,2,176
5928,18-30,Male,2-5yrs,Asphalt roads,Dry,Daylight,Unknown,Moving Backward,2,1285
5929,18-30,Male,2-5yrs,Asphalt roads,Dry,Daylight,Normal,Driving carelessly,2,1337
5930,18-30,Male,1-2yr,Asphalt roads,Dry,Daylight,Normal,Driving carelessly,2,281
5935,31-50,Male,1-2yr,Asphalt roads,Dry,Darkness - lights lit,Normal,Moving Backward,2,2650
5936,31-50,Male,Unknown,Asphalt roads,Dry,Darkness - lights lit,Normal,Driving carelessly,2,2649
5937,31-50,Male,Unknown,Asphalt roads,Dry,Darkness - lights lit,Normal,No priority to vehicle,2,293
5938,Unknown,Male,Unknown,Asphalt roads,Dry,Daylight,Normal,Changing lane to the right,2,3222
5940,31-50,Male,Unknown,Asphalt roads,Dry,Daylight,Other,No priority to vehicle,2,1097
5942,Unknown,Female,1-2yr,Asphalt roads,Dry,Darkness - lights lit,Normal,Moving Backward,2,54
5943,18-30,Male,2-5yrs,Asphalt roads,Wet or damp,Darkness - lights lit,Raining,No distancing,2,665
5944,18-30,Male,2-5yrs,Asphalt roads,Wet or damp,Darkness - lights lit,Raining,Changing lane to the left,2,664
5948,31-50,Male,5-10yrs,Asphalt roads,Dry,Daylight,Normal,Driving carelessly,2,3334
5952,18-30,Male,1-2yr,Asphalt roads,Dry,Daylight,Normal,No distancing,1,1135
5954,Over 51,Male,Unknown,Asphalt roads,Dry,Daylight,Normal,No distancing,1,1136
5956,Over 51,Male,Unknown,Asphalt roads,Dry,Daylight,Normal,Driving under the influence of drugs,2,1268
5965,18-30,Male,Unknown,Asphalt roads,Dry,Daylight,Normal,Changing lane to the left,0,49
5974,Over 51,Male,1-2yr,Asphalt roads,Dry,Daylight,Normal,Driving carelessly,2,472
5982,18-30,Male,Below 1yr,Asphalt roads,Dry,Daylight,Normal,No priority to vehicle,2,1833
5983,18-30,Male,Unknown,Asphalt roads,Dry,Darkness - lights lit,Normal,No priority to vehicle,2,2711
5986,Unknown,Male,2-5yrs,Asphalt roads,Dry,Daylight,Normal,Overtaking,1,1242
5989,Unknown,Male,1-2yr,Asphalt roads,Dry,Daylight,Normal,Changing lane to the left,2,3635
5990,Over 51,Male,Above 10yr,Gravel roads,Wet or damp,Darkness - lights lit,Other,Driving carelessly,1,335
5991,Under 18,Male,Above 10yr,Asphalt roads,Dry,Darkness - lights lit,Normal,Moving Backward,2,2855
5996,31-50,Male,1-2yr,Asphalt roads,Wet or damp,Daylight,Normal,Driving under the influence of drugs,2,310
5997,31-50,Male,Below 1yr,Asphalt roads,Wet or damp,Daylight,Normal,Changing lane to the right,2,2768
5999,Under 18,Male,Unknown,Asphalt roads,Wet or damp,Darkness - lights lit,Cloudy,No distancing,2,2078
6000,31-50,Male,Unknown,Asphalt roads,Wet or damp,Daylight,Normal,Changing lane to the left,2,78
6001,18-30,Male,Unknown,Asphalt roads,Wet or damp,Daylight,Normal,No distancing,2,155
6003,18-30,Male,Unknown,Asphalt roads,Wet or damp,Darkness - lights lit,Normal,Getting off the vehicle improperly,2,1727
6007,18-30,Male,Unknown,Asphalt roads,Dry,Darkness - lights lit,Normal,Moving Backward,0,1991
6008,Under 18,Male,Unknown,Asphalt roads,Wet or damp,Daylight,Normal,Overturning,2,3423
6009,18-30,Male,Unknown,Asphalt roads,Wet or damp,Daylight,Normal,Driving under the influence of drugs,2,709
6010,18-30,Male,Unknown,Asphalt roads,Dry,Daylight,Normal,Changing lane to the right,1,129
6015,Unknown,Female,2-5yrs,Asphalt roads,Dry,Daylight,Other,Moving Backward,2,3381
6018,18-30,Male,2-5yrs,Asphalt roads,Dry,Daylight,Normal,Changing lane to the left,2,698
6019,18-30,Male,5-10yrs,Asphalt roads,Dry,Daylight,Normal,Changing lane to the left,2,136
6023,Unknown,Male,Unknown,Asphalt roads,Wet or damp,Darkness - lights lit,Normal,Driving carelessly,2,1632
6024,18-30,Male,Unknown,Asphalt roads,Wet or damp,Darkness - lights lit,Normal,Changing lane to the left,2,1633
6025,31-50,Male,Unknown,Asphalt roads,Dry,Darkness - lights lit,Normal,Changing lane to the right,1,1993
6026,18-30,Male,Unknown,Asphalt roads,Wet or damp,Daylight,Raining,Driving under the influence of drugs,2,264
6027,18-30,Male,Unknown,Asphalt roads,Wet or damp,Daylight,Raining,Driving carelessly,2,45
6028,31-50,Male,Unknown,Asphalt roads,Wet or damp,Daylight,Raining,No distancing,2,16
6029,Unknown,Male,Unknown,Asphalt roads,Dry,Darkness - lights lit,Normal,No priority to vehicle,2,2032
6032,Under 18,Male,Unknown,Asphalt roads,Dry,Darkness - lights lit,Normal,Changing lane to the left,2,2033
6035,Unknown,Male,Unknown,Asphalt roads,Dry,Daylight,Normal,Driving under the influence of drugs,2,1244
6038,31-50,Male,Above 10yr,Asphalt roads,Dry,Darkness - lights lit,Normal,Changing lane to the right,2,2185
6039,31-50,Male,2-5yrs,Asphalt roads,Dry,Darkness - lights lit,Normal,Driving to the left,2,2180
6044,18-30,Male,Unknown,Asphalt roads,Dry,Darkness - lights lit,Normal,Changing lane to the left,2,2109
6045,31-50,Male,Unknown,Asphalt roads,Dry,Daylight,Normal,No priority to vehicle,2,1286
6046,18-30,Male,Unknown,Asphalt roads,Dry,Daylight,Normal,No priority to vehicle,2,1284
6054,Under 18,Male,1-2yr,Asphalt roads,Wet or damp,Daylight,Normal,Driving carelessly,2,3700
6062,18-30,Male,Below 1yr,Asphalt roads,Dry,Daylight,Normal,No distancing,1,3583
6063,Under 18,Male,Unknown,Asphalt roads,Dry,Daylight,Normal,Driving carelessly,1,3584
6066,Unknown,Male,2-5yrs,Asphalt roads,Wet or damp,Daylight,Other,No priority to vehicle,2,713
6069,18-30,Male,1-2yr,Asphalt roads,Dry,Darkness - lights lit,Cloudy,Moving Backward,2,2568
6070,18-30,Male,Above 10yr,Asphalt roads,Dry,Darkness - lights lit,Cloudy,No distancing,2,284
6071,Unknown,Male,Above 10yr,Asphalt roads,Dry,Darkness - lights lit,Cloudy,Changing lane to the left,2,2569
6076,Unknown,Male,1-2yr,Asphalt roads,Dry,Daylight,Normal,No distancing,2,950
6077,31-50,Male,Below 1yr,Asphalt roads,Dry,Daylight,Normal,No priority to vehicle,2,943
6079,Unknown,Male,Unknown,Asphalt roads,Dry,Daylight,Normal,No distancing,2,945
6080,31-50,Male,Unknown,Asphalt roads,Dry,Darkness - lights lit,Normal,No distancing,2,3276
6081,18-30,Male,Unknown,Asphalt roads,Dry,Darkness - lights lit,Normal,Getting off the vehicle improperly,2,3275
6082,31-50,Male,Unknown,Asphalt roads,Dry,Darkness - lights lit,Normal,No priority to pedestrian,1,2508
6083,31-50,Male,Unknown,Asphalt roads,Wet or damp,Daylight,Normal,Changing lane to the left,1,699
6084,18-30,Male,Unknown,Asphalt roads,Wet or damp,Daylight,Normal,No distancing,1,3385
6085,Unknown,Male,Unknown,Asphalt roads,Dry,Daylight,Normal,Driving carelessly,2,1006
6086,31-50,Male,Unknown,Asphalt roads,Dry,Daylight,Normal,No distancing,2,1005
6087,18-30,Male,Unknown,Asphalt roads,Wet or damp,Daylight,Normal,Changing lane to the right,2,1437
6088,Unknown,Male,Unknown,Asphalt roads,Wet or damp,Daylight,Normal,Overtaking,2,56
6089,Unknown,Male,Unknown,Asphalt roads,Dry,Darkness - lights lit,Normal,Driving carelessly,2,3103
6090,31-50,Male,Unknown,Asphalt roads,Wet or damp,Darkness - lights lit,Normal,Moving Backward,2,1989
6098,Under 18,Male,2-5yrs,Asphalt roads,Dry,Daylight,Normal,Changing lane to the left,2,3760
6099,31-50,Male,5-10yrs,Asphalt roads,Wet or damp,Darkness - lights lit,Windy,No distancing,2,605
6103,18-30,Male,Unknown,Asphalt roads,Dry,Daylight,Normal,Changing lane to the right,2,398
6104,31-50,Male,Unknown,Asphalt roads,Dry,Daylight,Normal,Changing lane to the left,2,86
6105,Under 18,Male,Unknown,Asphalt roads,Wet or damp,Darkness - lights lit,Normal,Moving Backward,2,2328
6106,Under 18,Male,Unknown,Asphalt roads,Wet or damp,Darkness - lights lit,Normal,No distancing,2,2325
6107,Over 51,Male,Unknown,Asphalt roads,Wet or damp,Darkness - lights lit,Normal,Changing lane to the right,2,2318
6108,Unknown,Female,Unknown,Asphalt roads,Wet or damp,Darkness - lights lit,Normal,Moving Backward,2,99
6109,18-30,Male,Unknown,Asphalt roads,Wet or damp,Darkness - lights lit,Normal,No distancing,1,2936
6112,31-50,Male,Unknown,Asphalt roads,Dry,Daylight,Normal,Moving Backward,2,549
6113,Over 51,Male,Unknown,Asphalt roads,Dry,Darkness - lights lit,Normal,Moving Backward,2,1639
6114,31-50,Male,2-5yrs,Asphalt roads,Dry,Darkness - lights lit,Normal,Overtaking,2,1641
6120,18-30,Male,1-2yr,Asphalt roads,Dry,Daylight,Normal,Changing lane to the left,2,3372
6124,18-30,Male,Unknown,Gravel roads,Dry,Daylight,Normal,Changing lane to the right,2,1381
6125,31-50,Male,5-10yrs,Asphalt roads,Dry,Daylight,Normal,No priority to vehicle,2,53
6127,18-30,Male,Unknown,Asphalt roads,Wet or damp,Darkness - lights lit,Other,Turnover,2,2542
6129,Over 51,Male,Unknown,Asphalt roads,Dry,Daylight,Normal,Changing lane to the right,2,3361
6130,18-30,Male,Unknown,Asphalt roads,Wet or damp,Daylight,Raining,No distancing,2,3324
6131,31-50,Male,Above 10yr,Asphalt roads,Wet or damp,Daylight,Raining,Changing lane to the left,2,367
6132,18-30,Male,5-10yrs,Asphalt roads,Dry,Daylight,Normal,Driving carelessly,2,31
6133,31-50,Male,5-10yrs,Asphalt roads,Dry,Daylight,Normal,Changing lane to the right,2,685
6134,31-50,Male,Above 10yr,Asphalt roads with some distress,Dry,Daylight,Normal,No priority to vehicle,2,32
6135,31-50,Male,1-2yr,Asphalt roads,Dry,Daylight,Normal,No distancing,2,684
6136,Unknown,Male,Above 10yr,Asphalt roads,Dry,Darkness - lights lit,Unknown,No priority to pedestrian,2,2868
6137,18-30,Male,Above 10yr,Asphalt roads,Dry,Darkness - lights lit,Unknown,No priority to pedestrian,2,2870
6138,Unknown,Male,Above 10yr,Asphalt roads,Wet or damp,Daylight,Other,No priority to vehicle,2,10
6139,Under 18,Male,Above 10yr,Asphalt roads,Wet or damp,Daylight,Other,Changing lane to the left,2,2891
6140,Under 18,Male,5-10yrs,Asphalt roads,Dry,Darkness - lights lit,Normal,Changing lane to the left,2,530
6142,Under 18,Male,1-2yr,Asphalt roads,Dry,Daylight,Normal,No priority to vehicle,2,1987
6143,31-50,Male,5-10yrs,Asphalt roads,Dry,Daylight,Normal,No distancing,2,1986
6144,Over 51,Male,5-10yrs,Asphalt roads,Dry,Daylight,Normal,No distancing,2,27
6145,31-50,Male,1-2yr,Asphalt roads,Dry,Daylight,Normal,Changing lane to the right,2,217
6146,Unknown,Male,2-5yrs,Asphalt roads,Dry,Daylight,Normal,Changing lane to the left,1,1670
6147,31-50,Male,5-10yrs,Asphalt roads,Dry,Daylight,Normal,No distancing,1,1671
6148,18-30,Male,5-10yrs,Asphalt roads,Dry,Daylight,Normal,Overturning,2,151
6149,18-30,Male,1-2yr,Asphalt roads,Dry,Daylight,Normal,No priority to vehicle,2,712
6150,Unknown,Male,1-2yr,Asphalt roads,Dry,Daylight,Normal,Moving Backward,2,3683
6151,18-30,Male,2-5yrs,Asphalt roads,Dry,Daylight,Normal,Driving under the influence of drugs,2,3672
6152,31-50,Male,Unknown,Asphalt roads,Dry,Daylight,Normal,Moving Backward,2,311
6153,Unknown,Male,Unknown,Asphalt roads,Dry,Daylight,Normal,Changing lane to the right,2,1520
6154,Unknown,Female,Unknown,Asphalt roads,Dry,Daylight,Normal,Overspeed,2,1521
6156,Over 51,Male,Unknown,Asphalt roads,Wet or damp,Darkness - lights lit,Normal,Driving carelessly,2,107
6157,18-30,Male,Unknown,Asphalt roads,Wet or damp,Darkness - lights lit,Normal,No distancing,2,108
6158,Under 18,Male,Unknown,Asphalt roads,Dry,Daylight,Normal,No priority to vehicle,1,198
6162,Over 51,Male,2-5yrs,Asphalt roads,Wet or damp,Daylight,Normal,Changing lane to the right,2,390
6169,18-30,Male,5-10yrs,Asphalt roads,Dry,Darkness - lights lit,Normal,Driving carelessly,2,367
6171,Over 51,Male,Unknown,Asphalt roads,Dry,Daylight,Normal,No distancing,2,26
6172,18-30,Male,Unknown,Asphalt roads,Dry,Daylight,Normal,No distancing,2,210
6181,31-50,Male,Unknown,Asphalt roads,Dry,Daylight,Normal,No distancing,2,739
6183,Unknown,Male,Unknown,Asphalt roads,Dry,Daylight,Normal,Overturning,2,987
6186,18-30,Male,1-2yr,Asphalt roads,Wet or damp,Darkness - lights lit,Raining,Moving Backward,2,2024
6187,18-30,Male,Above 10yr,Asphalt roads,Wet or damp,Darkness - lights lit,Raining,No priority to pedestrian,2,2030
6188,Over 51,Male,Unknown,Asphalt roads,Dry,Daylight,Normal,Changing lane to the left,2,737
6191,Over 51,Male,Unknown,Asphalt roads,Wet or damp,Daylight,Raining,No distancing,1,358
6192,Over 51,Male,2-5yrs,Asphalt roads,Wet or damp,Daylight,Raining,Changing lane to the right,1,1723
6193,31-50,Male,Unknown,Asphalt roads,Dry,Daylight,Normal,Changing lane to the right,2,199
6195,31-50,Male,Unknown,Asphalt roads,Wet or damp,Darkness - lights lit,Normal,Driving at high speed,2,2419
6196,18-30,Male,5-10yrs,Asphalt roads,Wet or damp,Darkness - lights lit,Normal,Changing lane to the left,2,2418
6197,Under 18,Male,Unknown,Asphalt roads,Dry,Darkness - lights lit,Other,Changing lane to the right,2,4
6201,31-50,Male,Above 10yr,Asphalt roads,Dry,Daylight,Normal,No distancing,2,445
6202,31-50,Male,1-2yr,Asphalt roads,Dry,Daylight,Normal,Changing lane to the right,2,218
6203,Unknown,Male,Above 10yr,Asphalt roads,Dry,Daylight,Normal,Driving carelessly,2,214
6204,Unknown,Female,Below 1yr,Gravel roads,Dry,Daylight,Normal,Driving carelessly,2,209
6205,Unknown,Male,Above 10yr,Asphalt roads,Dry,Daylight,Normal,Changing lane to the right,2,318
6206,18-30,Male,Unknown,Asphalt roads,Dry,Daylight,Normal,Overturning,2,1545
6207,Under 18,Male,1-2yr,Asphalt roads,Dry,Daylight,Normal,Changing lane to the right,2,1035
6208,18-30,Male,1-2yr,Asphalt roads,Dry,Daylight,Normal,Moving Backward,2,1037
6211,18-30,Male,Above 10yr,Asphalt roads,Wet or damp,Daylight,Normal,Driving carelessly,2,1016
6219,31-50,Male,Above 10yr,Asphalt roads,Dry,Daylight,Normal,Moving Backward,2,3758
6221,Over 51,Male,Above 10yr,Asphalt roads,Wet or damp,Daylight,Raining,Overtaking,2,537
6222,Unknown,Female,5-10yrs,Asphalt roads,Dry,Darkness - lights lit,Normal,Changing lane to the left,2,3158
6223,31-50,Male,Above 10yr,Asphalt roads,Dry,Darkness - lights lit,Normal,Changing lane to the right,2,3159
6224,18-30,Male,Above 10yr,Asphalt roads,Dry,Darkness - lights lit,Normal,Overtaking,2,413
6230,31-50,Male,Above 10yr,Asphalt roads,Dry,Daylight,Normal,Changing lane to the left,2,111
6231,Under 18,Male,Above 10yr,Asphalt roads,Dry,Daylight,Normal,No priority to pedestrian,2,1398
6232,31-50,Male,5-10yrs,Asphalt roads,Dry,Daylight,Normal,No distancing,2,1397
6234,31-50,Male,5-10yrs,Asphalt roads,Dry,Daylight,Normal,No distancing,2,149
6242,18-30,Male,5-10yrs,Asphalt roads,Dry,Darkness - lights lit,Normal,Overloading,2,2941
6243,18-30,Male,Above 10yr,Asphalt roads,Dry,Darkness - lights lit,Normal,Changing lane to the right,2,621
6244,Unknown,Male,2-5yrs,Asphalt roads,Dry,Darkness - lights lit,Normal,Improper parking,2,622
6246,Unknown,Male,2-5yrs,Asphalt roads,Dry,Darkness - lights lit,Normal,Changing lane to the left,2,2938
6247,Unknown,Male,2-5yrs,Asphalt roads,Dry,Darkness - lights lit,Normal,Changing lane to the right,2,2939
6248,Unknown,Male,1-2yr,Asphalt roads,Dry,Darkness - lights lit,Normal,No priority to pedestrian,2,2940
6250,Over 51,Male,Above 10yr,Asphalt roads,Wet or damp,Darkness - lights lit,Normal,Changing lane to the left,2,121
6251,18-30,Male,5-10yrs,Asphalt roads,Wet or damp,Darkness - lights lit,Normal,No priority to vehicle,2,2667
6257,31-50,Male,Above 10yr,Asphalt roads,Dry,Daylight,Normal,Other,2,3427
6258,Unknown,Male,1-2yr,Asphalt roads,Dry,Daylight,Normal,Driving carelessly,2,3648
6259,Under 18,Male,2-5yrs,Asphalt roads,Dry,Daylight,Normal,Changing lane to the left,2,2101
6260,31-50,Male,Unknown,Asphalt roads,Dry,Daylight,Normal,Driving carelessly,2,2100
6262,Over 51,Male,2-5yrs,Asphalt roads,Dry,Daylight,Normal,No priority to vehicle,2,8
6263,Unknown,Female,Above 10yr,Asphalt roads,Dry,Darkness - lights lit,Normal,No distancing,2,3054
6264,Under 18,Unknown,1-2yr,Asphalt roads,Dry,Darkness - lights lit,Normal,Changing lane to the right,2,330
6268,Unknown,Unknown,Above 10yr,Asphalt roads,Dry,Daylight,Normal,Changing lane to the right,2,87
6269,Unknown,Male,5-10yrs,Asphalt roads,Dry,Daylight,Normal,Changing lane to the left,2,2516
6271,Over 51,Male,5-10yrs,Asphalt roads,Dry,Daylight,Normal,Other,2,3229
6275,Over 51,Male,Above 10yr,Asphalt roads,Dry,Daylight,Unknown,Overtaking,2,1648
6276,Unknown,Male,2-5yrs,Asphalt roads,Dry,Daylight,Normal,No priority to pedestrian,2,235
6277,18-30,Male,2-5yrs,Asphalt roads,Dry,Daylight,Normal,No distancing,2,232
6281,31-50,Male,Below 1yr,Asphalt roads,Dry,Daylight,Normal,Overtaking,2,1774
6282,Over 51,Male,5-10yrs,Asphalt roads,Dry,Daylight,Normal,Other,2,1776
6284,Unknown,Female,1-2yr,Asphalt roads,Dry,Darkness - lights lit,Normal,Driving at high speed,2,2932
6285,Unknown,Male,2-5yrs,Asphalt roads,Dry,Daylight,Normal,Unknown,2,3629
6287,Unknown,Male,2-5yrs,Asphalt roads,Dry,Daylight,Normal,No distancing,2,3819
6291,Under 18,Male,5-10yrs,Asphalt roads,Wet or damp,Daylight,Normal,No priority to pedestrian,2,3646
6293,Unknown,Male,Unknown,Asphalt roads,Dry,Daylight,Normal,Driving carelessly,2,1584
6297,18-30,Male,Unknown,Asphalt roads,Dry,Daylight,Normal,Driving carelessly,1,144
6301,18-30,Male,5-10yrs,Asphalt roads,Wet or damp,Daylight,Normal,Overturning,2,3699
6302,18-30,Male,2-5yrs,Asphalt roads,Dry,Daylight,Normal,Driving carelessly,2,2031
6308,18-30,Male,Above 10yr,Asphalt roads,Dry,Daylight,Normal,No distancing,1,461
6311,Unknown,Female,1-2yr,Asphalt roads,Dry,Daylight,Normal,No distancing,2,3245
6315,Over 51,Male,2-5yrs,Asphalt roads,Wet or damp,Darkness - lights lit,Normal,Driving carelessly,2,3224
6316,31-50,Male,5-10yrs,Asphalt roads,Wet or damp,Darkness - lights lit,Normal,Changing lane to the right,2,3225
6317,Under 18,Male,Above 10yr,Asphalt roads,Wet or damp,Daylight,Raining,Changing lane to the left,2,729
6318,18-30,Male,2-5yrs,Asphalt roads,Wet or damp,Daylight,Raining,Driving carelessly,2,3509