,age_of_driver,Sex_of_driver,car_age,Road_surface_type,Road_surface_conditions,Light_conditions,Weather_conditions,Cause_of_accident,Accident_severity,accident history
6947,Under 18,Male,1-2yr,Asphalt roads,Wet or damp,Daylight,Raining,No distancing,2,463
6952,Unknown,Female,1-2yr,Asphalt roads,Dry,Daylight,Normal,Moving Backward,2,557
6953,18-30,Male,Unknown,Asphalt roads,Dry,Daylight,Normal,Changing lane to the left,2,552
6954,18-30,Male,Unknown,Asphalt roads,Dry,Daylight,Normal,No priority to pedestrian,2,131
6955,Under 18,Male,Unknown,Asphalt roads,Dry,Daylight,Normal,No distancing,1,315
6957,18-30,Male,Unknown,Asphalt roads,Wet or damp,Daylight,Raining,Changing lane to the left,2,531
6959,18-30,Male,1-2yr,Asphalt roads,Dry,Darkness - lights lit,Normal,Driving carelessly,2,2998
6960,18-30,Male,2-5yrs,Asphalt roads,Dry,Darkness - lights lit,Normal,No distancing,2,2996
6961,18-30,Male,2-5yrs,Asphalt roads,Dry,Darkness - lights lit,Normal,Changing lane to the left,2,3000
6965,Unknown,Female,5-10yrs,Asphalt roads,Dry,Daylight,Normal,Changing lane to the left,2,949
6969,18-30,Male,1-2yr,Asphalt roads,Wet or damp,Daylight,Normal,Changing lane to the right,2,3434
6971,18-30,Male,Unknown,Earth roads,Dry,Daylight,Normal,No priority to vehicle,2,177
6982,31-50,Male,Unknown,Asphalt roads,Dry,Daylight,Normal,Driving carelessly,1,805
6991,18-30,Male,1-2yr,Asphalt roads,Dry,Darkness - lights lit,Normal,No distancing,1,2785
6999,Unknown,Female,Below 1yr,Asphalt roads,Wet or damp,Darkness - lights lit,Normal,Driving carelessly,2,611
7000,18-30,Male,Unknown,Asphalt roads,Dry,Daylight,Normal,Changing lane to the right,1,207
7003,Unknown,Male,2-5yrs,Asphalt roads,Dry,Daylight,Unknown,No distancing,2,390
7006,18-30,Male,1-2yr,Asphalt roads,Dry,Daylight,Normal,Getting off the vehicle improperly,2,3532
7007,18-30,Male,Above 10yr,Asphalt roads,Dry,Daylight,Normal,Overloading,2,3534
7008,18-30,Male,Above 10yr,Asphalt roads,Dry,Daylight,Normal,Driving carelessly,2,3533
7013,Under 18,Male,1-2yr,Asphalt roads,Dry,Darkness - lights lit,Normal,No priority to pedestrian,1,2831
7014,18-30,Male,Below 1yr,Asphalt roads,Dry,Daylight,Normal,No distancing,2,1947
7016,31-50,Male,Unknown,Asphalt roads,Wet or damp,Daylight,Normal,Getting off the vehicle improperly,2,1510
7017,Over 51,Male,Unknown,Asphalt roads,Wet or damp,Daylight,Normal,No priority to pedestrian,2,1509
7018,18-30,Male,Unknown,Asphalt roads,Dry,Daylight,Normal,Changing lane to the right,2,967
7019,31-50,Male,Unknown,Asphalt roads,Dry,Daylight,Normal,Moving Backward,2,969
7020,31-50,Male,Unknown,Asphalt roads,Dry,Daylight,Normal,Changing lane to the left,2,966
7021,31-50,Male,Unknown,Asphalt roads,Wet or damp,Daylight,Raining,No distancing,2,2156
7022,Unknown,Male,Unknown,Asphalt roads,Dry,Daylight,Normal,Driving carelessly,1,1836
7023,Under 18,Male,Unknown,Asphalt roads,Dry,Daylight,Normal,Driving under the influence of drugs,1,1840
7024,Unknown,Female,Unknown,Asphalt roads,Dry,Daylight,Normal,Driving carelessly,2,50
7025,Over 51,Male,Unknown,Asphalt roads,Wet or damp,Darkness - lights lit,Other,Driving carelessly,2,587
7026,31-50,Male,Unknown,Asphalt roads,Wet or damp,Darkness - lights lit,Other,Changing lane to the right,2,589
7027,Under 18,Male,Unknown,Gravel roads,Wet or damp,Darkness - lights lit,Raining,No distancing,2,2579
7032,18-30,Male,2-5yrs,Earth roads,Dry,Daylight,Unknown,Moving Backward,2,181
7036,31-50,Male,5-10yrs,Gravel roads,Dry,Daylight,Normal,Changing lane to the right,2,774
7040,Unknown,Female,Unknown,Earth roads,Dry,Daylight,Normal,Changing lane to the right,2,419
7041,18-30,Male,Unknown,Asphalt roads,Dry,Daylight,Normal,No distancing,2,416
7042,18-30,Male,Unknown,Asphalt roads,Dry,Daylight,Normal,Moving Backward,2,415
7043,31-50,Male,Unknown,Asphalt roads,Dry,Daylight,Normal,Driving carelessly,2,1721
7044,31-50,Male,Unknown,Asphalt roads,Dry,Daylight,Normal,No distancing,2,1720
7045,Under 18,Male,Unknown,Asphalt roads,Dry,Daylight,Normal,No priority to vehicle,2,111
7046,18-30,Male,Unknown,Earth roads,Dry,Daylight,Normal,Changing lane to the right,2,532
7049,18-30,Male,Unknown,Asphalt roads,Wet or damp,Daylight,Other,Changing lane to the right,2,3538
7052,18-30,Male,Unknown,Asphalt roads,Dry,Daylight,Normal,Driving carelessly,2,198
7055,18-30,Male,Above 10yr,Asphalt roads,Dry,Darkness - lights lit,Normal,Changing lane to the right,2,340
7056,18-30,Male,2-5yrs,Asphalt roads,Dry,Daylight,Normal,Drunk driving,2,115
7061,18-30,Male,Unknown,Asphalt roads,Dry,Daylight,Normal,Driving under the influence of drugs,2,427
7062,18-30,Male,Unknown,Asphalt roads,Dry,Daylight,Normal,No priority to pedestrian,2,2053
7063,18-30,Male,Unknown,Other,Dry,Daylight,Normal,Changing lane to the left,2,3180
7071,31-50,Male,1-2yr,Asphalt roads,Dry,Daylight,Normal,Changing lane to the right,2,285
7079,31-50,Male,Below 1yr,Asphalt roads,Dry,Daylight,Normal,No priority to pedestrian,2,1004
7080,31-50,Male,Unknown,Asphalt roads,Dry,Daylight,Normal,No distancing,2,1010
7083,31-50,Male,2-5yrs,Asphalt roads,Wet or damp,Daylight,Other,No distancing,2,3436
7086,Unknown,Male,1-2yr,Asphalt roads,Dry,Daylight,Unknown,No priority to pedestrian,2,1604
7087,Unknown,Male,Above 10yr,Asphalt roads,Dry,Daylight,Normal,Moving Backward,2,1553
7088,18-30,Male,Above 10yr,Asphalt roads,Dry,Daylight,Normal,Getting off the vehicle improperly,2,319
7093,18-30,Male,1-2yr,Asphalt roads,Dry,Darkness - lights lit,Normal,Other,1,2716
7094,Unknown,Male,Below 1yr,Asphalt roads,Dry,Daylight,Normal,Changing lane to the left,2,1684
7096,Under 18,Male,Unknown,Asphalt roads,Dry,Daylight,Normal,No priority to pedestrian,2,385
7097,18-30,Male,Unknown,Asphalt roads,Dry,Daylight,Normal,Overspeed,2,1873
7098,31-50,Male,Unknown,Other,Dry,Daylight,Normal,Changing lane to the left,2,1872
7099,18-30,Male,Unknown,Asphalt roads,Dry,Darkness - lights lit,Normal,No priority to vehicle,0,8
7100,18-30,Male,Unknown,Asphalt roads,Dry,Darkness - lights lit,Normal,Changing lane to the right,0,9
7101,Under 18,Male,Unknown,Asphalt roads,Dry,Darkness - lights lit,Normal,No distancing,0,15
7102,31-50,Male,Unknown,Asphalt roads,Dry,Darkness - lights lit,Normal,No priority to pedestrian,2,2825
7103,18-30,Male,Unknown,Asphalt roads,Dry,Darkness - lights lit,Normal,No distancing,2,2824
7104,Unknown,Female,Unknown,Asphalt roads,Dry,Darkness - lights lit,Unknown,No priority to vehicle,2,89
7105,31-50,Male,Unknown,Asphalt roads,Dry,Daylight,Normal,Other,2,73
7106,18-30,Male,Unknown,Earth roads,Dry,Daylight,Normal,Driving carelessly,2,1744
7107,18-30,Male,Unknown,Asphalt roads,Dry,Daylight,Normal,Changing lane to the left,2,1743
7112,18-30,Male,2-5yrs,Asphalt roads,Dry,Daylight,Normal,Changing lane to the right,2,3415
7115,18-30,Male,2-5yrs,Asphalt roads,Dry,Darkness - lights lit,Unknown,No distancing,2,2934
7116,Unknown,Male,5-10yrs,Asphalt roads,Dry,Daylight,Normal,Changing lane to the right,2,3262
7120,18-30,Male,Unknown,Asphalt roads,Dry,Daylight,Normal,Other,2,107
7121,Over 51,Male,Unknown,Asphalt roads,Dry,Daylight,Normal,No distancing,2,1003
7122,18-30,Male,Unknown,Earth roads,Dry,Daylight,Normal,No priority to vehicle,2,627
7123,18-30,Male,Unknown,Asphalt roads,Dry,Daylight,Normal,Overtaking,2,626
7125,Unknown,Male,Unknown,Asphalt roads,Dry,Darkness - lights lit,Normal,No distancing,2,3112
7126,Over 51,Male,Unknown,Asphalt roads,Dry,Daylight,Normal,Changing lane to the right,2,1728
7129,Unknown,Female,Unknown,Asphalt roads,Dry,Darkness - lights lit,Normal,Overtaking,1,2478
7130,31-50,Male,Unknown,Asphalt roads,Dry,Darkness - lights lit,Normal,Other,1,2479
7131,18-30,Male,2-5yrs,Asphalt roads,Wet or damp,Darkness - lights lit,Normal,Driving to the left,1,264
7137,Unknown,Female,1-2yr,Asphalt roads,Dry,Darkness - lights lit,Normal,No priority to vehicle,2,2726
7141,31-50,Male,Unknown,Asphalt roads,Dry,Daylight,Unknown,Driving carelessly,2,1623
7142,Unknown,Male,5-10yrs,Asphalt roads,Wet or damp,Darkness - lights lit,Raining,No priority to vehicle,2,454
7144,31-50,Male,Unknown,Asphalt roads,Wet or damp,Darkness - lights lit,Raining,Changing lane to the right,2,2171
7146,31-50,Male,Unknown,Asphalt roads,Dry,Daylight,Normal,Changing lane to the right,2,1765
7147,Unknown,Female,Unknown,Asphalt roads,Dry,Daylight,Normal,Changing lane to the right,2,56
7148,31-50,Male,Above 10yr,Asphalt roads,Dry,Daylight,Normal,Changing lane to the left,2,55
7149,Over 51,Male,5-10yrs,Asphalt roads,Dry,Darkness - lights lit,Normal,Overturning,2,2548
7150,31-50,Male,5-10yrs,Asphalt roads,Dry,Daylight,Normal,Driving carelessly,2,3669
7151,31-50,Male,Above 10yr,Asphalt roads,Dry,Daylight,Normal,No distancing,2,749
7152,31-50,Male,1-2yr,Other,Dry,Daylight,Normal,Driving carelessly,2,2055
7153,18-30,Male,Above 10yr,Asphalt roads,Wet or damp,Daylight,Raining,Changing lane to the left,2,295
7154,Over 51,Male,Above 10yr,Asphalt roads,Wet or damp,Daylight,Raining,No priority to vehicle,2,294
7155,Over 51,Male,Above 10yr,Asphalt roads,Wet or damp,Daylight,Raining,Changing lane to the right,2,296
7156,Over 51,Male,Above 10yr,Asphalt roads,Wet or damp,Daylight,Raining,No distancing,2,58
7157,Over 51,Male,5-10yrs,Asphalt roads,Dry,Daylight,Normal,Moving Backward,2,402
7159,31-50,Male,1-2yr,Asphalt roads,Dry,Darkness - lights lit,Normal,No distancing,2,640
7160,31-50,Male,5-10yrs,Other,Dry,Darkness - lights lit,Normal,No distancing,2,3034
7161,Unknown,Male,5-10yrs,Asphalt roads,Dry,Daylight,Normal,No distancing,2,732
7162,31-50,Male,1-2yr,Asphalt roads,Dry,Daylight,Normal,No priority to pedestrian,2,3521
7163,18-30,Male,2-5yrs,Asphalt roads,Dry,Daylight,Normal,Driving carelessly,2,1524
7164,Unknown,Female,5-10yrs,Asphalt roads,Dry,Daylight,Normal,Changing lane to the right,2,481
7165,18-30,Male,5-10yrs,Asphalt roads,Dry,Daylight,Normal,Changing lane to the left,2,482
7166,31-50,Male,1-2yr,Asphalt roads,Dry,Daylight,Normal,Driving carelessly,1,2070
7167,Under 18,Male,1-2yr,Asphalt roads,Dry,Daylight,Normal,Driving carelessly,2,2509
7168,31-50,Male,2-5yrs,Asphalt roads,Dry,Daylight,Normal,No distancing,2,2507
7170,Over 51,Male,Unknown,Other,Wet or damp,Daylight,Raining,Changing lane to the right,2,81
7171,Over 51,Male,Unknown,Asphalt roads,Dry,Darkness - lights lit,Normal,Changing lane to the right,2,7
7173,Over 51,Male,Unknown,Asphalt roads,Dry,Daylight,Windy,No distancing,2,1170
7174,Under 18,Male,Unknown,Asphalt roads,Dry,Daylight,Windy,Overturning,2,245
7175,31-50,Male,Unknown,Asphalt roads with some distress,Dry,Daylight,Normal,Driving at high speed,2,1272
7179,Over 51,Male,2-5yrs,Asphalt roads,Wet or damp,Daylight,Raining,Other,1,64
7186,18-30,Male,5-10yrs,Asphalt roads,Dry,Daylight,Normal,No distancing,2,106
7188,18-30,Male,Unknown,Asphalt roads,Dry,Daylight,Normal,Changing lane to the right,2,9
7189,Over 51,Male,Unknown,Asphalt roads,Dry,Daylight,Normal,No distancing,2,78
7198,31-50,Male,Unknown,Asphalt roads,Wet or damp,Darkness - lights lit,Normal,Driving to the left,2,2297
7200,Over 51,Male,Unknown,Asphalt roads,Dry,Daylight,Normal,Driving to the left,1,370
7203,Over 51,Male,1-2yr,Asphalt roads,Dry,Darkness - lights lit,Raining and Windy,Driving carelessly,2,2687
7204,Over 51,Male,Above 10yr,Asphalt roads,Wet or damp,Daylight,Raining,Changing lane to the right,2,495
7205,18-30,Male,Unknown,Asphalt roads,Wet or damp,Daylight,Raining,Moving Backward,2,494
7208,18-30,Male,Unknown,Asphalt roads,Dry,Daylight,Normal,Driving carelessly,1,106
7209,Unknown,Female,2-5yrs,Asphalt roads,Dry,Daylight,Normal,Driving carelessly,1,488
7210,Over 51,Male,Unknown,Asphalt roads,Wet or damp,Daylight,Normal,Driving carelessly,2,513
7212,31-50,Male,Unknown,Asphalt roads,Dry,Darkness - lights lit,Normal,Changing lane to the right,1,2064
7213,31-50,Male,5-10yrs,Asphalt roads,Dry,Daylight,Normal,Driving carelessly,2,207
7214,Over 51,Male,Unknown,Asphalt roads,Dry,Daylight,Normal,Overtaking,2,929
7218,Unknown,Male,Above 10yr,Asphalt roads,Dry,Daylight,Normal,Changing lane to the right,2,21
7219,18-30,Male,1-2yr,Asphalt roads,Dry,Darkness - lights lit,Unknown,Changing lane to the right,1,457
7220,Unknown,Female,Above 10yr,Asphalt roads,Dry,Darkness - lights lit,Unknown,Overtaking,1,2184
7221,18-30,Male,Below 1yr,Asphalt roads,Wet or damp,Darkness - lights lit,Snow,Other,1,2408
7222,Unknown,Male,Above 10yr,Asphalt roads,Dry,Daylight,Normal,Driving to the left,2,28
7223,18-30,Male,Unknown,Asphalt roads,Dry,Daylight,Normal,Overtaking,2,142
7224,18-30,Male,1-2yr,Asphalt roads,Dry,Daylight,Normal,No priority to vehicle,2,145
7225,18-30,Male,1-2yr,Asphalt roads,Dry,Daylight,Normal,Moving Backward,2,139
7228,Under 18,Male,Above 10yr,Asphalt roads,Wet or damp,Daylight,Raining,No priority to pedestrian,2,800
7236,31-50,Male,Above 10yr,Asphalt roads,Wet or damp,Darkness - lights lit,Other,Moving Backward,2,1637
7238,Over 51,Male,Above 10yr,Asphalt roads,Dry,Darkness - lights lit,Raining,Other,2,3257
7239,Under 18,Male,5-10yrs,Other,Dry,Darkness - lights lit,Normal,No priority to vehicle,2,1491
7240,Under 18,Male,Above 10yr,Asphalt roads,Dry,Darkness - lights lit,Normal,Changing lane to the right,2,1487
7241,18-30,Male,Above 10yr,Asphalt roads,Dry,Darkness - lights lit,Normal,Other,2,304
7247,Unknown,Male,Above 10yr,Asphalt roads,Wet or damp,Daylight,Normal,Moving Backward,2,148
7248,31-50,Male,Above 10yr,Asphalt roads,Wet or damp,Daylight,Normal,No priority to pedestrian,2,1387
7249,18-30,Male,5-10yrs,Asphalt roads,Wet or damp,Daylight,Normal,Changing lane to the left,2,3431
7251,Under 18,Male,5-10yrs,Asphalt roads,Wet or damp,Daylight,Normal,Other,2,122
7259,Over 51,Male,5-10yrs,Asphalt roads,Wet or damp,Darkness - lights lit,Other,Getting off the vehicle improperly,2,3297
7260,Under 18,Male,Above 10yr,Asphalt roads,Wet or damp,Darkness - lights lit,Other,Driving carelessly,2,686
7261,31-50,Male,2-5yrs,Asphalt roads,Wet or damp,Darkness - lights lit,Other,Changing lane to the left,2,438
7263,18-30,Male,Above 10yr,Asphalt roads,Dry,Darkness - lights lit,Normal,Changing lane to the right,2,1685
7264,Unknown,Male,5-10yrs,Earth roads,Wet or damp,Daylight,Raining,Changing lane to the right,2,562
7267,Over 51,Male,5-10yrs,Asphalt roads,Wet or damp,Daylight,Raining,Changing lane to the left,2,14
7270,31-50,Male,Above 10yr,Asphalt roads,Dry,Daylight,Normal,Changing lane to the left,2,397
7271,18-30,Male,1-2yr,Asphalt roads,Dry,Darkness - lights lit,Unknown,No priority to vehicle,2,2290
7272,Unknown,Male,2-5yrs,Asphalt roads,Dry,Darkness - lights lit,Unknown,Moving Backward,2,2289
7273,18-30,Male,Unknown,Asphalt roads,Dry,Daylight,Other,Turnover,2,3572
7275,18-30,Male,2-5yrs,Earth roads,Dry,Darkness - lights lit,Normal,No distancing,2,1737
7276,31-50,Male,Above 10yr,Asphalt roads,Dry,Darkness - lights lit,Normal,No distancing,2,1736
7277,31-50,Male,1-2yr,Asphalt roads,Dry,Daylight,Normal,Changing lane to the left,2,615
7281,18-30,Male,Above 10yr,Asphalt roads,Dry,Darkness - lights lit,Normal,Other,2,195
7282,Under 18,Male,5-10yrs,Asphalt roads,Dry,Daylight,Other,Changing lane to the left,1,732
7284,18-30,Male,5-10yrs,Gravel roads,Dry,Daylight,Raining,Changing lane to the left,1,94
7288,18-30,Male,Above 10yr,Asphalt roads,Dry,Darkness - no lighting,Normal,Other,1,3116
7289,18-30,Male,2-5yrs,Asphalt roads,Dry,Darkness - no lighting,Normal,No distancing,1,3114
7290,Unknown,Male,2-5yrs,Asphalt roads,Wet or damp,Daylight,Unknown,Moving Backward,2,3551
7294,18-30,Male,Below 1yr,Asphalt roads,Dry,Darkness - no lighting,Normal,No priority to pedestrian,0,2067
7295,18-30,Male,5-10yrs,Asphalt roads,Dry,Darkness - no lighting,Normal,Changing lane to the left,0,2068
7297,18-30,Male,1-2yr,Asphalt roads,Dry,Darkness - no lighting,Normal,Driving carelessly,0,2069
7298,18-30,Male,2-5yrs,Asphalt roads,Wet or damp,Darkness - lights lit,Normal,No priority to pedestrian,2,1635
7300,Unknown,Male,2-5yrs,Asphalt roads,Dry,Daylight,Unknown,No distancing,2,707
7304,Unknown,Male,5-10yrs,Asphalt roads,Dry,Daylight,Normal,No priority to pedestrian,2,1891
7306,31-50,Male,Unknown,Asphalt roads,Dry,Daylight,Normal,No priority to vehicle,2,3332
7310,31-50,Male,Unknown,Asphalt roads,Dry,Daylight,Normal,Moving Backward,2,2038
7314,Unknown,Male,5-10yrs,Asphalt roads,Wet or damp,Daylight,Normal,No priority to pedestrian,2,1538
7315,31-50,Male,2-5yrs,Asphalt roads,Wet or damp,Daylight,Normal,Changing lane to the left,2,1537
7321,Under 18,Male,Above 10yr,Asphalt roads,Dry,Darkness - lights lit,Normal,Changing lane to the right,2,200
7324,Under 18,Male,1-2yr,Asphalt roads,Dry,Darkness - lights lit,Normal,Turnover,2,3289
7328,18-30,Male,2-5yrs,Asphalt roads,Dry,Daylight,Normal,Moving Backward,2,298
7329,18-30,Male,5-10yrs,Asphalt roads,Dry,Daylight,Normal,Changing lane to the left,2,297
7330,Under 18,Male,Above 10yr,Asphalt roads,Wet or damp,Daylight,Raining,Overturning,2,653
7331,Under 18,Male,2-5yrs,Asphalt roads,Wet or damp,Daylight,Raining,No distancing,2,650
7335,Over 51,Male,1-2yr,Asphalt roads,Dry,Daylight,Normal,No priority to pedestrian,2,3766
7341,Over 51,Male,5-10yrs,Asphalt roads,Wet or damp,Daylight,Normal,No distancing,2,821
7343,18-30,Male,Unknown,Asphalt roads,Dry,Daylight,Normal,No distancing,2,529
7344,31-50,Male,1-2yr,Asphalt roads,Dry,Daylight,Normal,Changing lane to the left,2,528
7345,18-30,Male,Unknown,Asphalt roads,Dry,Darkness - lights lit,Other,Changing lane to the right,2,2865
7352,Unknown,Female,2-5yrs,Asphalt roads,Dry,Darkness - lights lit,Normal,Changing lane to the right,2,2398
7354,Unknown,Male,Unknown,Asphalt roads,Dry,Daylight,Normal,No priority to vehicle,2,1410
7355,18-30,Male,Above 10yr,Asphalt roads,Dry,Darkness - no lighting,Normal,Changing lane to the left,2,529
7357,18-30,Male,Unknown,Asphalt roads,Dry,Darkness - no lighting,Normal,Overtaking,2,2523
7358,Under 18,Male,2-5yrs,Asphalt roads,Dry,Daylight,Normal,No distancing,2,291
7360,18-30,Male,5-10yrs,Earth roads,Dry,Daylight,Normal,Changing lane to the right,2,2054
7372,18-30,Male,Unknown,Asphalt roads,Dry,Daylight,Normal,Moving Backward,2,217
7374,Unknown,Male,Unknown,Asphalt roads,Dry,Daylight,Normal,No priority to vehicle,2,305
7380,31-50,Male,Unknown,Asphalt roads,Dry,Darkness - lights lit,Normal,No priority to vehicle,1,2954
7381,31-50,Male,Unknown,Asphalt roads,Dry,Darkness - lights lit,Normal,Driving carelessly,1,2955
7382,18-30,Male,Unknown,Asphalt roads,Dry,Daylight,Normal,Moving Backward,1,236
7384,31-50,Male,Unknown,Asphalt roads,Dry,Daylight,Normal,No priority to vehicle,2,1608
7392,31-50,Male,Unknown,Asphalt roads,Dry,Daylight,Normal,Changing lane to the left,2,2493
7395,Unknown,Male,2-5yrs,Asphalt roads,Dry,Daylight,Normal,Driving carelessly,2,21
7410,31-50,Male,Above 10yr,Asphalt roads,Dry,Daylight,Normal,No priority to vehicle,2,3513
7413,Unknown,Male,Unknown,Asphalt roads,Dry,Daylight,Unknown,Changing lane to the right,2,23
7414,Unknown,Female,5-10yrs,Asphalt roads,Dry,Daylight,Unknown,Changing lane to the right,2,22
7415,Unknown,Female,Unknown,Asphalt roads,Dry,Daylight,Unknown,Changing lane to the left,2,184
7416,18-30,Male,Unknown,Asphalt roads,Dry,Daylight,Normal,Changing lane to the left,2,958
7417,18-30,Male,Unknown,Asphalt roads,Dry,Daylight,Normal,Getting off the vehicle improperly,2,961
7418,Over 51,Male,Unknown,Asphalt roads,Wet or damp,Daylight,Normal,Overtaking,2,679
7419,31-50,Male,5-10yrs,Asphalt roads,Wet or damp,Daylight,Normal,Changing lane to the left,2,3237
7420,18-30,Male,Unknown,Asphalt roads,Dry,Daylight,Normal,Driving under the influence of drugs,2,769
7431,18-30,Male,5-10yrs,Asphalt roads,Dry,Daylight,Normal,No distancing,2,2211
7437,31-50,Male,Above 10yr,Asphalt roads,Dry,Daylight,Normal,Driving carelessly,2,2120
7438,Under 18,Male,5-10yrs,Asphalt roads,Dry,Daylight,Normal,Moving Backward,2,2123
7441,Over 51,Male,5-10yrs,Asphalt roads,Dry,Daylight,Normal,No priority to vehicle,2,155
7444,31-50,Male,Above 10yr,Asphalt roads,Dry,Daylight,Normal,Changing lane to the right,2,1613
7445,Under 18,Male,1-2yr,Asphalt roads,Dry,Daylight,Normal,Driving carelessly,2,1609
7446,Under 18,Male,2-5yrs,Asphalt roads,Dry,Daylight,Normal,No distancing,2,332
7447,Under 18,Male,Unknown,Asphalt roads,Dry,Daylight,Normal,Changing lane to the left,2,1615
7449,31-50,Male,2-5yrs,Asphalt roads,Dry,Daylight,Normal,No distancing,2,1195
7450,31-50,Male,Above 10yr,Asphalt roads,Dry,Daylight,Normal,Getting off the vehicle improperly,2,251
7451,18-30,Male,1-2yr,Asphalt roads,Dry,Daylight,Normal,Overtaking,2,1187
7455,Under 18,Male,Above 10yr,Asphalt roads,Dry,Daylight,Normal,Overturning,2,840
7456,18-30,Male,5-10yrs,Asphalt roads,Wet or damp,Daylight,Normal,Driving under the influence of drugs,2,65
7458,Unknown,Male,5-10yrs,Asphalt roads,Wet or damp,Daylight,Normal,Changing lane to the left,2,1539
7462,Under 18,Male,Above 10yr,Asphalt roads,Dry,Darkness - lights lit,Normal,Moving Backward,2,24
7463,Unknown,Male,2-5yrs,Asphalt roads,Dry,Darkness - lights lit,Normal,Moving Backward,2,23
7464,Under 18,Male,2-5yrs,Asphalt roads,Wet or damp,Daylight,Raining and Windy,Getting off the vehicle improperly,2,3280
7468,Unknown,Male,Below 1yr,Asphalt roads,Dry,Daylight,Unknown,Changing lane to the right,2,698
7469,Over 51,Male,5-10yrs,Asphalt roads,Dry,Daylight,Unknown,Changing lane to the right,2,696
7471,Under 18,Male,1-2yr,Asphalt roads,Dry,Darkness - lights lit,Normal,Changing lane to the left,2,2890
7472,31-50,Male,2-5yrs,Asphalt roads,Dry,Daylight,Normal,Changing lane to the right,2,691
7474,18-30,Male,2-5yrs,Asphalt roads,Dry,Daylight,Normal,Driving carelessly,1,1062
7478,Under 18,Male,5-10yrs,Asphalt roads,Wet or damp,Daylight,Windy,No priority to vehicle,2,2512
7480,31-50,Male,Unknown,Asphalt roads,Wet or damp,Daylight,Windy,Moving Backward,2,527
7484,18-30,Male,Unknown,Asphalt roads,Dry,Darkness - lights lit,Normal,No priority to vehicle,2,2875
7488,31-50,Male,5-10yrs,Asphalt roads,Dry,Daylight,Normal,No priority to vehicle,2,80
7489,Over 51,Male,2-5yrs,Asphalt roads,Dry,Daylight,Normal,No distancing,2,232
7495,18-30,Male,Above 10yr,Asphalt roads,Dry,Daylight,Normal,Driving to the left,2,2167
7498,Over 51,Male,1-2yr,Asphalt roads,Dry,Daylight,Normal,Changing lane to the right,2,450
7502,31-50,Male,2-5yrs,Asphalt roads,Wet or damp,Daylight,Normal,Driving carelessly,2,917
7503,31-50,Male,5-10yrs,Asphalt roads,Wet or damp,Daylight,Normal,Driving under the influence of drugs,2,189
7504,31-50,Male,Above 10yr,Asphalt roads,Dry,Daylight,Normal,Driving carelessly,2,2007
7505,18-30,Male,2-5yrs,Asphalt roads,Dry,Daylight,Normal,No distancing,1,3301
7509,Unknown,Male,1-2yr,Asphalt roads,Dry,Daylight,Normal,No distancing,2,218
7515,Unknown,Male,5-10yrs,Asphalt roads,Dry,Daylight,Normal,No distancing,2,938
7517,31-50,Male,Unknown,Asphalt roads,Dry,Daylight,Normal,No distancing,2,937
7518,18-30,Male,1-2yr,Asphalt roads,Dry,Daylight,Normal,Changing lane to the left,2,936
7519,31-50,Male,Unknown,Asphalt roads,Dry,Daylight,Normal,Changing lane to the left,2,1854
7526,18-30,Male,2-5yrs,Asphalt roads,Dry,Daylight,Unknown,No distancing,2,372
7528,Unknown,Male,Unknown,Asphalt roads,Dry,Daylight,Unknown,Getting off the vehicle improperly,2,192
7529,18-30,Male,Above 10yr,Asphalt roads,Dry,Daylight,Normal,No priority to pedestrian,2,1318
7531,18-30,Male,Unknown,Asphalt roads,Dry,Daylight,Normal,No distancing,2,201
7532,Over 51,Male,2-5yrs,Asphalt roads,Dry,Daylight,Normal,Driving carelessly,2,200
7534,18-30,Male,5-10yrs,Asphalt roads,Dry,Daylight,Normal,Changing lane to the right,2,1329
7544,Over 51,Male,Above 10yr,Asphalt roads,Dry,Daylight,Normal,Driving to the left,2,3636
7545,Over 51,Male,5-10yrs,Asphalt roads,Wet or damp,Daylight,Normal,Changing lane to the left,2,3679
7548,18-30,Male,5-10yrs,Asphalt roads,Dry,Daylight,Normal,Changing lane to the right,2,1742
7551,18-30,Male,Above 10yr,Asphalt roads,Dry,Darkness - lights lit,Normal,Changing lane to the left,0,2990
7552,Unknown,Male,1-2yr,Asphalt roads,Dry,Darkness - lights lit,Normal,Moving Backward,2,11
7553,Unknown,Male,2-5yrs,Asphalt roads,Dry,Darkness - lights lit,Normal,No distancing,2,10
7554,31-50,Male,Unknown,Asphalt roads,Dry,Darkness - lights lit,Normal,Changing lane to the right,2,14
7556,31-50,Male,2-5yrs,Asphalt roads,Dry,Darkness - lights lit,Normal,No distancing,2,2880
7557,31-50,Male,Above 10yr,Asphalt roads,Dry,Darkness - lights lit,Normal,Driving to the left,2,2883
7558,31-50,Male,1-2yr,Asphalt roads,Dry,Darkness - lights lit,Normal,Driving to the left,2,2882
7562,18-30,Male,Above 10yr,Asphalt roads,Dry,Daylight,Normal,Driving carelessly,2,1589
7563,Over 51,Male,5-10yrs,Asphalt roads,Dry,Daylight,Normal,Changing lane to the left,2,3504
7565,18-30,Male,5-10yrs,Asphalt roads,Dry,Darkness - lights lit,Normal,No distancing,2,336
7569,Unknown,Male,Above 10yr,Asphalt roads,Dry,Daylight,Normal,No distancing,2,205
7570,18-30,Male,2-5yrs,Asphalt roads,Dry,Daylight,Normal,Driving at high speed,2,389
7576,Under 18,Male,5-10yrs,Gravel roads,Dry,Daylight,Normal,Changing lane to the right,1,1395