,age_of_driver,Sex_of_driver,car_age,Road_surface_type,Road_surface_conditions,Light_conditions,Weather_conditions,Cause_of_accident,Accident_severity,accident history
7578,18-30,Male,1-2yr,Asphalt roads,Dry,Daylight,Normal,Changing lane to the left,2,238
7579,Over 51,Male,2-5yrs,Asphalt roads,Dry,Daylight,Normal,Driving carelessly,2,239
7581,Under 18,Male,2-5yrs,Asphalt roads,Dry,Daylight,Normal,No priority to vehicle,1,1271
7585,Over 51,Male,5-10yrs,Asphalt roads,Wet or damp,Daylight,Normal,No priority to vehicle,2,21
7587,Unknown,Male,Unknown,Asphalt roads,Wet or damp,Daylight,Normal,Changing lane to the left,2,67
7591,Unknown,Male,Unknown,Asphalt roads,Dry,Daylight,Normal,No distancing,1,2311
7595,18-30,Male,5-10yrs,Asphalt roads,Dry,Daylight,Normal,Overturning,2,797
7596,31-50,Male,2-5yrs,Asphalt roads,Dry,Daylight,Normal,No priority to vehicle,2,169
7602,18-30,Male,Above 10yr,Asphalt roads,Wet or damp,Daylight,Raining,Driving under the influence of drugs,1,129
7605,31-50,Male,1-2yr,Asphalt roads,Dry,Daylight,Normal,No priority to vehicle,2,421
7609,Over 51,Male,2-5yrs,Asphalt roads,Dry,Daylight,Normal,Changing lane to the right,2,283
7610,18-30,Male,5-10yrs,Asphalt roads,Dry,Daylight,Normal,Changing lane to the right,2,1427
7611,Over 51,Male,Above 10yr,Asphalt roads,Dry,Daylight,Normal,Changing lane to the right,2,1428
7612,31-50,Male,2-5yrs,Asphalt roads,Dry,Daylight,Normal,Moving Backward,2,485
7616,Over 51,Male,1-2yr,Asphalt roads,Dry,Daylight,Normal,Driving carelessly,1,2784
7622,18-30,Male,5-10yrs,Asphalt roads,Dry,Darkness - lights lit,Normal,No priority to vehicle,2,2985
7624,Over 51,Male,Unknown,Asphalt roads,Dry,Daylight,Normal,Moving Backward,2,1828
7625,18-30,Male,1-2yr,Asphalt roads,Dry,Daylight,Normal,Driving carelessly,2,202
7626,18-30,Male,Unknown,Asphalt roads,Dry,Daylight,Normal,Changing lane to the left,2,959
7633,18-30,Male,2-5yrs,Asphalt roads,Dry,Daylight,Normal,Moving Backward,2,1327
7635,Over 51,Male,Unknown,Asphalt roads,Dry,Daylight,Normal,Changing lane to the left,2,745
7636,Over 51,Male,Above 10yr,Asphalt roads,Dry,Daylight,Normal,Changing lane to the left,2,746
7638,31-50,Male,Unknown,Asphalt roads,Dry,Daylight,Normal,No distancing,2,2330
7639,Under 18,Male,2-5yrs,Asphalt roads,Dry,Daylight,Normal,Changing lane to the right,2,169
7641,31-50,Male,5-10yrs,Asphalt roads,Dry,Daylight,Unknown,Moving Backward,2,3620
7653,18-30,Male,Unknown,Asphalt roads,Dry,Daylight,Normal,Overturning,2,1126
7655,18-30,Male,Unknown,Asphalt roads,Dry,Daylight,Normal,Moving Backward,2,2149
7661,Over 51,Male,Unknown,Asphalt roads,Dry,Daylight,Normal,Changing lane to the left,2,657
7662,Unknown,Male,Unknown,Asphalt roads,Dry,Daylight,Normal,Driving carelessly,2,1547
7663,18-30,Male,Unknown,Asphalt roads,Dry,Daylight,Normal,No distancing,2,1546
7665,18-30,Male,Unknown,Asphalt roads,Dry,Daylight,Normal,No priority to pedestrian,2,88
7673,31-50,Male,Unknown,Asphalt roads,Wet or damp,Daylight,Raining,Changing lane to the right,1,358
7676,18-30,Male,2-5yrs,Asphalt roads,Dry,Darkness - lights lit,Normal,Changing lane to the left,2,2575
7691,31-50,Male,Above 10yr,Asphalt roads,Wet or damp,Daylight,Raining,Driving carelessly,2,347
7694,18-30,Male,Unknown,Asphalt roads,Dry,Daylight,Normal,No distancing,2,3328
7695,18-30,Male,5-10yrs,Asphalt roads,Wet or damp,Daylight,Raining,No priority to vehicle,2,730
7696,18-30,Male,Unknown,Asphalt roads,Wet or damp,Daylight,Raining,Driving to the left,2,729
7697,18-30,Male,Unknown,Asphalt roads,Wet or damp,Daylight,Raining,No priority to vehicle,2,731
7698,31-50,Male,Unknown,Asphalt roads,Dry,Daylight,Normal,No priority to vehicle,1,322
7699,31-50,Male,Unknown,Asphalt roads,Dry,Daylight,Normal,No priority to vehicle,1,321
7700,Unknown,Male,5-10yrs,Asphalt roads,Wet or damp,Daylight,Raining,No distancing,2,1439
7701,31-50,Male,Unknown,Asphalt roads,Wet or damp,Daylight,Raining,Moving Backward,2,292
7712,31-50,Male,5-10yrs,Asphalt roads,Dry,Daylight,Normal,No priority to vehicle,2,366
7719,31-50,Male,Unknown,Asphalt roads,Dry,Daylight,Normal,Driving carelessly,2,263
7722,31-50,Male,5-10yrs,Asphalt roads,Dry,Daylight,Normal,Overtaking,2,2005
7723,Unknown,Male,5-10yrs,Asphalt roads,Dry,Daylight,Normal,No priority to vehicle,2,2074
7732,18-30,Male,2-5yrs,Asphalt roads,Dry,Daylight,Normal,No distancing,2,1514
7734,Over 51,Male,2-5yrs,Asphalt roads,Dry,Daylight,Normal,Driving under the influence of drugs,2,158
7745,18-30,Male,Below 1yr,Asphalt roads,Dry,Darkness - lights lit,Normal,Changing lane to the right,2,2351
7746,Over 51,Male,2-5yrs,Asphalt roads,Dry,Darkness - lights lit,Normal,Driving carelessly,2,2352
7748,Unknown,Male,5-10yrs,Asphalt roads,Dry,Daylight,Normal,Changing lane to the right,1,1408
7749,Over 51,Male,Unknown,Asphalt roads,Dry,Daylight,Normal,Driving carelessly,2,3621
7751,Unknown,Male,1-2yr,Asphalt roads,Dry,Daylight,Normal,No priority to vehicle,2,1585
7752,Unknown,Male,Above 10yr,Asphalt roads,Dry,Daylight,Normal,Changing lane to the right,2,324
7753,18-30,Male,2-5yrs,Asphalt roads,Dry,Daylight,Normal,Turnover,2,166
7754,18-30,Male,1-2yr,Asphalt roads,Dry,Daylight,Normal,No priority to vehicle,2,1574
7755,18-30,Male,1-2yr,Asphalt roads,Dry,Daylight,Normal,Driving at high speed,1,223
7756,Over 51,Male,1-2yr,Asphalt roads,Dry,Daylight,Normal,No distancing,2,166
7757,31-50,Male,2-5yrs,Asphalt roads,Dry,Daylight,Normal,No distancing,2,165
7758,31-50,Male,1-2yr,Asphalt roads,Dry,Daylight,Normal,Driving carelessly,2,1180
7759,Over 51,Male,1-2yr,Asphalt roads,Dry,Daylight,Normal,Driving carelessly,2,3673
7760,Unknown,Female,Unknown,Asphalt roads,Dry,Daylight,Normal,Moving Backward,2,456
7762,Under 18,Male,1-2yr,Asphalt roads,Dry,Daylight,Normal,Changing lane to the right,1,90
7763,31-50,Male,1-2yr,Asphalt roads,Dry,Daylight,Normal,Overtaking,1,2165
7764,Unknown,Female,Below 1yr,Asphalt roads,Dry,Darkness - lights lit,Normal,No distancing,2,279
7767,31-50,Male,Above 10yr,Asphalt roads,Dry,Daylight,Normal,No distancing,2,132
7770,18-30,Male,2-5yrs,Asphalt roads,Dry,Darkness - lights lit,Unknown,No priority to vehicle,2,3099
7771,Over 51,Male,2-5yrs,Asphalt roads,Dry,Daylight,Normal,Changing lane to the left,2,756
7772,Unknown,Female,2-5yrs,Asphalt roads,Dry,Daylight,Normal,No distancing,2,754
7774,Over 51,Male,2-5yrs,Asphalt roads,Dry,Daylight,Normal,Changing lane to the left,1,235
7777,18-30,Male,Above 10yr,Asphalt roads,Dry,Daylight,Normal,Driving at high speed,2,2047
7778,18-30,Male,2-5yrs,Asphalt roads,Dry,Daylight,Normal,Overtaking,2,2049
7779,18-30,Male,Above 10yr,Asphalt roads,Dry,Daylight,Normal,Changing lane to the right,2,2048
7780,18-30,Male,Above 10yr,Earth roads,Dry,Daylight,Normal,Changing lane to the right,2,1569
7782,Over 51,Male,Above 10yr,Asphalt roads,Dry,Daylight,Normal,Moving Backward,2,131
7788,31-50,Male,Unknown,Asphalt roads,Wet or damp,Daylight,Raining,Changing lane to the left,2,3450
7811,31-50,Male,5-10yrs,Asphalt roads,Dry,Darkness - lights lit,Unknown,No distancing,2,2708
7812,31-50,Male,Unknown,Asphalt roads,Dry,Darkness - lights lit,Unknown,No priority to pedestrian,2,2707
7817,31-50,Male,Above 10yr,Asphalt roads,Dry,Daylight,Normal,Changing lane to the right,2,380
7818,31-50,Male,5-10yrs,Asphalt roads,Dry,Darkness - lights lit,Normal,Moving Backward,2,2668
7821,Unknown,Male,5-10yrs,Asphalt roads,Dry,Daylight,Normal,Changing lane to the left,2,1289
7824,Unknown,Female,Above 10yr,Asphalt roads,Dry,Daylight,Normal,Moving Backward,2,401
7825,31-50,Male,1-2yr,Asphalt roads,Dry,Daylight,Normal,Changing lane to the right,2,85
7826,31-50,Male,2-5yrs,Asphalt roads,Dry,Daylight,Normal,Changing lane to the right,2,585
7827,Over 51,Male,Unknown,Asphalt roads,Dry,Daylight,Normal,No distancing,2,584
7829,Unknown,Male,2-5yrs,Asphalt roads,Dry,Darkness - lights lit,Normal,No distancing,2,547
7830,Unknown,Male,Above 10yr,Asphalt roads,Dry,Darkness - lights lit,Normal,Driving carelessly,2,557
7831,18-30,Male,1-2yr,Asphalt roads,Wet or damp,Darkness - lights lit,Normal,No priority to pedestrian,2,2487
7835,31-50,Male,Above 10yr,Asphalt roads,Wet or damp,Daylight,Raining,No distancing,1,808
7836,31-50,Male,5-10yrs,Asphalt roads,Wet or damp,Daylight,Raining,Driving carelessly,1,809
7838,Unknown,Male,5-10yrs,Asphalt roads,Dry,Daylight,Normal,Moving Backward,2,193
7842,31-50,Male,Above 10yr,Asphalt roads,Wet or damp,Darkness - lights unlit,Raining,Getting off the vehicle improperly,2,77
7843,31-50,Male,2-5yrs,Asphalt roads,Dry,Darkness - lights unlit,Normal,No distancing,1,3018
7844,18-30,Male,2-5yrs,Asphalt roads,Dry,Darkness - lights unlit,Normal,No distancing,1,3023
7848,18-30,Male,Below 1yr,Asphalt roads,Dry,Darkness - lights lit,Normal,Changing lane to the right,1,2544
7849,18-30,Male,5-10yrs,Asphalt roads,Dry,Daylight,Normal,No distancing,2,531
7851,Over 51,Male,1-2yr,Asphalt roads,Dry,Daylight,Normal,No distancing,2,3548
7852,Unknown,Male,2-5yrs,Asphalt roads,Dry,Daylight,Normal,Driving under the influence of drugs,2,3547
7854,18-30,Male,2-5yrs,Asphalt roads,Dry,Daylight,Normal,Getting off the vehicle improperly,2,197
7858,31-50,Male,5-10yrs,Asphalt roads,Dry,Daylight,Normal,No distancing,2,3737
7860,18-30,Male,Unknown,Asphalt roads,Dry,Daylight,Normal,Driving carelessly,2,3736
7864,31-50,Male,Unknown,Asphalt roads,Wet or damp,Daylight,Raining,Getting off the vehicle improperly,2,442
7868,31-50,Male,5-10yrs,Asphalt roads,Dry,Daylight,Normal,Changing lane to the left,2,160
7869,Unknown,Female,2-5yrs,Asphalt roads,Wet or damp,Darkness - lights lit,Normal,No distancing,2,1597
7875,31-50,Male,Above 10yr,Asphalt roads,Snow,Daylight,Snow,No distancing,2,3435
7878,18-30,Male,1-2yr,Asphalt roads,Wet or damp,Daylight,Raining,No distancing,2,45
7882,18-30,Male,2-5yrs,Asphalt roads,Dry,Darkness - lights lit,Normal,No distancing,2,95
7883,18-30,Male,5-10yrs,Asphalt roads,Dry,Darkness - lights lit,Normal,Moving Backward,2,476
7884,18-30,Male,Above 10yr,Asphalt roads,Dry,Darkness - lights lit,Normal,Changing lane to the right,2,2272
7885,Unknown,Male,2-5yrs,Asphalt roads,Dry,Darkness - lights lit,Normal,Moving Backward,2,2271
7889,31-50,Male,1-2yr,Asphalt roads,Wet or damp,Darkness - lights lit,Normal,No distancing,1,2107
7895,Under 18,Male,5-10yrs,Asphalt roads,Wet or damp,Darkness - lights lit,Other,Moving Backward,2,2173
7897,Under 18,Male,Unknown,Asphalt roads,Wet or damp,Daylight,Normal,Changing lane to the right,2,141
7898,Under 18,Male,1-2yr,Asphalt roads,Dry,Daylight,Normal,No priority to vehicle,2,3391
7899,Under 18,Male,Unknown,Asphalt roads,Dry,Darkness - lights lit,Normal,Changing lane to the left,2,2294
7906,18-30,Male,2-5yrs,Asphalt roads,Dry,Darkness - lights lit,Normal,Changing lane to the left,2,594
7908,Under 18,Male,Unknown,Asphalt roads,Wet or damp,Darkness - lights lit,Normal,Changing lane to the left,2,2869
7909,Over 51,Male,Above 10yr,Asphalt roads,Wet or damp,Daylight,Raining,Driving under the influence of drugs,2,282
7911,Over 51,Male,Unknown,Asphalt roads,Wet or damp,Daylight,Raining,Changing lane to the left,2,1374
7912,31-50,Male,2-5yrs,Asphalt roads,Dry,Daylight,Normal,Moving Backward,1,1532
7914,31-50,Male,5-10yrs,Asphalt roads,Dry,Daylight,Normal,Changing lane to the left,2,803
7917,18-30,Male,Above 10yr,Asphalt roads,Dry,Darkness - lights lit,Other,Overloading,2,3447
7918,Unknown,Male,5-10yrs,Asphalt roads,Snow,Daylight,Snow,Other,2,611
7921,18-30,Male,5-10yrs,Asphalt roads,Snow,Daylight,Snow,Moving Backward,2,610
7924,31-50,Male,Above 10yr,Asphalt roads,Dry,Daylight,Normal,No distancing,1,3704
7925,Unknown,Female,1-2yr,Asphalt roads,Dry,Daylight,Unknown,No priority to vehicle,2,1642
7926,18-30,Male,2-5yrs,Asphalt roads,Dry,Daylight,Normal,No distancing,2,1110
7927,31-50,Male,Unknown,Asphalt roads,Wet or damp,Daylight,Raining,No distancing,2,3692
7929,18-30,Male,2-5yrs,Asphalt roads,Dry,Daylight,Normal,Changing lane to the right,2,199
7930,31-50,Male,Above 10yr,Asphalt roads,Dry,Daylight,Normal,No priority to pedestrian,2,944
7931,18-30,Male,1-2yr,Asphalt roads,Dry,Daylight,Normal,Moving Backward,2,161
7935,31-50,Male,Above 10yr,Asphalt roads,Wet or damp,Darkness - lights lit,Normal,Changing lane to the right,2,1729
7936,18-30,Male,5-10yrs,Asphalt roads,Wet or damp,Darkness - lights lit,Normal,Overtaking,2,1733
7938,Over 51,Male,5-10yrs,Asphalt roads,Dry,Daylight,Other,Other,2,798
7942,Under 18,Male,Above 10yr,Asphalt roads,Wet or damp,Darkness - lights lit,Other,Changing lane to the left,2,6
7943,18-30,Male,2-5yrs,Asphalt roads,Wet or damp,Darkness - lights lit,Raining,No priority to pedestrian,1,2504
7944,31-50,Male,2-5yrs,Asphalt roads,Wet or damp,Darkness - lights lit,Raining,No distancing,1,2503
7948,31-50,Male,Below 1yr,Asphalt roads,Dry,Daylight,Normal,Overtaking,1,700
7949,18-30,Male,5-10yrs,Asphalt roads,Dry,Daylight,Normal,Changing lane to the left,2,524
7951,Unknown,Male,1-2yr,Asphalt roads,Dry,Daylight,Normal,Overtaking,2,523
7952,18-30,Male,2-5yrs,Asphalt roads,Dry,Daylight,Normal,Overloading,2,3503
7954,31-50,Male,2-5yrs,Asphalt roads,Dry,Darkness - lights lit,Unknown,No priority to vehicle,2,2851
7958,Unknown,Male,5-10yrs,Asphalt roads,Wet or damp,Darkness - lights lit,Raining,No priority to pedestrian,2,1640
7960,Unknown,Male,Unknown,Asphalt roads,Dry,Daylight,Unknown,No priority to vehicle,2,1338
7964,31-50,Male,Unknown,Asphalt roads,Dry,Daylight,Normal,Changing lane to the right,2,1544
7968,31-50,Male,5-10yrs,Asphalt roads,Dry,Daylight,Normal,Overtaking,2,106
7969,18-30,Male,2-5yrs,Asphalt roads with some distress,Dry,Daylight,Normal,Overloading,2,3454
7975,31-50,Male,Above 10yr,Asphalt roads,Dry,Darkness - lights lit,Normal,No priority to pedestrian,2,2803
7978,31-50,Male,1-2yr,Asphalt roads,Dry,Daylight,Normal,No priority to vehicle,2,3556
7982,31-50,Male,2-5yrs,Asphalt roads,Dry,Daylight,Normal,No distancing,2,3560
7983,31-50,Male,5-10yrs,Asphalt roads,Wet or damp,Daylight,Raining,No priority to vehicle,2,259
7984,Under 18,Male,Above 10yr,Asphalt roads,Wet or damp,Daylight,Raining,Other,2,1241
7985,31-50,Male,2-5yrs,Asphalt roads,Dry,Daylight,Normal,Driving carelessly,2,911
7989,31-50,Male,1-2yr,Asphalt roads,Dry,Daylight,Normal,No priority to vehicle,2,65
7995,Unknown,Female,5-10yrs,Asphalt roads,Dry,Daylight,Normal,Changing lane to the right,2,1595
7997,18-30,Male,Unknown,Asphalt roads,Dry,Daylight,Normal,Getting off the vehicle improperly,2,1594
7998,Under 18,Male,1-2yr,Asphalt roads,Dry,Daylight,Normal,Other,2,1171
7999,18-30,Male,Unknown,Asphalt roads,Dry,Daylight,Normal,Other,2,1172
8006,31-50,Male,2-5yrs,Asphalt roads,Dry,Daylight,Normal,Driving carelessly,2,2252
8008,18-30,Male,Unknown,Asphalt roads,Dry,Darkness - lights lit,Normal,Overtaking,2,3082
8009,Under 18,Male,Above 10yr,Asphalt roads with some distress,Dry,Daylight,Normal,Other,2,105
8011,18-30,Male,Unknown,Asphalt roads,Dry,Daylight,Normal,Driving at high speed,2,234
8012,18-30,Male,2-5yrs,Asphalt roads,Dry,Daylight,Normal,Unknown,2,2172
8014,18-30,Male,5-10yrs,Asphalt roads,Dry,Daylight,Normal,Overtaking,1,3627
8017,31-50,Male,Above 10yr,Asphalt roads,Dry,Daylight,Normal,Overtaking,2,437
8018,31-50,Male,5-10yrs,Asphalt roads,Dry,Daylight,Normal,Overloading,2,438
8021,31-50,Male,5-10yrs,Asphalt roads,Dry,Daylight,Normal,Changing lane to the right,2,107
8024,18-30,Male,Above 10yr,Asphalt roads,Dry,Daylight,Normal,No priority to pedestrian,2,152
8025,18-30,Male,1-2yr,Asphalt roads,Dry,Daylight,Normal,No distancing,2,156
8026,18-30,Male,2-5yrs,Asphalt roads,Dry,Darkness - lights lit,Normal,No priority to vehicle,2,2732
8027,Under 18,Male,Unknown,Asphalt roads,Dry,Darkness - lights lit,Normal,No distancing,2,2724
8029,Over 51,Male,2-5yrs,Gravel roads,Dry,Daylight,Normal,Moving Backward,2,80
8030,Over 51,Male,Above 10yr,Asphalt roads,Dry,Daylight,Normal,Changing lane to the right,2,10
8031,Over 51,Male,1-2yr,Asphalt roads,Dry,Daylight,Normal,No priority to pedestrian,2,77
8035,18-30,Male,Above 10yr,Asphalt roads,Dry,Darkness - lights lit,Normal,Overloading,2,40
8036,31-50,Male,5-10yrs,Asphalt roads,Dry,Darkness - lights lit,Normal,Changing lane to the right,2,39
8038,Over 51,Male,5-10yrs,Asphalt roads,Dry,Daylight,Normal,Other,2,3772
8042,31-50,Male,Above 10yr,Asphalt roads,Wet or damp,Daylight,Raining,Overspeed,2,667
8043,18-30,Male,2-5yrs,Asphalt roads,Wet or damp,Daylight,Raining,Changing lane to the left,2,3172
8044,31-50,Male,2-5yrs,Gravel roads,Dry,Daylight,Normal,No priority to vehicle,2,23
8048,18-30,Male,Below 1yr,Asphalt roads,Dry,Daylight,Normal,No distancing,2,120
8049,18-30,Male,5-10yrs,Earth roads,Dry,Daylight,Normal,No priority to vehicle,2,1565
8051,31-50,Male,1-2yr,Asphalt roads,Dry,Daylight,Normal,Driving carelessly,2,1676
8060,31-50,Male,Unknown,Asphalt roads,Dry,Daylight,Normal,No distancing,2,3731
8064,Over 51,Male,Unknown,Asphalt roads,Dry,Daylight,Normal,Other,1,1051
8068,31-50,Male,5-10yrs,Asphalt roads,Dry,Daylight,Normal,Overtaking,2,89
8069,18-30,Male,2-5yrs,Asphalt roads,Dry,Daylight,Normal,No priority to pedestrian,1,1144
8075,31-50,Male,Above 10yr,Earth roads,Dry,Daylight,Normal,Other,1,2169
8078,Over 51,Male,1-2yr,Asphalt roads,Dry,Daylight,Normal,Unknown,2,1265
8082,18-30,Male,2-5yrs,Gravel roads,Dry,Daylight,Normal,No priority to vehicle,2,230
8083,18-30,Male,5-10yrs,Asphalt roads,Dry,Daylight,Normal,Changing lane to the left,2,2145
8084,18-30,Male,Above 10yr,Asphalt roads,Dry,Daylight,Normal,No priority to pedestrian,2,81
8085,18-30,Male,2-5yrs,Earth roads,Dry,Daylight,Normal,Overtaking,2,11
8089,Over 51,Male,1-2yr,Asphalt roads,Dry,Daylight,Normal,Changing lane to the right,2,625
8095,Over 51,Male,5-10yrs,Asphalt roads,Dry,Daylight,Normal,Driving carelessly,2,157
8097,18-30,Male,Unknown,Asphalt roads,Dry,Daylight,Normal,Driving carelessly,2,1968
8098,18-30,Male,1-2yr,Asphalt roads,Dry,Daylight,Normal,Changing lane to the left,2,1971
8099,31-50,Female,Unknown,Asphalt roads,Dry,Daylight,Normal,No priority to vehicle,2,1967
8106,18-30,Male,2-5yrs,Earth roads,Dry,Daylight,Normal,No distancing,2,2295
8108,18-30,Male,Unknown,Asphalt roads,Dry,Daylight,Normal,Driving carelessly,2,488
8109,18-30,Male,Above 10yr,Asphalt roads,Dry,Daylight,Normal,Changing lane to the right,2,2317
8111,18-30,Male,Unknown,Asphalt roads,Dry,Daylight,Normal,Driving carelessly,2,3745
8112,Over 51,Male,2-5yrs,Asphalt roads,Dry,Daylight,Normal,Driving carelessly,2,3748
8114,18-30,Male,5-10yrs,Asphalt roads,Dry,Darkness - lights lit,Normal,Other,2,2937
8120,Over 51,Male,Above 10yr,Asphalt roads,Dry,Daylight,Normal,Driving at high speed,2,2140
8121,Over 51,Male,5-10yrs,Asphalt roads,Dry,Daylight,Normal,No priority to vehicle,2,2138
8124,18-30,Male,5-10yrs,Asphalt roads,Wet or damp,Daylight,Raining,Other,2,2420
8127,31-50,Male,Above 10yr,Asphalt roads,Dry,Daylight,Normal,No distancing,1,448
8128,18-30,Male,1-2yr,Asphalt roads,Dry,Daylight,Normal,Moving Backward,1,2166
8129,Under 18,Male,2-5yrs,Asphalt roads,Dry,Daylight,Normal,No priority to vehicle,2,2505
8130,Under 18,Male,Unknown,Asphalt roads,Dry,Daylight,Normal,Driving carelessly,2,2506
8132,18-30,Male,2-5yrs,Asphalt roads,Dry,Daylight,Normal,Other,2,599
8133,31-50,Male,Above 10yr,Asphalt roads,Dry,Daylight,Normal,Changing lane to the right,2,596
8134,31-50,Male,1-2yr,Asphalt roads,Dry,Daylight,Normal,No distancing,2,894
8138,31-50,Male,Above 10yr,Asphalt roads,Dry,Daylight,Normal,Changing lane to the right,2,2133
8139,18-30,Male,5-10yrs,Earth roads,Dry,Daylight,Normal,No priority to pedestrian,2,2132
8145,31-50,Male,Above 10yr,Asphalt roads,Dry,Daylight,Normal,Driving to the left,1,3597
8146,31-50,Male,2-5yrs,Asphalt roads,Dry,Daylight,Normal,Driving carelessly,1,3596
8147,31-50,Male,2-5yrs,Asphalt roads,Dry,Daylight,Normal,No priority to pedestrian,1,742
8151,18-30,Male,Below 1yr,Gravel roads,Dry,Daylight,Normal,Driving carelessly,2,10
8152,Unknown,Female,5-10yrs,Asphalt roads,Dry,Daylight,Normal,Changing lane to the right,2,591
8154,18-30,Male,1-2yr,Asphalt roads,Dry,Daylight,Normal,Driving carelessly,2,2798
8155,18-30,Male,2-5yrs,Asphalt roads,Dry,Daylight,Normal,Driving carelessly,2,1992
8157,18-30,Male,2-5yrs,Asphalt roads,Dry,Daylight,Normal,Changing lane to the right,2,1990
8161,Under 18,Male,5-10yrs,Asphalt roads,Dry,Daylight,Normal,No distancing,2,706
8163,31-50,Male,Unknown,Asphalt roads,Dry,Daylight,Normal,Changing lane to the right,2,1086
8167,18-30,Male,Unknown,Asphalt roads,Dry,Daylight,Other,Driving to the left,2,17
8171,Over 51,Male,5-10yrs,Asphalt roads,Wet or damp,Daylight,Normal,Other,2,22
8172,18-30,Male,2-5yrs,Asphalt roads,Dry,Daylight,Normal,No priority to vehicle,2,60
8178,18-30,Male,Above 10yr,Asphalt roads,Dry,Daylight,Normal,Changing lane to the left,2,35
8181,31-50,Male,1-2yr,Asphalt roads,Dry,Daylight,Normal,Moving Backward,2,146
8185,18-30,Male,2-5yrs,Asphalt roads,Dry,Daylight,Normal,Changing lane to the right,2,33
8187,31-50,Male,Above 10yr,Other,Dry,Daylight,Normal,No distancing,1,12
8188,18-30,Male,2-5yrs,Asphalt roads,Dry,Daylight,Normal,Driving carelessly,1,23
8192,31-50,Male,1-2yr,Asphalt roads with some distress,Dry,Daylight,Normal,Moving Backward,2,23
8198,18-30,Male,5-10yrs,Earth roads,Dry,Daylight,Normal,No priority to pedestrian,2,3388
8200,31-50,Male,Unknown,Asphalt roads,Dry,Darkness - lights lit,Normal,No priority to pedestrian,2,276
8201,Over 51,Male,1-2yr,Asphalt roads,Dry,Darkness - lights lit,Normal,No distancing,2,2502
8202,18-30,Male,Unknown,Asphalt roads,Dry,Darkness - lights lit,Normal,No priority to pedestrian,2,526
8209,31-50,Male,2-5yrs,Asphalt roads,Dry,Daylight,Normal,Changing lane to the left,2,3516
8211,31-50,Male,Unknown,Asphalt roads,Dry,Daylight,Normal,Overtaking,1,3715
8212,Over 51,Male,Above 10yr,Asphalt roads,Dry,Darkness - lights lit,Normal,Overloading,2,553
8214,Over 51,Male,Unknown,Asphalt roads,Dry,Darkness - lights lit,Normal,No priority to vehicle,2,143
8215,31-50,Male,2-5yrs,Asphalt roads,Dry,Darkness - lights lit,Normal,Changing lane to the right,2,3196
8217,18-30,Male,5-10yrs,Asphalt roads,Dry,Darkness - lights lit,Normal,Changing lane to the left,1,2633
8229,18-30,Male,Unknown,Asphalt roads,Dry,Darkness - lights lit,Normal,Overloading,1,636
8231,18-30,Male,Unknown,Asphalt roads,Dry,Daylight,Normal,Improper parking,2,1429
8237,31-50,Male,Unknown,Asphalt roads,Dry,Daylight,Normal,Changing lane to the left,2,1678
8238,Over 51,Male,Unknown,Asphalt roads,Dry,Daylight,Normal,No priority to vehicle,2,174
8239,18-30,Male,Unknown,Asphalt roads,Dry,Daylight,Normal,Changing lane to the right,2,150
8241,31-50,Male,Unknown,Asphalt roads,Dry,Daylight,Normal,No priority to pedestrian,2,693
8249,31-50,Male,Unknown,Asphalt roads,Dry,Daylight,Normal,No priority to vehicle,2,1827
8252,Unknown,Female,2-5yrs,Asphalt roads,Wet or damp,Darkness - lights lit,Raining,Changing lane to the right,2,3160
8256,18-30,Male,Above 10yr,Other,Wet or damp,Darkness - lights lit,Raining,Changing lane to the left,2,209
8257,Over 51,Male,5-10yrs,Asphalt roads,Wet or damp,Darkness - lights lit,Raining,Getting off the vehicle improperly,2,1909
8260,18-30,Male,5-10yrs,Asphalt roads,Wet or damp,Daylight,Raining,No distancing,2,692
8263,Over 51,Male,Above 10yr,Earth roads,Dry,Darkness - lights lit,Normal,No priority to pedestrian,2,411
8264,18-30,Male,1-2yr,Asphalt roads,Wet or damp,Darkness - lights lit,Normal,No distancing,2,2536
8265,18-30,Male,2-5yrs,Asphalt roads,Wet or damp,Darkness - lights lit,Normal,Changing lane to the right,2,2535
8266,18-30,Male,Unknown,Asphalt roads,Wet or damp,Daylight,Normal,Driving carelessly,2,240
8268,Under 18,Unknown,2-5yrs,Asphalt roads,Wet or damp,Darkness - lights lit,Normal,Overtaking,2,2603
8269,31-50,Male,Above 10yr,Asphalt roads,Wet or damp,Darkness - lights lit,Normal,Other,2,2602
8270,Unknown,Female,1-2yr,Asphalt roads,Dry,Darkness - lights lit,Cloudy,Driving to the left,1,2275
8274,Over 51,Male,Above 10yr,Asphalt roads,Dry,Daylight,Normal,No distancing,2,255
8275,18-30,Male,5-10yrs,Asphalt roads,Dry,Daylight,Normal,Other,2,250
8277,31-50,Male,5-10yrs,Asphalt roads,Wet or damp,Daylight,Raining,Changing lane to the left,2,3331
8281,31-50,Male,Above 10yr,Earth roads,Dry,Daylight,Normal,No priority to vehicle,2,666
8282,Over 51,Male,2-5yrs,Asphalt roads,Dry,Daylight,Normal,No priority to pedestrian,2,665
8283,31-50,Male,2-5yrs,Asphalt roads,Wet or damp,Darkness - lights lit,Raining,Changing lane to the right,2,1535
8287,31-50,Male,Below 1yr,Asphalt roads,Wet or damp,Darkness - lights lit,Windy,Changing lane to the left,1,2986
8288,31-50,Male,5-10yrs,Asphalt roads,Wet or damp,Daylight,Normal,Overturning,2,835
8290,18-30,Male,1-2yr,Asphalt roads,Wet or damp,Daylight,Normal,No distancing,2,833
8291,18-30,Male,2-5yrs,Asphalt roads,Dry,Daylight,Cloudy,Driving carelessly,2,91
8293,18-30,Female,2-5yrs,Asphalt roads,Dry,Daylight,Cloudy,No priority to vehicle,2,824
8297,18-30,Male,5-10yrs,Asphalt roads,Dry,Darkness - lights lit,Normal,Moving Backward,2,292
8299,18-30,Male,Unknown,Asphalt roads,Dry,Daylight,Normal,No distancing,2,3850