,age_of_driver,Sex_of_driver,car_age,Road_surface_type,Road_surface_conditions,Light_conditions,Weather_conditions,Cause_of_accident,Accident_severity,accident history
8303,18-30,Male,Unknown,Asphalt roads,Dry,Darkness - no lighting,Normal,Changing lane to the right,2,512
8307,Over 51,Male,5-10yrs,Asphalt roads,Wet or damp,Daylight,Normal,No distancing,2,708
8308,Under 18,Male,2-5yrs,Asphalt roads,Wet or damp,Daylight,Normal,Other,2,88
8314,31-50,Male,Above 10yr,Asphalt roads,Wet or damp,Daylight,Normal,Driving at high speed,2,163
8317,18-30,Male,1-2yr,Asphalt roads,Wet or damp,Darkness - lights lit,Normal,No priority to vehicle,2,3198
8321,18-30,Male,2-5yrs,Asphalt roads,Wet or damp,Darkness - lights lit,Windy,No distancing,1,3176
8322,31-50,Male,5-10yrs,Earth roads,Wet or damp,Darkness - lights lit,Windy,Moving Backward,1,3177
8323,18-30,Male,Above 10yr,Asphalt roads,Wet or damp,Darkness - lights lit,Raining,No priority to vehicle,2,2000
8324,31-50,Male,2-5yrs,Asphalt roads,Wet or damp,Darkness - lights lit,Raining,Driving carelessly,2,1997
8328,31-50,Male,1-2yr,Asphalt roads,Wet or damp,Daylight,Normal,No distancing,2,773
8334,31-50,Male,5-10yrs,Other,Wet or damp,Darkness - lights lit,Raining,No priority to vehicle,2,662
8336,18-30,Male,Unknown,Asphalt roads,Wet or damp,Darkness - lights lit,Raining,Turnover,2,3162
8337,18-30,Male,1-2yr,Asphalt roads,Wet or damp,Darkness - lights lit,Normal,Driving to the left,2,2963
8338,31-50,Male,Unknown,Asphalt roads,Wet or damp,Darkness - lights lit,Normal,Driving carelessly,2,2960
8345,31-50,Male,2-5yrs,Asphalt roads,Wet or damp,Daylight,Cloudy,Driving carelessly,2,1441
8347,Over 51,Male,Unknown,Asphalt roads,Wet or damp,Darkness - no lighting,Normal,Driving carelessly,2,1787
8348,18-30,Male,Above 10yr,Asphalt roads,Wet or damp,Darkness - no lighting,Normal,Driving carelessly,2,368
8350,18-30,Male,Unknown,Asphalt roads,Wet or damp,Daylight,Normal,Changing lane to the right,2,3484
8351,31-50,Male,2-5yrs,Asphalt roads,Wet or damp,Daylight,Normal,Changing lane to the right,2,3485
8353,31-50,Male,5-10yrs,Other,Dry,Darkness - lights lit,Normal,Overtaking,2,1716
8365,Under 18,Male,Unknown,Asphalt roads,Dry,Daylight,Normal,Other,1,3851
8367,31-50,Male,Unknown,Asphalt roads,Dry,Darkness - lights lit,Normal,No priority to pedestrian,2,1500
8373,18-30,Male,Unknown,Asphalt roads,Dry,Darkness - lights lit,Normal,Moving Backward,2,3124
8374,Unknown,Female,Unknown,Asphalt roads,Dry,Darkness - lights lit,Normal,Driving at high speed,2,3125
8375,18-30,Male,Unknown,Asphalt roads,Dry,Darkness - lights lit,Normal,Moving Backward,2,2313
8377,Over 51,Male,Unknown,Earth roads,Dry,Darkness - no lighting,Unknown,Other,1,2591
8385,18-30,Male,Unknown,Asphalt roads,Dry,Daylight,Normal,No distancing,2,3762
8388,18-30,Male,2-5yrs,Gravel roads,Wet or damp,Daylight,Other,Changing lane to the left,2,1139
8403,31-50,Male,Above 10yr,Asphalt roads,Wet or damp,Darkness - lights lit,Normal,Changing lane to the right,2,567
8406,31-50,Male,Unknown,Asphalt roads,Dry,Darkness - lights lit,Normal,Changing lane to the left,1,1
8407,18-30,Male,5-10yrs,Asphalt roads,Dry,Darkness - lights lit,Normal,Changing lane to the right,2,2025
8408,18-30,Male,Unknown,Asphalt roads,Dry,Daylight,Normal,No priority to vehicle,2,3299
8409,Over 51,Male,Unknown,Asphalt roads,Dry,Daylight,Normal,Changing lane to the left,2,3298
8410,18-30,Male,Unknown,Asphalt roads,Dry,Darkness - lights lit,Normal,No priority to vehicle,2,2610
8411,31-50,Male,Unknown,Asphalt roads,Dry,Darkness - lights lit,Normal,Moving Backward,2,2611
8412,31-50,Male,5-10yrs,Asphalt roads,Wet or damp,Daylight,Normal,Turnover,2,957
8413,31-50,Male,Unknown,Asphalt roads,Dry,Darkness - lights lit,Normal,No distancing,2,497
8424,18-30,Male,5-10yrs,Asphalt roads,Wet or damp,Daylight,Raining,No distancing,2,3175
8431,Unknown,Female,Unknown,Asphalt roads,Dry,Daylight,Normal,Changing lane to the left,2,3302
8434,31-50,Male,5-10yrs,Asphalt roads,Wet or damp,Daylight,Raining,Changing lane to the left,2,332
8435,Unknown,Female,5-10yrs,Asphalt roads,Wet or damp,Daylight,Raining,Driving carelessly,2,44
8441,31-50,Male,5-10yrs,Asphalt roads,Dry,Daylight,Normal,No priority to vehicle,2,1745
8444,18-30,Male,2-5yrs,Asphalt roads,Dry,Darkness - lights lit,Normal,No priority to pedestrian,2,2778
8446,Unknown,Female,2-5yrs,Asphalt roads,Dry,Darkness - no lighting,Normal,Driving carelessly,2,3128
8448,18-30,Male,Unknown,Asphalt roads,Dry,Daylight,Normal,Changing lane to the left,2,153
8457,18-30,Male,Below 1yr,Gravel roads,Dry,Darkness - lights lit,Normal,No distancing,2,663
8458,31-50,Male,2-5yrs,Asphalt roads,Dry,Darkness - lights lit,Normal,Getting off the vehicle improperly,2,3168
8460,31-50,Male,5-10yrs,Asphalt roads,Dry,Darkness - lights lit,Normal,Changing lane to the right,2,3167
8461,31-50,Male,Unknown,Asphalt roads,Wet or damp,Daylight,Normal,Driving carelessly,2,1345
8463,31-50,Male,1-2yr,Asphalt roads,Dry,Daylight,Normal,Turnover,1,3195
8464,31-50,Male,Above 10yr,Asphalt roads,Dry,Daylight,Normal,Changing lane to the right,1,348
8465,Unknown,Female,2-5yrs,Asphalt roads,Wet or damp,Darkness - lights lit,Normal,Driving carelessly,2,2583
8466,31-50,Male,1-2yr,Asphalt roads,Wet or damp,Darkness - lights lit,Normal,No priority to vehicle,2,542
8467,Over 51,Male,1-2yr,Asphalt roads,Dry,Daylight,Normal,Moving Backward,2,736
8468,18-30,Male,1-2yr,Asphalt roads,Dry,Daylight,Normal,Changing lane to the left,2,204
8469,Over 51,Male,2-5yrs,Asphalt roads,Dry,Daylight,Normal,Overturning,2,965
8470,Over 51,Male,1-2yr,Asphalt roads,Wet or damp,Daylight,Raining,No distancing,2,907
8471,31-50,Male,1-2yr,Asphalt roads,Wet or damp,Daylight,Raining,Driving carelessly,2,98
8472,31-50,Male,Unknown,Asphalt roads,Wet or damp,Daylight,Raining,No distancing,2,906
8474,18-30,Male,1-2yr,Asphalt roads,Dry,Daylight,Normal,No priority to pedestrian,2,954
8475,18-30,Male,1-2yr,Asphalt roads,Dry,Daylight,Normal,No distancing,2,714
8476,Over 51,Male,Below 1yr,Asphalt roads,Dry,Daylight,Normal,No distancing,2,79
8479,31-50,Male,Above 10yr,Asphalt roads,Dry,Darkness - lights lit,Normal,Changing lane to the left,2,26
8482,18-30,Male,2-5yrs,Asphalt roads,Wet or damp,Darkness - lights lit,Raining,No distancing,2,75
8483,18-30,Male,2-5yrs,Asphalt roads,Wet or damp,Darkness - lights lit,Raining,Changing lane to the left,2,74
8484,18-30,Male,2-5yrs,Asphalt roads,Dry,Daylight,Normal,Changing lane to the right,2,3469
8486,18-30,Male,2-5yrs,Asphalt roads,Dry,Daylight,Normal,Changing lane to the right,1,206
8489,31-50,Male,Above 10yr,Asphalt roads,Wet or damp,Darkness - lights unlit,Raining,Other,1,63
8490,Unknown,Female,2-5yrs,Asphalt roads,Wet or damp,Darkness - lights unlit,Raining,Other,1,62
8491,18-30,Male,Above 10yr,Asphalt roads,Dry,Daylight,Normal,Changing lane to the right,2,293
8492,31-50,Male,Above 10yr,Asphalt roads,Dry,Daylight,Normal,No priority to pedestrian,2,292
8494,31-50,Male,Above 10yr,Asphalt roads,Dry,Daylight,Normal,Changing lane to the left,2,1490
8500,18-30,Male,Unknown,Asphalt roads,Dry,Daylight,Normal,Changing lane to the left,2,684
8523,31-50,Male,5-10yrs,Asphalt roads,Dry,Daylight,Normal,No priority to vehicle,2,1583
8524,31-50,Male,Unknown,Asphalt roads,Dry,Daylight,Normal,Changing lane to the right,2,666
8533,31-50,Male,2-5yrs,Asphalt roads,Dry,Daylight,Normal,Changing lane to the left,1,3716
8535,18-30,Male,5-10yrs,Asphalt roads,Dry,Daylight,Normal,Changing lane to the left,2,796
8543,Over 51,Male,Unknown,Asphalt roads,Dry,Daylight,Normal,No priority to pedestrian,2,1647
8544,31-50,Male,Unknown,Asphalt roads,Dry,Daylight,Normal,Moving Backward,2,1182
8546,18-30,Male,Unknown,Asphalt roads,Dry,Daylight,Normal,Changing lane to the left,2,279
8562,31-50,Male,Unknown,Earth roads,Dry,Daylight,Normal,No distancing,2,1963
8584,31-50,Male,1-2yr,Asphalt roads,Dry,Daylight,Normal,Driving carelessly,2,449
8585,31-50,Male,5-10yrs,Asphalt roads,Dry,Daylight,Normal,No distancing,2,1288
8591,18-30,Male,1-2yr,Asphalt roads,Wet or damp,Daylight,Normal,Driving carelessly,2,3734
8592,31-50,Male,1-2yr,Asphalt roads,Wet or damp,Daylight,Normal,Driving under the influence of drugs,2,3733
8593,Over 51,Male,1-2yr,Asphalt roads,Wet or damp,Daylight,Raining,Moving Backward,2,3370
8594,31-50,Male,Unknown,Asphalt roads,Wet or damp,Daylight,Raining,Overturning,2,3371
8599,31-50,Male,Above 10yr,Asphalt roads,Dry,Daylight,Normal,No distancing,2,1099
8603,31-50,Male,1-2yr,Asphalt roads,Dry,Daylight,Normal,Getting off the vehicle improperly,2,170
8606,Under 18,Male,Below 1yr,Asphalt roads,Dry,Daylight,Normal,No priority to vehicle,2,759
8609,31-50,Male,Unknown,Asphalt roads,Dry,Daylight,Normal,Driving carelessly,2,1102
8610,31-50,Male,Above 10yr,Asphalt roads,Wet or damp,Daylight,Normal,Changing lane to the left,2,175
8616,18-30,Male,1-2yr,Asphalt roads,Dry,Darkness - lights lit,Normal,No priority to vehicle,2,3117
8618,31-50,Male,2-5yrs,Earth roads,Wet or damp,Daylight,Normal,Changing lane to the left,2,2339
8623,18-30,Male,Above 10yr,Asphalt roads,Dry,Daylight,Normal,No priority to vehicle,1,274
8625,31-50,Male,Above 10yr,Asphalt roads,Wet or damp,Daylight,Normal,Driving to the left,2,1688
8628,18-30,Male,5-10yrs,Asphalt roads,Wet or damp,Darkness - lights lit,Raining,No distancing,2,3164
8630,18-30,Male,Unknown,Asphalt roads,Wet or damp,Darkness - lights lit,Raining,Changing lane to the left,2,3165
8631,18-30,Male,Unknown,Asphalt roads,Wet or damp,Daylight,Other,No priority to vehicle,2,60
8632,18-30,Male,Unknown,Earth roads,Wet or damp,Daylight,Other,No priority to vehicle,2,501
8633,18-30,Male,5-10yrs,Asphalt roads,Wet or damp,Daylight,Other,No distancing,2,58
8635,18-30,Male,5-10yrs,Asphalt roads,Dry,Daylight,Normal,Driving carelessly,2,2675
8636,31-50,Male,2-5yrs,Asphalt roads,Dry,Daylight,Normal,Driving carelessly,1,2148
8645,Over 51,Male,Unknown,Asphalt roads,Dry,Daylight,Normal,Driving carelessly,2,1406
8647,31-50,Male,Above 10yr,Asphalt roads,Dry,Darkness - lights lit,Normal,Overtaking,1,1
8648,18-30,Male,Above 10yr,Asphalt roads,Dry,Daylight,Normal,No distancing,2,194
8649,31-50,Male,Above 10yr,Other,Dry,Daylight,Normal,Driving carelessly,2,1821
8653,Over 51,Male,2-5yrs,Asphalt roads,Dry,Daylight,Normal,No priority to vehicle,2,328
8654,31-50,Male,Below 1yr,Earth roads,Dry,Daylight,Normal,No distancing,2,348
8660,18-30,Male,Above 10yr,Asphalt roads,Dry,Daylight,Normal,Moving Backward,1,2426
8661,18-30,Male,Above 10yr,Asphalt roads,Dry,Daylight,Normal,Changing lane to the left,1,511
8663,31-50,Male,2-5yrs,Asphalt roads,Dry,Daylight,Normal,No priority to vehicle,1,2428
8666,Under 18,Male,2-5yrs,Asphalt roads,Wet or damp,Daylight,Normal,No distancing,2,2337
8678,18-30,Male,2-5yrs,Asphalt roads,Dry,Daylight,Normal,Overtaking,2,566
8679,18-30,Male,2-5yrs,Asphalt roads,Dry,Daylight,Normal,Driving carelessly,2,66
8680,18-30,Male,Above 10yr,Asphalt roads,Dry,Daylight,Normal,Driving carelessly,2,564
8681,18-30,Male,Unknown,Asphalt roads,Wet or damp,Darkness - lights lit,Normal,Moving Backward,2,2799
8682,18-30,Male,Above 10yr,Asphalt roads,Wet or damp,Darkness - lights lit,Normal,Driving carelessly,2,593
8683,18-30,Male,Below 1yr,Asphalt roads,Wet or damp,Darkness - lights lit,Normal,Driving to the left,2,2801
8684,Unknown,Female,Unknown,Other,Dry,Daylight,Normal,Changing lane to the left,1,1189
8685,31-50,Male,Unknown,Asphalt roads,Dry,Daylight,Normal,No distancing,1,1199
8686,31-50,Male,Unknown,Asphalt roads,Dry,Daylight,Normal,No distancing,1,126
8689,18-30,Male,1-2yr,Asphalt roads,Dry,Daylight,Normal,Changing lane to the right,2,3810
8690,18-30,Male,Above 10yr,Asphalt roads,Dry,Daylight,Normal,Changing lane to the left,1,2406
8691,18-30,Male,Unknown,Asphalt roads,Dry,Daylight,Normal,Moving Backward,1,2404
8695,Over 51,Male,5-10yrs,Asphalt roads,Dry,Daylight,Normal,No distancing,1,101
8696,Unknown,Female,2-5yrs,Asphalt roads,Dry,Daylight,Normal,Driving to the left,1,1834
8697,Under 18,Male,Unknown,Asphalt roads,Wet or damp,Darkness - lights lit,Raining,Driving to the left,2,2853
8704,18-30,Male,Unknown,Asphalt roads,Dry,Daylight,Normal,No distancing,1,1134
8706,18-30,Male,Unknown,Asphalt roads,Dry,Daylight,Normal,Changing lane to the left,2,10
8707,18-30,Male,Unknown,Asphalt roads,Dry,Daylight,Normal,Changing lane to the right,2,3293
8708,31-50,Male,Above 10yr,Earth roads,Wet or damp,Darkness - lights lit,Raining,No distancing,1,590
8712,31-50,Male,5-10yrs,Asphalt roads,Dry,Daylight,Normal,No distancing,2,3440
8713,31-50,Male,2-5yrs,Asphalt roads,Dry,Daylight,Normal,Turnover,2,3756
8714,18-30,Male,Unknown,Asphalt roads,Dry,Daylight,Normal,No distancing,2,3755
8715,Unknown,Female,Unknown,Asphalt roads,Dry,Darkness - lights lit,Normal,Changing lane to the right,2,550
8716,18-30,Male,5-10yrs,Asphalt roads,Dry,Darkness - lights lit,Normal,No distancing,2,549
8717,31-50,Male,Unknown,Asphalt roads,Dry,Daylight,Normal,Changing lane to the left,2,639
8718,31-50,Male,Unknown,Asphalt roads,Dry,Daylight,Normal,Driving carelessly,2,140
8719,18-30,Male,Unknown,Asphalt roads,Dry,Daylight,Normal,Changing lane to the right,1,395
8720,Over 51,Male,Unknown,Gravel roads,Dry,Daylight,Normal,No priority to vehicle,1,1901
8721,31-50,Male,Unknown,Asphalt roads,Dry,Daylight,Normal,No distancing,2,1467
8722,18-30,Male,Unknown,Asphalt roads,Dry,Daylight,Normal,No priority to pedestrian,2,299
8723,Over 51,Male,2-5yrs,Asphalt roads,Dry,Daylight,Normal,No priority to pedestrian,2,258
8726,Over 51,Male,Above 10yr,Asphalt roads,Wet or damp,Daylight,Raining,Changing lane to the left,2,3380
8727,18-30,Male,2-5yrs,Asphalt roads,Wet or damp,Darkness - lights lit,Normal,No distancing,1,2930
8728,18-30,Male,2-5yrs,Asphalt roads,Wet or damp,Darkness - lights lit,Normal,No priority to vehicle,1,2933
8729,Over 51,Male,2-5yrs,Asphalt roads,Dry,Daylight,Normal,No distancing,2,398
8730,Over 51,Male,2-5yrs,Asphalt roads,Dry,Daylight,Normal,No distancing,2,3688
8731,31-50,Male,2-5yrs,Asphalt roads,Dry,Daylight,Normal,Changing lane to the right,2,752
8732,31-50,Male,1-2yr,Asphalt roads,Dry,Daylight,Normal,Changing lane to the left,2,3685
8733,31-50,Male,Unknown,Asphalt roads,Dry,Daylight,Normal,No distancing,2,3676
8734,18-30,Male,Unknown,Asphalt roads,Dry,Daylight,Normal,Overturning,1,1246
8735,18-30,Male,Unknown,Asphalt roads,Dry,Darkness - lights lit,Normal,No priority to vehicle,2,2526
8737,Unknown,Female,Unknown,Asphalt roads,Dry,Darkness - lights lit,Normal,Driving under the influence of drugs,2,2578
8739,31-50,Male,2-5yrs,Asphalt roads,Dry,Darkness - lights lit,Normal,Changing lane to the right,2,2577
8742,18-30,Male,5-10yrs,Asphalt roads,Dry,Daylight,Normal,Driving carelessly,1,1117
8744,31-50,Male,Unknown,Asphalt roads,Wet or damp,Daylight,Raining,No priority to vehicle,2,1287
8745,18-30,Male,2-5yrs,Asphalt roads,Dry,Daylight,Normal,Overspeed,2,678
8747,31-50,Male,2-5yrs,Asphalt roads,Dry,Daylight,Normal,Changing lane to the right,1,208
8748,18-30,Male,Unknown,Asphalt roads,Dry,Daylight,Normal,Changing lane to the right,2,1043
8749,18-30,Male,5-10yrs,Asphalt roads,Dry,Daylight,Normal,Changing lane to the right,2,1059
8750,Over 51,Male,2-5yrs,Asphalt roads,Wet or damp,Darkness - lights lit,Normal,Changing lane to the right,2,2395
8751,31-50,Male,1-2yr,Asphalt roads,Dry,Daylight,Normal,Moving Backward,2,100
8752,31-50,Male,2-5yrs,Asphalt roads,Dry,Daylight,Normal,No distancing,2,201
8754,Unknown,Female,Unknown,Asphalt roads,Wet or damp,Darkness - lights lit,Normal,No distancing,1,1859
8759,18-30,Male,Unknown,Asphalt roads,Dry,Daylight,Normal,Changing lane to the right,2,1066
8763,Over 51,Male,Above 10yr,Asphalt roads,Dry,Daylight,Normal,No priority to vehicle,2,583
8765,Under 18,Male,Above 10yr,Asphalt roads,Dry,Darkness - lights lit,Normal,Moving Backward,2,2116
8766,31-50,Male,Unknown,Asphalt roads,Wet or damp,Daylight,Raining,Changing lane to the left,2,3609
8767,31-50,Male,Unknown,Earth roads,Wet or damp,Daylight,Raining,No priority to pedestrian,2,170
8768,18-30,Male,2-5yrs,Asphalt roads,Wet or damp,Daylight,Raining,No distancing,1,703
8769,18-30,Male,Above 10yr,Asphalt roads,Wet or damp,Daylight,Raining,No priority to vehicle,1,154
8772,Over 51,Male,Unknown,Asphalt roads,Wet or damp,Daylight,Raining,Moving Backward,2,3574
8773,18-30,Male,Unknown,Asphalt roads,Wet or damp,Daylight,Raining,Changing lane to the right,2,3570
8774,31-50,Male,Below 1yr,Asphalt roads,Wet or damp,Darkness - lights lit,Raining,No priority to pedestrian,2,1304
8776,18-30,Male,Unknown,Asphalt roads,Dry,Daylight,Normal,Getting off the vehicle improperly,1,1068
8777,18-30,Male,Unknown,Asphalt roads,Wet or damp,Darkness - lights lit,Raining,Overtaking,2,2979
8778,18-30,Male,2-5yrs,Asphalt roads,Wet or damp,Darkness - lights lit,Raining,Overloading,2,628
8779,31-50,Male,Unknown,Gravel roads,Dry,Daylight,Normal,Changing lane to the right,2,158
8780,31-50,Male,Unknown,Asphalt roads,Dry,Daylight,Normal,Improper parking,2,3482
8781,Over 51,Male,Unknown,Asphalt roads,Wet or damp,Daylight,Normal,Other,0,405
8782,31-50,Male,5-10yrs,Asphalt roads,Wet or damp,Darkness - no lighting,Raining,Changing lane to the left,2,1549
8783,31-50,Male,Above 10yr,Asphalt roads,Wet or damp,Darkness - no lighting,Raining,Changing lane to the right,2,1548
8784,31-50,Male,5-10yrs,Asphalt roads,Wet or damp,Darkness - no lighting,Raining,No priority to pedestrian,2,164
8785,18-30,Male,2-5yrs,Asphalt roads,Dry,Darkness - no lighting,Unknown,Overspeed,1,272
8786,Under 18,Male,2-5yrs,Asphalt roads,Wet or damp,Daylight,Normal,Changing lane to the left,2,3628
8787,Unknown,Female,Unknown,Asphalt roads,Wet or damp,Daylight,Normal,No priority to vehicle,2,3625
8788,Unknown,Female,Unknown,Asphalt roads,Wet or damp,Daylight,Normal,Changing lane to the right,2,3622
8789,31-50,Male,Unknown,Asphalt roads,Wet or damp,Daylight,Other,No distancing,2,1188
8790,18-30,Male,Above 10yr,Asphalt roads,Wet or damp,Daylight,Normal,No priority to pedestrian,2,433
8791,Over 51,Male,Unknown,Asphalt roads,Wet or damp,Daylight,Normal,No distancing,2,95
8792,Under 18,Male,Above 10yr,Asphalt roads,Wet or damp,Darkness - lights lit,Raining,No priority to vehicle,2,1247
8797,18-30,Male,2-5yrs,Asphalt roads,Wet or damp,Daylight,Cloudy,Changing lane to the left,1,792
8799,18-30,Male,Unknown,Asphalt roads,Dry,Darkness - lights lit,Normal,No distancing,2,1672
8803,Over 51,Male,Unknown,Asphalt roads,Dry,Darkness - lights lit,Normal,No distancing,1,2261
8804,31-50,Male,Unknown,Asphalt roads,Dry,Darkness - lights lit,Normal,Changing lane to the right,1,2260
8805,18-30,Male,Unknown,Asphalt roads,Dry,Darkness - lights lit,Normal,Changing lane to the left,2,2704
8806,31-50,Male,Unknown,Asphalt roads,Dry,Darkness - lights lit,Normal,Getting off the vehicle improperly,2,2709
8807,18-30,Male,Unknown,Asphalt roads,Wet or damp,Darkness - lights lit,Raining,Other,2,384
8808,18-30,Male,Unknown,Asphalt roads,Wet or damp,Darkness - lights lit,Raining,Other,2,1871
8809,18-30,Male,Above 10yr,Asphalt roads,Wet or damp,Darkness - lights lit,Raining,No distancing,2,1870
8810,18-30,Male,Unknown,Asphalt roads,Wet or damp,Darkness - lights lit,Raining,No priority to vehicle,2,1877
8811,Over 51,Male,Above 10yr,Asphalt roads,Wet or damp,Darkness - lights lit,Normal,Overtaking,2,2392
8812,31-50,Male,1-2yr,Asphalt roads,Wet or damp,Darkness - lights lit,Normal,No priority to pedestrian,2,262
8813,18-30,Male,Unknown,Asphalt roads,Wet or damp,Darkness - lights lit,Normal,No distancing,2,3238
8814,31-50,Male,2-5yrs,Asphalt roads,Wet or damp,Darkness - lights lit,Normal,Changing lane to the right,2,3239
8815,18-30,Male,Unknown,Other,Wet or damp,Darkness - lights lit,Raining,Driving carelessly,1,2384
8816,Over 51,Male,Unknown,Asphalt roads,Wet or damp,Darkness - lights lit,Raining,Changing lane to the right,1,2383
8817,18-30,Male,Unknown,Asphalt roads,Wet or damp,Darkness - lights lit,Normal,Overtaking,1,2666
8818,18-30,Male,Unknown,Asphalt roads,Wet or damp,Darkness - lights lit,Normal,Other,1,2665
8819,31-50,Male,2-5yrs,Asphalt roads,Wet or damp,Daylight,Raining,Driving to the left,1,3522
8825,31-50,Male,1-2yr,Other,Wet or damp,Daylight,Normal,No priority to vehicle,2,3768
8829,31-50,Male,Unknown,Asphalt roads,Snow,Daylight,Normal,Driving carelessly,2,3800
8830,Over 51,Male,5-10yrs,Asphalt roads,Dry,Daylight,Normal,No priority to vehicle,2,1323
8832,31-50,Male,Unknown,Earth roads,Dry,Daylight,Normal,Changing lane to the right,2,356
8834,31-50,Male,Unknown,Asphalt roads,Wet or damp,Darkness - lights lit,Normal,Changing lane to the right,2,678
8835,18-30,Male,Unknown,Asphalt roads,Wet or damp,Darkness - lights lit,Normal,Changing lane to the right,2,3233
8836,31-50,Male,Above 10yr,Asphalt roads,Wet or damp,Darkness - lights lit,Normal,Changing lane to the left,2,2873
8837,Under 18,Male,5-10yrs,Asphalt roads,Wet or damp,Darkness - lights lit,Normal,Overturning,2,2871
8838,Under 18,Male,5-10yrs,Asphalt roads,Wet or damp,Darkness - lights lit,Normal,Driving carelessly,2,2872
8839,31-50,Male,Above 10yr,Asphalt roads,Dry,Darkness - lights lit,Normal,No distancing,2,75
8840,Under 18,Male,1-2yr,Asphalt roads,Dry,Darkness - lights lit,Normal,Driving carelessly,2,1866
8841,Over 51,Male,Above 10yr,Asphalt roads,Dry,Daylight,Normal,Changing lane to the left,2,237
8842,31-50,Male,Above 10yr,Asphalt roads,Dry,Daylight,Normal,No priority to vehicle,2,39
8843,31-50,Male,Above 10yr,Asphalt roads,Dry,Daylight,Normal,Changing lane to the right,2,234
8844,Under 18,Male,Above 10yr,Asphalt roads,Dry,Daylight,Normal,No distancing,2,3568
8845,31-50,Male,5-10yrs,Asphalt roads,Dry,Daylight,Normal,Moving Backward,2,3567
8847,18-30,Male,1-2yr,Asphalt roads,Wet or damp,Daylight,Unknown,No distancing,2,774
8848,31-50,Male,5-10yrs,Asphalt roads,Dry,Darkness - lights lit,Normal,No distancing,2,2474
8849,18-30,Male,5-10yrs,Asphalt roads,Dry,Darkness - lights lit,Normal,No distancing,2,2482
8850,Over 51,Male,1-2yr,Earth roads,Dry,Darkness - no lighting,Normal,No priority to pedestrian,2,672
8851,18-30,Male,2-5yrs,Asphalt roads,Dry,Darkness - no lighting,Normal,Driving carelessly,2,673
8852,18-30,Male,5-10yrs,Asphalt roads,Dry,Darkness - no lighting,Normal,Changing lane to the right,2,3197
8853,Under 18,Male,5-10yrs,Asphalt roads,Wet or damp,Daylight,Normal,Changing lane to the left,2,468
8854,18-30,Male,1-2yr,Asphalt roads,Wet or damp,Daylight,Normal,Driving carelessly,2,463
8855,Under 18,Male,1-2yr,Asphalt roads,Wet or damp,Darkness - lights lit,Normal,Driving carelessly,2,451
8856,31-50,Male,2-5yrs,Asphalt roads,Wet or damp,Darkness - lights lit,Normal,No distancing,2,2168
8857,Under 18,Male,Unknown,Asphalt roads,Dry,Darkness - lights lit,Normal,Other,2,3016
8858,Unknown,Female,Unknown,Asphalt roads,Dry,Darkness - lights lit,Normal,Changing lane to the right,2,3017
8859,Unknown,Female,Unknown,Asphalt roads,Dry,Darkness - lights lit,Normal,Changing lane to the right,2,134
8861,18-30,Male,Unknown,Earth roads,Dry,Darkness - lights lit,Normal,No distancing,2,3113
8862,18-30,Male,Unknown,Asphalt roads,Dry,Darkness - lights lit,Normal,Overturning,2,338
8863,Over 51,Male,Unknown,Asphalt roads,Dry,Daylight,Normal,Driving at high speed,2,704
8867,18-30,Male,2-5yrs,Asphalt roads,Wet or damp,Darkness - lights lit,Raining,Other,2,444
8874,31-50,Male,5-10yrs,Asphalt roads,Dry,Darkness - lights lit,Normal,No distancing,2,377
8876,31-50,Male,Unknown,Asphalt roads,Dry,Darkness - lights lit,Normal,Changing lane to the right,2,140
8877,31-50,Male,Unknown,Asphalt roads,Dry,Darkness - lights lit,Normal,No distancing,2,3109
8886,Over 51,Male,Unknown,Asphalt roads,Dry,Daylight,Normal,Driving to the left,0,1543
8888,31-50,Male,Unknown,Asphalt roads,Wet or damp,Daylight,Raining,Driving to the left,2,3418
8891,18-30,Male,1-2yr,Earth roads,Wet or damp,Daylight,Raining,Driving carelessly,2,326
8892,18-30,Male,Above 10yr,Asphalt roads,Wet or damp,Daylight,Raining,Changing lane to the right,2,1580
8893,Over 51,Male,Unknown,Asphalt roads,Wet or damp,Daylight,Other,Moving Backward,2,146
8896,31-50,Male,Unknown,Asphalt roads,Dry,Darkness - lights lit,Normal,Driving carelessly,2,2477
8897,18-30,Male,2-5yrs,Asphalt roads,Dry,Daylight,Unknown,Driving carelessly,2,1001
8898,18-30,Male,Unknown,Asphalt roads,Dry,Daylight,Unknown,Driving carelessly,2,994
8900,31-50,Male,Unknown,Asphalt roads,Dry,Daylight,Normal,Changing lane to the right,2,362
8901,18-30,Male,5-10yrs,Asphalt roads,Dry,Daylight,Normal,Driving carelessly,2,1643
8902,Over 51,Male,Unknown,Asphalt roads,Dry,Daylight,Normal,Overtaking,1,1108
8906,Over 51,Male,Above 10yr,Asphalt roads,Dry,Daylight,Normal,Changing lane to the right,2,2108
8907,Over 51,Male,1-2yr,Asphalt roads,Dry,Daylight,Normal,Changing lane to the right,2,66
8908,18-30,Male,Above 10yr,Asphalt roads,Dry,Daylight,Normal,Overtaking,2,67
8909,18-30,Male,Below 1yr,Asphalt roads,Dry,Daylight,Normal,Other,2,57