,age_of_driver,Sex_of_driver,car_age,Road_surface_type,Road_surface_conditions,Light_conditions,Weather_conditions,Cause_of_accident,Accident_severity,accident history
8910,18-30,Male,Above 10yr,Asphalt roads,Dry,Daylight,Normal,Driving to the left,2,489
8911,18-30,Male,Unknown,Asphalt roads,Dry,Darkness - lights lit,Normal,Overtaking,2,3053
8912,31-50,Male,1-2yr,Asphalt roads,Dry,Darkness - lights lit,Normal,No priority to vehicle,2,3055
8913,31-50,Male,1-2yr,Asphalt roads,Dry,Darkness - lights lit,Normal,Moving Backward,2,331
8916,18-30,Male,Above 10yr,Asphalt roads,Wet or damp,Daylight,Raining,No priority to pedestrian,2,1630
8924,Under 18,Male,Above 10yr,Other,Dry,Daylight,Normal,Moving Backward,1,1551
8926,31-50,Male,Above 10yr,Asphalt roads,Dry,Daylight,Normal,Other,2,484
8927,31-50,Male,5-10yrs,Asphalt roads,Dry,Daylight,Normal,No priority to vehicle,2,483
8928,18-30,Male,Above 10yr,Asphalt roads,Dry,Daylight,Normal,Changing lane to the right,2,2304
8929,18-30,Male,Above 10yr,Asphalt roads,Dry,Daylight,Normal,Other,2,1393
8934,18-30,Male,Above 10yr,Asphalt roads,Dry,Darkness - lights lit,Normal,No distancing,2,2
8935,18-30,Male,Above 10yr,Asphalt roads,Dry,Darkness - lights lit,Normal,Moving Backward,2,1
8936,18-30,Male,Above 10yr,Asphalt roads,Dry,Daylight,Normal,No priority to pedestrian,2,1107
8937,31-50,Male,5-10yrs,Asphalt roads,Dry,Daylight,Normal,Changing lane to the left,2,1106
8939,31-50,Male,5-10yrs,Asphalt roads,Dry,Daylight,Normal,Other,2,1105
8943,Over 51,Male,2-5yrs,Asphalt roads,Dry,Daylight,Cloudy,No priority to pedestrian,2,3857
8945,Over 51,Male,1-2yr,Asphalt roads,Dry,Daylight,Normal,No priority to pedestrian,2,1248
8947,31-50,Male,5-10yrs,Asphalt roads,Dry,Daylight,Normal,Getting off the vehicle improperly,2,1311
8948,31-50,Male,Above 10yr,Asphalt roads,Dry,Darkness - lights lit,Normal,Driving carelessly,2,337
8949,31-50,Male,2-5yrs,Asphalt roads,Dry,Darkness - lights lit,Normal,Changing lane to the left,2,3101
8951,31-50,Male,2-5yrs,Asphalt roads,Dry,Daylight,Normal,Changing lane to the right,2,3295
8952,31-50,Male,2-5yrs,Asphalt roads,Dry,Daylight,Normal,Changing lane to the right,2,3290
8953,Unknown,Female,1-2yr,Asphalt roads,Dry,Daylight,Normal,No distancing,2,931
8958,Unknown,Female,1-2yr,Asphalt roads,Wet or damp,Daylight,Raining,Changing lane to the left,2,952
8959,18-30,Male,Unknown,Earth roads,Dry,Daylight,Normal,No priority to vehicle,2,403
8960,Over 51,Male,Unknown,Asphalt roads,Dry,Daylight,Normal,Moving Backward,2,1920
8961,Over 51,Male,Unknown,Asphalt roads,Dry,Daylight,Normal,Turnover,2,3724
8963,31-50,Male,Unknown,Earth roads,Wet or damp,Daylight,Raining,No distancing,1,208
8965,31-50,Male,1-2yr,Asphalt roads,Dry,Daylight,Normal,Changing lane to the left,2,331
8966,18-30,Male,2-5yrs,Asphalt roads,Dry,Daylight,Normal,No priority to vehicle,2,3674
8967,31-50,Male,2-5yrs,Asphalt roads,Dry,Daylight,Normal,Driving at high speed,2,751
8971,Over 51,Male,5-10yrs,Asphalt roads,Dry,Daylight,Normal,No priority to pedestrian,1,3746
8975,31-50,Male,1-2yr,Asphalt roads,Dry,Daylight,Normal,Changing lane to the left,2,1095
8977,31-50,Male,Unknown,Asphalt roads,Dry,Daylight,Normal,No distancing,1,780
8979,Under 18,Male,Unknown,Asphalt roads,Dry,Daylight,Normal,No distancing,1,102
8988,Under 18,Male,Unknown,Asphalt roads,Wet or damp,Daylight,Normal,No distancing,2,179
8997,18-30,Male,1-2yr,Asphalt roads,Wet or damp,Daylight,Other,Changing lane to the left,2,1527
9005,18-30,Male,Below 1yr,Asphalt roads,Wet or damp,Daylight,Raining,Driving carelessly,2,3494
9006,18-30,Male,Unknown,Asphalt roads,Wet or damp,Daylight,Raining,No distancing,2,726
9009,31-50,Male,2-5yrs,Asphalt roads,Dry,Daylight,Normal,Changing lane to the right,2,3219
9012,18-30,Male,1-2yr,Asphalt roads,Dry,Daylight,Normal,Turnover,2,1973
9013,18-30,Male,Above 10yr,Asphalt roads,Dry,Darkness - lights lit,Normal,Changing lane to the right,2,2879
9014,Unknown,Female,Above 10yr,Asphalt roads,Dry,Darkness - lights lit,Normal,Driving carelessly,2,2881
9019,31-50,Male,1-2yr,Asphalt roads,Dry,Daylight,Normal,No distancing,2,602
9020,31-50,Male,Below 1yr,Asphalt roads,Dry,Daylight,Normal,Driving carelessly,2,2796
9022,31-50,Male,Unknown,Asphalt roads,Dry,Daylight,Normal,Changing lane to the left,2,3587
9023,31-50,Male,Unknown,Asphalt roads,Dry,Daylight,Normal,No priority to pedestrian,2,3586
9024,31-50,Male,Unknown,Asphalt roads,Dry,Daylight,Normal,No distancing,2,2176
9025,Under 18,Male,Unknown,Asphalt roads,Dry,Daylight,Normal,No distancing,2,2174
9026,Under 18,Male,Unknown,Gravel roads,Dry,Daylight,Normal,Changing lane to the left,2,178
9027,18-30,Male,Unknown,Asphalt roads,Dry,Daylight,Normal,No distancing,2,855
9028,Over 51,Male,Unknown,Gravel roads,Dry,Daylight,Normal,Changing lane to the left,1,119
9029,Under 18,Male,Unknown,Asphalt roads,Dry,Daylight,Normal,No distancing,2,3585
9030,18-30,Male,Unknown,Asphalt roads,Dry,Daylight,Normal,No distancing,2,741
9031,18-30,Male,Unknown,Asphalt roads,Dry,Daylight,Normal,No distancing,2,3505
9032,18-30,Male,Unknown,Asphalt roads,Dry,Daylight,Normal,Changing lane to the left,2,3507
9033,18-30,Female,Unknown,Asphalt roads,Dry,Daylight,Normal,Changing lane to the right,2,3497
9038,31-50,Male,2-5yrs,Asphalt roads,Dry,Daylight,Normal,Other,1,246
9041,18-30,Male,2-5yrs,Asphalt roads,Dry,Daylight,Normal,No priority to pedestrian,2,1193
9042,Over 51,Male,5-10yrs,Asphalt roads,Dry,Daylight,Normal,No priority to vehicle,2,2613
9046,18-30,Male,Unknown,Asphalt roads,Dry,Daylight,Normal,No distancing,2,864
9047,31-50,Male,Unknown,Asphalt roads,Dry,Daylight,Normal,No priority to vehicle,2,93
9048,31-50,Male,Unknown,Asphalt roads,Dry,Daylight,Normal,Changing lane to the right,2,863
9049,Over 51,Male,Unknown,Asphalt roads,Dry,Daylight,Normal,Changing lane to the left,2,75
9050,Over 51,Male,Unknown,Asphalt roads,Dry,Daylight,Normal,No distancing,2,377
9051,Under 18,Male,Unknown,Asphalt roads,Dry,Darkness - lights lit,Normal,Driving carelessly,1,3014
9052,Under 18,Male,Unknown,Asphalt roads,Dry,Darkness - lights lit,Normal,No priority to pedestrian,1,3013
9055,18-30,Male,Unknown,Asphalt roads,Dry,Daylight,Normal,No distancing,2,1389
9058,31-50,Male,Unknown,Asphalt roads,Dry,Daylight,Normal,Changing lane to the left,1,2305
9061,Over 51,Male,Above 10yr,Asphalt roads,Dry,Daylight,Normal,Changing lane to the right,2,143
9062,18-30,Male,2-5yrs,Asphalt roads,Dry,Darkness - lights lit,Normal,No priority to vehicle,0,3051
9067,18-30,Male,Unknown,Asphalt roads,Dry,Daylight,Normal,No priority to pedestrian,2,1912
9068,18-30,Male,Unknown,Asphalt roads,Wet or damp,Daylight,Raining,No priority to vehicle,0,1476
9069,18-30,Male,Unknown,Asphalt roads,Wet or damp,Daylight,Raining,Driving carelessly,0,155
9077,31-50,Male,1-2yr,Asphalt roads,Wet or damp,Darkness - lights lit,Other,Moving Backward,2,2549
9085,18-30,Male,Below 1yr,Asphalt roads,Dry,Daylight,Normal,No distancing,2,84
9086,31-50,Male,Unknown,Asphalt roads,Dry,Daylight,Normal,Changing lane to the right,2,2060
9089,31-50,Male,2-5yrs,Asphalt roads,Dry,Daylight,Normal,No distancing,2,823
9092,Unknown,Female,1-2yr,Asphalt roads,Dry,Daylight,Normal,No priority to pedestrian,2,2110
9093,Under 18,Male,Above 10yr,Asphalt roads,Dry,Daylight,Normal,Moving Backward,2,1450
9094,18-30,Male,Above 10yr,Asphalt roads,Dry,Daylight,Normal,Changing lane to the right,2,1456
9099,18-30,Male,1-2yr,Asphalt roads,Wet or damp,Daylight,Raining,No priority to vehicle,2,125
9100,31-50,Male,Below 1yr,Asphalt roads,Dry,Daylight,Normal,Changing lane to the left,1,1392
9102,18-30,Male,Unknown,Asphalt roads,Wet or damp,Darkness - no lighting,Raining,Changing lane to the right,1,314
9103,18-30,Male,Unknown,Asphalt roads,Dry,Daylight,Normal,Changing lane to the left,2,249
9104,Under 18,Male,Unknown,Asphalt roads,Dry,Daylight,Normal,Changing lane to the left,2,2296
9105,18-30,Male,Unknown,Asphalt roads,Dry,Daylight,Normal,Getting off the vehicle improperly,2,2111
9106,18-30,Male,Unknown,Asphalt roads,Dry,Daylight,Normal,Overtaking,2,2112
9107,Over 51,Male,Unknown,Asphalt roads,Dry,Daylight,Normal,Changing lane to the left,2,3519
9108,18-30,Male,Unknown,Asphalt roads,Wet or damp,Darkness - lights lit,Normal,Driving under the influence of drugs,2,2789
9109,18-30,Male,Unknown,Asphalt roads,Wet or damp,Darkness - lights lit,Normal,Driving carelessly,2,584
9110,31-50,Male,Unknown,Asphalt roads,Dry,Daylight,Normal,Moving Backward,1,2321
9111,18-30,Male,Unknown,Asphalt roads,Dry,Daylight,Normal,No distancing,2,3282
9112,Over 51,Male,Unknown,Asphalt roads,Dry,Daylight,Normal,No priority to vehicle,2,3284
9113,Under 18,Male,Unknown,Asphalt roads,Dry,Daylight,Normal,Overturning,1,2498
9118,Over 51,Male,2-5yrs,Asphalt roads,Dry,Daylight,Normal,No priority to vehicle,2,1083
9121,31-50,Male,2-5yrs,Asphalt roads,Wet or damp,Daylight,Normal,Overtaking,2,3698
9122,Over 51,Male,5-10yrs,Asphalt roads,Dry,Daylight,Normal,Driving under the influence of drugs,1,1783
9126,31-50,Male,Unknown,Asphalt roads,Dry,Daylight,Normal,Moving Backward,1,791
9127,18-30,Male,Unknown,Asphalt roads,Dry,Daylight,Normal,Moving Backward,1,790
9128,18-30,Male,Unknown,Asphalt roads,Dry,Daylight,Normal,Changing lane to the right,2,1895
9129,31-50,Male,Unknown,Asphalt roads,Dry,Daylight,Normal,No priority to vehicle,2,1900
9130,31-50,Male,Unknown,Asphalt roads,Dry,Daylight,Normal,Driving at high speed,2,207
9131,18-30,Male,Unknown,Asphalt roads,Wet or damp,Daylight,Normal,Driving under the influence of drugs,2,368
9132,18-30,Male,Unknown,Asphalt roads,Wet or damp,Daylight,Normal,Changing lane to the right,2,367
9135,31-50,Male,Unknown,Asphalt roads,Dry,Daylight,Normal,Changing lane to the left,2,3502
9136,Over 51,Male,Unknown,Asphalt roads,Dry,Daylight,Normal,No distancing,2,3791
9137,18-30,Female,2-5yrs,Asphalt roads,Dry,Daylight,Normal,No distancing,2,3792
9143,18-30,Male,1-2yr,Asphalt roads,Wet or damp,Daylight,Raining,Overturning,1,3353
9147,31-50,Male,Unknown,Asphalt roads,Dry,Daylight,Normal,No distancing,2,179
9148,31-50,Male,5-10yrs,Asphalt roads,Wet or damp,Daylight,Normal,No distancing,2,1761
9150,18-30,Male,Unknown,Asphalt roads,Dry,Darkness - lights unlit,Normal,Moving Backward,2,2332
9152,Over 51,Male,Unknown,Asphalt roads,Wet or damp,Darkness - lights lit,Normal,Getting off the vehicle improperly,2,675
9153,31-50,Male,Unknown,Asphalt roads,Wet or damp,Darkness - lights lit,Normal,Changing lane to the left,2,3220
9154,18-30,Male,Above 10yr,Asphalt roads,Dry,Darkness - lights lit,Normal,Changing lane to the left,2,3105
9155,18-30,Male,5-10yrs,Asphalt roads,Dry,Darkness - lights lit,Normal,No priority to vehicle,2,3104
9156,Under 18,Male,5-10yrs,Asphalt roads,Dry,Daylight,Normal,Changing lane to the right,1,3569
9157,18-30,Male,Above 10yr,Asphalt roads,Dry,Daylight,Normal,Changing lane to the right,1,166
9158,18-30,Male,1-2yr,Asphalt roads,Wet or damp,Darkness - lights lit,Normal,Driving carelessly,1,3266
9159,Over 51,Male,Above 10yr,Asphalt roads,Dry,Daylight,Normal,Changing lane to the left,2,119
9160,Over 51,Male,Above 10yr,Asphalt roads,Dry,Daylight,Normal,Changing lane to the right,2,24
9161,Over 51,Male,Above 10yr,Asphalt roads,Dry,Daylight,Normal,Driving under the influence of drugs,2,122
9162,18-30,Male,Above 10yr,Gravel roads,Dry,Darkness - lights lit,Normal,Driving carelessly,1,2122
9163,31-50,Male,5-10yrs,Asphalt roads,Dry,Darkness - lights lit,Normal,No distancing,1,2119
9165,31-50,Male,1-2yr,Asphalt roads,Dry,Darkness - lights lit,Normal,No priority to vehicle,1,441
9166,31-50,Male,5-10yrs,Asphalt roads,Dry,Daylight,Normal,No priority to vehicle,2,3602
9167,18-30,Male,5-10yrs,Asphalt roads,Dry,Darkness - lights lit,Normal,Changing lane to the left,2,3110
9168,31-50,Male,1-2yr,Asphalt roads,Dry,Daylight,Normal,Moving Backward,2,345
9169,18-30,Male,2-5yrs,Asphalt roads,Dry,Daylight,Normal,Driving carelessly,2,346
9170,31-50,Male,5-10yrs,Asphalt roads,Dry,Darkness - lights lit,Normal,Driving under the influence of drugs,2,2019
9171,31-50,Male,5-10yrs,Asphalt roads,Dry,Darkness - lights lit,Normal,Changing lane to the right,2,220
9172,31-50,Male,1-2yr,Asphalt roads with some distress,Dry,Darkness - lights lit,Normal,No priority to vehicle,2,2397
9173,Over 51,Male,1-2yr,Asphalt roads,Dry,Darkness - lights lit,Normal,Changing lane to the right,2,2391
9174,31-50,Male,2-5yrs,Asphalt roads,Dry,Darkness - lights lit,Normal,Driving to the left,2,2721
9175,31-50,Male,Unknown,Asphalt roads,Wet or damp,Darkness - lights lit,Raining,Moving Backward,2,1885
9176,18-30,Male,Unknown,Asphalt roads,Wet or damp,Darkness - lights lit,Raining,No priority to vehicle,2,1881
9177,31-50,Male,Unknown,Asphalt roads,Dry,Daylight,Normal,No distancing,2,716
9179,Over 51,Male,Unknown,Asphalt roads,Dry,Daylight,Normal,Changing lane to the left,2,133
9180,18-30,Male,Unknown,Asphalt roads,Dry,Daylight,Normal,No priority to vehicle,2,132
9181,Over 51,Male,Unknown,Asphalt roads,Wet or damp,Daylight,Normal,No priority to vehicle,2,338
9185,18-30,Male,2-5yrs,Asphalt roads,Wet or damp,Darkness - lights lit,Normal,Driving carelessly,2,2006
9192,18-30,Male,5-10yrs,Asphalt roads,Dry,Daylight,Normal,Driving carelessly,2,479
9194,31-50,Male,Unknown,Asphalt roads,Dry,Darkness - lights lit,Normal,Driving carelessly,2,2118
9195,Over 51,Male,Unknown,Asphalt roads,Dry,Daylight,Normal,Driving to the left,2,388
9204,31-50,Male,Unknown,Asphalt roads,Wet or damp,Darkness - lights lit,Normal,Moving Backward,2,2797
9206,Over 51,Male,Unknown,Asphalt roads,Wet or damp,Daylight,Raining,Changing lane to the left,2,3845
9209,18-30,Male,1-2yr,Asphalt roads,Wet or damp,Darkness - lights lit,Cloudy,Moving Backward,2,2619
9210,31-50,Male,Above 10yr,Asphalt roads,Wet or damp,Darkness - lights lit,Raining,Changing lane to the left,2,1755
9211,Under 18,Male,Unknown,Asphalt roads,Wet or damp,Darkness - lights lit,Raining,No distancing,2,1749
9214,31-50,Male,Unknown,Asphalt roads,Wet or damp,Daylight,Raining,No distancing,2,247
9215,Over 51,Male,2-5yrs,Asphalt roads,Wet or damp,Daylight,Raining,No distancing,1,1250
9216,18-30,Male,Unknown,Asphalt roads,Dry,Daylight,Normal,Getting off the vehicle improperly,2,1221
9218,Over 51,Male,Unknown,Asphalt roads,Dry,Daylight,Normal,Changing lane to the left,2,1201
9219,31-50,Male,5-10yrs,Asphalt roads,Dry,Daylight,Normal,No distancing,2,1192
9220,Over 51,Male,Unknown,Asphalt roads,Dry,Daylight,Normal,Driving carelessly,2,265
9224,Under 18,Male,Above 10yr,Asphalt roads,Wet or damp,Darkness - lights lit,Normal,Driving carelessly,2,633
9225,Under 18,Male,1-2yr,Asphalt roads,Wet or damp,Darkness - lights lit,Normal,Moving Backward,2,3005
9226,Under 18,Male,Above 10yr,Asphalt roads,Wet or damp,Darkness - lights lit,Normal,No distancing,2,632
9227,Under 18,Male,Below 1yr,Asphalt roads,Wet or damp,Darkness - lights lit,Normal,Overtaking,2,3004
9228,18-30,Male,Above 10yr,Asphalt roads,Wet or damp,Darkness - lights lit,Raining,Driving carelessly,2,2130
9230,31-50,Male,1-2yr,Asphalt roads,Wet or damp,Daylight,Raining,Moving Backward,2,378
9231,18-30,Male,1-2yr,Asphalt roads,Wet or damp,Daylight,Raining,Driving carelessly,2,3449
9234,18-30,Male,Above 10yr,Asphalt roads,Wet or damp,Darkness - lights unlit,Raining,No distancing,2,226
9242,Unknown,Female,Above 10yr,Gravel roads,Dry,Darkness - lights lit,Normal,Changing lane to the right,2,2894
9244,18-30,Male,Above 10yr,Asphalt roads,Wet or damp,Daylight,Normal,No distancing,2,757
9245,Unknown,Female,5-10yrs,Asphalt roads,Wet or damp,Darkness - lights lit,Normal,Driving to the left,2,1454
9246,18-30,Male,Above 10yr,Asphalt roads,Wet or damp,Darkness - lights lit,Normal,Driving to the left,2,1458
9247,18-30,Male,Above 10yr,Asphalt roads,Wet or damp,Darkness - lights lit,Normal,Moving Backward,2,1455
9252,Over 51,Male,Above 10yr,Asphalt roads,Wet or damp,Darkness - lights lit,Normal,Driving under the influence of drugs,2,378
9253,31-50,Male,Above 10yr,Asphalt roads,Wet or damp,Darkness - lights lit,Normal,No distancing,2,199
9254,31-50,Male,Above 10yr,Asphalt roads,Wet or damp,Darkness - lights lit,Normal,Moving Backward,2,2620
9255,18-30,Male,5-10yrs,Asphalt roads,Dry,Darkness - lights lit,Normal,Changing lane to the left,1,2144
9257,31-50,Male,5-10yrs,Asphalt roads,Wet or damp,Daylight,Normal,No distancing,2,3655
9261,31-50,Male,2-5yrs,Asphalt roads,Wet or damp,Darkness - lights lit,Cloudy,No distancing,2,391
9263,18-30,Male,1-2yr,Earth roads,Wet or damp,Daylight,Normal,No distancing,2,1281
9265,Over 51,Male,5-10yrs,Asphalt roads,Wet or damp,Daylight,Raining,No distancing,2,818
9266,Under 18,Male,Above 10yr,Asphalt roads,Dry,Daylight,Normal,Changing lane to the left,2,3578
9267,Over 51,Male,2-5yrs,Asphalt roads,Dry,Daylight,Normal,Driving carelessly,2,388
9269,Under 18,Male,2-5yrs,Asphalt roads,Wet or damp,Darkness - lights lit,Raining,No priority to vehicle,2,3066
9270,18-30,Male,2-5yrs,Asphalt roads,Wet or damp,Darkness - lights lit,Raining,No distancing,2,3067
9271,31-50,Male,1-2yr,Asphalt roads,Dry,Darkness - lights lit,Normal,No priority to pedestrian,0,2302
9273,18-30,Male,Above 10yr,Asphalt roads with some distress,Wet or damp,Daylight,Raining,No priority to vehicle,2,3498
9274,18-30,Male,5-10yrs,Asphalt roads,Snow,Darkness - lights lit,Other,Changing lane to the left,2,651
9277,31-50,Male,5-10yrs,Asphalt roads,Dry,Daylight,Normal,No priority to vehicle,2,1335
9280,18-30,Male,Above 10yr,Asphalt roads,Dry,Darkness - lights lit,Normal,Changing lane to the right,2,2898
9281,Over 51,Male,1-2yr,Asphalt roads,Dry,Daylight,Normal,Changing lane to the left,2,777
9282,18-30,Male,2-5yrs,Asphalt roads,Dry,Daylight,Normal,No distancing,2,776
9283,Over 51,Male,Unknown,Asphalt roads,Dry,Daylight,Normal,Overturning,1,212
9285,31-50,Male,2-5yrs,Asphalt roads,Wet or damp,Daylight,Normal,Moving Backward,2,656
9286,31-50,Male,Above 10yr,Asphalt roads,Dry,Darkness - lights lit,Normal,Driving under the influence of drugs,1,2722
9287,31-50,Male,1-2yr,Asphalt roads,Wet or damp,Darkness - lights lit,Normal,Moving Backward,2,3188
9291,18-30,Male,Above 10yr,Asphalt roads,Dry,Darkness - lights lit,Unknown,Driving carelessly,1,2597
9294,Over 51,Male,5-10yrs,Asphalt roads,Wet or damp,Darkness - lights lit,Normal,Overspeed,2,2527
9298,Over 51,Male,Above 10yr,Asphalt roads,Dry,Darkness - lights lit,Normal,Changing lane to the right,1,1675
9299,Over 51,Male,2-5yrs,Asphalt roads,Dry,Daylight,Normal,Changing lane to the right,0,616
9300,Over 51,Male,2-5yrs,Asphalt roads,Dry,Daylight,Normal,Moving Backward,0,617
9304,18-30,Male,Below 1yr,Asphalt roads,Dry,Daylight,Normal,Driving carelessly,1,406
9305,Unknown,Female,5-10yrs,Asphalt roads,Dry,Daylight,Normal,No distancing,1,3757
9307,Over 51,Male,1-2yr,Asphalt roads,Dry,Daylight,Normal,No distancing,2,980
9308,31-50,Male,2-5yrs,Asphalt roads,Dry,Daylight,Normal,Changing lane to the right,2,986
9310,Unknown,Female,2-5yrs,Asphalt roads,Dry,Daylight,Normal,No priority to vehicle,2,1459
9314,Unknown,Female,5-10yrs,Asphalt roads,Dry,Daylight,Normal,Changing lane to the left,2,913
9316,31-50,Male,Unknown,Asphalt roads,Dry,Daylight,Normal,No distancing,2,716
9320,Unknown,Female,Unknown,Asphalt roads,Dry,Darkness - no lighting,Normal,Drunk driving,2,27
9324,31-50,Male,5-10yrs,Asphalt roads,Dry,Daylight,Other,Changing lane to the left,2,3492
9325,Over 51,Male,2-5yrs,Asphalt roads,Dry,Daylight,Other,Getting off the vehicle improperly,2,724
9331,18-30,Male,Above 10yr,Asphalt roads,Dry,Darkness - lights lit,Normal,Changing lane to the left,0,2564
9334,31-50,Male,1-2yr,Asphalt roads,Dry,Daylight,Normal,Changing lane to the left,2,728
9338,18-30,Male,2-5yrs,Asphalt roads,Dry,Daylight,Normal,Other,2,63
9339,31-50,Male,5-10yrs,Asphalt roads,Dry,Daylight,Normal,No priority to vehicle,2,3407
9340,18-30,Male,Above 10yr,Asphalt roads,Dry,Daylight,Normal,Changing lane to the right,2,3405
9341,18-30,Male,2-5yrs,Asphalt roads,Dry,Daylight,Normal,Moving Backward,2,134
9345,31-50,Male,1-2yr,Asphalt roads,Dry,Daylight,Normal,No priority to vehicle,1,127
9351,31-50,Male,5-10yrs,Asphalt roads,Dry,Daylight,Normal,Moving Backward,2,1629
9353,31-50,Male,Unknown,Asphalt roads,Dry,Daylight,Normal,Overtaking,2,3350
9354,Under 18,Male,1-2yr,Asphalt roads,Wet or damp,Daylight,Normal,Overloading,1,3193
9355,31-50,Male,Unknown,Asphalt roads,Wet or damp,Daylight,Raining,Changing lane to the right,1,93
9362,Over 51,Male,2-5yrs,Asphalt roads,Dry,Daylight,Normal,Changing lane to the left,2,247
9364,18-30,Male,Unknown,Asphalt roads,Dry,Daylight,Normal,Changing lane to the right,2,3863
9365,31-50,Male,Above 10yr,Asphalt roads,Dry,Daylight,Normal,No distancing,2,419
9367,18-30,Male,Unknown,Asphalt roads,Dry,Daylight,Normal,No distancing,2,2080
9368,18-30,Male,2-5yrs,Asphalt roads,Dry,Daylight,Normal,No priority to vehicle,2,152
9370,18-30,Male,5-10yrs,Asphalt roads,Dry,Daylight,Normal,Driving carelessly,2,3544
9382,31-50,Male,Unknown,Asphalt roads,Dry,Daylight,Normal,Getting off the vehicle improperly,1,171
9384,18-30,Male,Unknown,Asphalt roads,Dry,Darkness - lights lit,Normal,Other,2,29
9390,18-30,Male,Unknown,Asphalt roads,Wet or damp,Daylight,Raining,Changing lane to the right,2,12
9391,31-50,Male,Unknown,Asphalt roads,Wet or damp,Daylight,Raining,Driving carelessly,2,11
9392,Unknown,Female,Unknown,Asphalt roads,Wet or damp,Daylight,Raining,Changing lane to the right,2,30
9394,18-30,Male,Unknown,Asphalt roads,Dry,Daylight,Normal,Other,2,2389
9402,18-30,Male,Unknown,Asphalt roads,Dry,Daylight,Normal,Changing lane to the left,2,502
9405,18-30,Male,2-5yrs,Asphalt roads,Wet or damp,Daylight,Raining,Driving carelessly,2,885
9420,18-30,Male,Above 10yr,Asphalt roads,Dry,Darkness - lights lit,Normal,No distancing,2,2928
9423,18-30,Male,Unknown,Asphalt roads,Dry,Daylight,Normal,No distancing,2,673
9424,18-30,Male,5-10yrs,Asphalt roads,Dry,Daylight,Normal,No distancing,2,3367
9425,31-50,Male,Unknown,Asphalt roads,Dry,Daylight,Normal,No distancing,2,3366
9426,18-30,Male,Unknown,Asphalt roads,Dry,Darkness - lights lit,Normal,No priority to pedestrian,2,2973
9427,31-50,Male,Unknown,Asphalt roads,Dry,Darkness - lights lit,Normal,Driving carelessly,2,2974
9428,31-50,Male,Unknown,Asphalt roads,Dry,Darkness - lights lit,Normal,Changing lane to the right,2,2977
9429,31-50,Male,5-10yrs,Asphalt roads,Dry,Daylight,Normal,Changing lane to the left,2,554
9430,31-50,Male,Unknown,Asphalt roads,Dry,Daylight,Normal,Driving carelessly,2,2622
9441,31-50,Male,5-10yrs,Asphalt roads,Dry,Daylight,Normal,No priority to pedestrian,1,2595
9448,18-30,Male,Unknown,Asphalt roads,Dry,Daylight,Normal,No priority to vehicle,2,161
9452,31-50,Male,5-10yrs,Asphalt roads,Dry,Daylight,Normal,Changing lane to the right,1,3272
9458,18-30,Male,5-10yrs,Asphalt roads,Dry,Daylight,Normal,No priority to pedestrian,2,2035
9461,31-50,Male,2-5yrs,Asphalt roads,Dry,Daylight,Normal,Turnover,2,3483
9463,Over 51,Male,2-5yrs,Asphalt roads,Dry,Daylight,Normal,Driving carelessly,2,390
9465,18-30,Male,Unknown,Asphalt roads,Dry,Daylight,Normal,Driving carelessly,2,1893
9474,31-50,Male,Below 1yr,Asphalt roads,Dry,Daylight,Normal,Driving carelessly,1,1499
9475,31-50,Male,2-5yrs,Asphalt roads,Dry,Daylight,Normal,Changing lane to the right,1,1042
9477,Over 51,Male,5-10yrs,Asphalt roads,Dry,Daylight,Normal,Driving carelessly,1,101
9478,18-30,Male,Unknown,Asphalt roads,Dry,Daylight,Normal,Overtaking,1,963
9480,Over 51,Male,1-2yr,Gravel roads,Dry,Daylight,Normal,No distancing,2,1999
9481,18-30,Male,Above 10yr,Asphalt roads,Dry,Daylight,Normal,Other,2,415
9482,Over 51,Male,2-5yrs,Asphalt roads,Dry,Daylight,Normal,Changing lane to the right,2,286
9483,18-30,Male,1-2yr,Asphalt roads,Dry,Daylight,Normal,Changing lane to the right,2,55
9484,Unknown,Female,1-2yr,Asphalt roads,Wet or damp,Daylight,Normal,Overtaking,1,2644
9485,18-30,Male,1-2yr,Asphalt roads,Dry,Daylight,Other,Other,2,3313
9486,31-50,Male,2-5yrs,Asphalt roads,Dry,Daylight,Other,Driving to the left,2,689
9487,31-50,Male,1-2yr,Asphalt roads,Wet or damp,Daylight,Normal,Overtaking,2,2538
9488,18-30,Male,1-2yr,Asphalt roads,Wet or damp,Daylight,Normal,No priority to vehicle,2,2537
9489,31-50,Male,Unknown,Asphalt roads,Dry,Daylight,Normal,Moving Backward,2,323
9491,18-30,Male,1-2yr,Asphalt roads,Dry,Daylight,Normal,No priority to vehicle,2,3263
9492,Over 51,Male,1-2yr,Asphalt roads,Dry,Daylight,Normal,No priority to pedestrian,2,3264
9493,31-50,Male,Below 1yr,Asphalt roads,Dry,Daylight,Normal,Changing lane to the right,2,3744
9496,Unknown,Male,Above 10yr,Asphalt roads,Dry,Daylight,Normal,Driving to the left,2,2409
9499,31-50,Male,2-5yrs,Asphalt roads,Wet or damp,Daylight,Raining,Driving at high speed,2,2205
9500,Over 51,Male,2-5yrs,Asphalt roads,Wet or damp,Daylight,Raining,Moving Backward,2,2207
9501,Over 51,Male,2-5yrs,Asphalt roads,Wet or damp,Daylight,Raining,No distancing,2,2208
9503,18-30,Male,2-5yrs,Asphalt roads,Dry,Daylight,Normal,No priority to vehicle,2,2471
9506,31-50,Male,Above 10yr,Asphalt roads,Wet or damp,Daylight,Raining,No distancing,2,893