,age_of_driver,Sex_of_driver,car_age,Road_surface_type,Road_surface_conditions,Light_conditions,Weather_conditions,Cause_of_accident,Accident_severity,accident history
9507,18-30,Male,2-5yrs,Asphalt roads,Dry,Daylight,Normal,Driving carelessly,2,3305
9508,18-30,Male,Above 10yr,Asphalt roads,Dry,Daylight,Normal,No distancing,2,3306
9509,Under 18,Female,Above 10yr,Asphalt roads,Dry,Daylight,Normal,Moving Backward,2,688
9511,31-50,Male,Above 10yr,Asphalt roads,Dry,Daylight,Normal,Moving Backward,2,162
9517,18-30,Male,Unknown,Asphalt roads,Wet or damp,Daylight,Raining,No priority to pedestrian,2,2292
9540,Over 51,Male,5-10yrs,Asphalt roads,Wet or damp,Daylight,Raining,No distancing,2,1023
9541,18-30,Male,Unknown,Asphalt roads,Dry,Daylight,Normal,Changing lane to the left,2,2146
9550,18-30,Male,2-5yrs,Asphalt roads,Dry,Daylight,Normal,Moving Backward,2,1533
9552,Unknown,Female,5-10yrs,Asphalt roads,Dry,Darkness - lights lit,Normal,Other,1,327
9560,Unknown,Female,Unknown,Gravel roads,Dry,Daylight,Normal,Driving carelessly,2,705
9561,Over 51,Male,Unknown,Asphalt roads,Dry,Daylight,Normal,Driving carelessly,2,194
9563,31-50,Male,Unknown,Asphalt roads,Dry,Daylight,Normal,Getting off the vehicle improperly,2,930
9579,Over 51,Male,Unknown,Earth roads,Dry,Daylight,Normal,Changing lane to the left,1,765
9601,31-50,Male,1-2yr,Asphalt roads,Dry,Daylight,Normal,No distancing,2,3801
9602,18-30,Male,5-10yrs,Asphalt roads,Dry,Daylight,Normal,Changing lane to the left,2,1664
9608,18-30,Male,1-2yr,Asphalt roads,Dry,Daylight,Normal,Changing lane to the left,2,381
9609,18-30,Male,1-2yr,Asphalt roads,Dry,Daylight,Normal,Changing lane to the right,2,1766
9610,18-30,Male,1-2yr,Asphalt roads,Dry,Daylight,Normal,Moving Backward,2,1754
9611,18-30,Male,Unknown,Asphalt roads,Dry,Daylight,Normal,Changing lane to the right,2,1757
9616,31-50,Male,Above 10yr,Asphalt roads,Dry,Daylight,Normal,Changing lane to the right,2,1923
9620,18-30,Male,1-2yr,Asphalt roads,Wet or damp,Darkness - lights lit,Raining,Changing lane to the left,2,3008
9623,18-30,Male,Below 1yr,Asphalt roads,Dry,Daylight,Normal,No priority to vehicle,2,1124
9626,18-30,Male,Unknown,Asphalt roads,Dry,Daylight,Normal,No distancing,2,2213
9627,18-30,Male,Above 10yr,Asphalt roads,Dry,Daylight,Normal,Driving carelessly,2,466
9633,18-30,Male,1-2yr,Asphalt roads,Dry,Daylight,Normal,No distancing,2,2087
9635,31-50,Male,2-5yrs,Earth roads,Dry,Daylight,Normal,Changing lane to the left,2,246
9640,Over 51,Male,Above 10yr,Asphalt roads,Dry,Darkness - lights lit,Normal,Driving carelessly,2,122
9642,31-50,Male,Above 10yr,Asphalt roads,Dry,Daylight,Normal,Driving under the influence of drugs,2,1483
9645,18-30,Male,5-10yrs,Asphalt roads,Dry,Daylight,Normal,Driving carelessly,2,3751
9647,31-50,Male,Unknown,Asphalt roads,Dry,Daylight,Normal,Driving carelessly,1,214
9648,31-50,Male,Unknown,Asphalt roads,Dry,Daylight,Normal,No priority to vehicle,2,31
9649,31-50,Male,Unknown,Earth roads,Dry,Daylight,Normal,Changing lane to the right,2,167
9650,18-30,Male,5-10yrs,Asphalt roads,Dry,Daylight,Normal,Changing lane to the left,2,2124
9652,18-30,Male,5-10yrs,Asphalt roads,Dry,Daylight,Normal,Driving carelessly,2,504
9653,31-50,Male,2-5yrs,Asphalt roads,Dry,Daylight,Normal,Moving Backward,2,2388
9662,18-30,Male,Unknown,Asphalt roads,Dry,Daylight,Normal,Changing lane to the right,2,505
9664,31-50,Male,Above 10yr,Asphalt roads,Dry,Daylight,Normal,Driving to the left,2,1600
9665,31-50,Male,Above 10yr,Asphalt roads,Dry,Daylight,Normal,No distancing,2,1612
9666,Unknown,Female,Above 10yr,Other,Dry,Daylight,Normal,Overtaking,2,18
9670,18-30,Male,2-5yrs,Asphalt roads,Dry,Daylight,Normal,Changing lane to the right,2,13
9671,31-50,Male,Below 1yr,Earth roads,Dry,Daylight,Normal,Changing lane to the left,2,12
9677,31-50,Male,Above 10yr,Asphalt roads,Dry,Daylight,Normal,Changing lane to the right,2,2
9678,Over 51,Male,Above 10yr,Asphalt roads,Dry,Daylight,Normal,Changing lane to the right,1,24
9680,31-50,Male,2-5yrs,Asphalt roads,Dry,Darkness - lights lit,Normal,Changing lane to the left,2,8
9683,31-50,Male,2-5yrs,Asphalt roads,Wet or damp,Darkness - lights lit,Normal,Changing lane to the left,1,97
9695,Over 51,Male,2-5yrs,Asphalt roads,Dry,Daylight,Normal,No distancing,2,66
9696,Over 51,Male,2-5yrs,Asphalt roads,Dry,Daylight,Normal,No distancing,2,65
9697,18-30,Male,Above 10yr,Asphalt roads,Dry,Daylight,Normal,Overtaking,2,204
9698,18-30,Male,Unknown,Asphalt roads,Dry,Daylight,Normal,Driving under the influence of drugs,2,1884
9699,31-50,Male,Above 10yr,Asphalt roads,Dry,Daylight,Normal,Changing lane to the right,2,1878
9700,18-30,Male,Below 1yr,Asphalt roads,Dry,Darkness - lights lit,Normal,Changing lane to the left,2,306
9701,Over 51,Male,Unknown,Other,Dry,Darkness - lights lit,Normal,Driving carelessly,2,2754
9702,18-30,Male,Unknown,Asphalt roads,Dry,Darkness - lights lit,Normal,Moving Backward,2,601
9703,31-50,Male,Unknown,Asphalt roads,Dry,Darkness - lights lit,Normal,Moving Backward,2,2857
9706,18-30,Male,1-2yr,Asphalt roads,Dry,Daylight,Normal,Driving at high speed,2,54
9707,Over 51,Male,Above 10yr,Asphalt roads,Dry,Daylight,Normal,Driving under the influence of drugs,2,1407
9708,31-50,Male,Unknown,Asphalt roads,Dry,Daylight,Normal,Changing lane to the right,2,1175
9712,Under 18,Male,5-10yrs,Asphalt roads,Dry,Darkness - no lighting,Normal,No distancing,1,647
9713,Over 51,Male,2-5yrs,Asphalt roads,Dry,Darkness - lights unlit,Normal,No distancing,2,2588
9714,31-50,Male,Unknown,Asphalt roads,Dry,Darkness - lights unlit,Normal,Getting off the vehicle improperly,2,113
9721,18-30,Male,Unknown,Asphalt roads,Dry,Darkness - lights lit,Normal,Changing lane to the right,2,2559
9723,18-30,Male,Unknown,Asphalt roads,Dry,Darkness - lights lit,Normal,No distancing,2,540
9724,31-50,Male,Unknown,Asphalt roads,Wet or damp,Darkness - lights lit,Raining,No distancing,2,458
9725,18-30,Male,Above 10yr,Earth roads,Wet or damp,Darkness - lights lit,Raining,No priority to vehicle,2,2190
9729,18-30,Male,5-10yrs,Asphalt roads,Dry,Daylight,Normal,Changing lane to the left,1,119
9730,Under 18,Male,2-5yrs,Asphalt roads,Dry,Daylight,Normal,Changing lane to the left,2,3693
9731,Over 51,Male,Unknown,Asphalt roads,Dry,Daylight,Normal,No priority to vehicle,2,3694
9732,31-50,Male,Unknown,Asphalt roads,Wet or damp,Daylight,Normal,Changing lane to the right,2,1822
9733,18-30,Male,5-10yrs,Asphalt roads,Dry,Darkness - lights lit,Normal,Changing lane to the right,2,66
9734,18-30,Male,Unknown,Asphalt roads,Dry,Darkness - lights lit,Normal,Driving carelessly,2,69
9735,18-30,Male,Unknown,Asphalt roads,Dry,Darkness - lights lit,Normal,Changing lane to the left,2,68
9736,31-50,Male,Unknown,Asphalt roads,Dry,Daylight,Normal,Changing lane to the right,2,244
9737,Under 18,Male,Unknown,Gravel roads,Wet or damp,Darkness - lights lit,Raining,Driving under the influence of drugs,2,2147
9738,18-30,Male,Unknown,Asphalt roads,Wet or damp,Darkness - lights lit,Raining,Driving carelessly,2,231
9739,31-50,Male,Unknown,Asphalt roads,Wet or damp,Darkness - no lighting,Normal,No distancing,1,668
9740,18-30,Male,2-5yrs,Asphalt roads,Dry,Daylight,Normal,No priority to vehicle,2,102
9743,31-50,Male,Above 10yr,Asphalt roads,Wet or damp,Darkness - lights lit,Raining,Changing lane to the left,1,3236
9744,Under 18,Male,2-5yrs,Asphalt roads,Wet or damp,Darkness - lights lit,Normal,Moving Backward,1,1855
9745,Under 18,Male,2-5yrs,Asphalt roads,Wet or damp,Darkness - lights lit,Normal,Driving carelessly,1,1856
9746,18-30,Male,2-5yrs,Asphalt roads,Wet or damp,Darkness - lights lit,Raining,Driving under the influence of drugs,2,3144
9747,18-30,Male,2-5yrs,Asphalt roads,Wet or damp,Darkness - lights lit,Raining,Changing lane to the right,2,3143
9748,18-30,Male,2-5yrs,Asphalt roads,Wet or damp,Darkness - lights lit,Raining,No priority to vehicle,2,3142
9749,18-30,Male,1-2yr,Asphalt roads,Wet or damp,Darkness - lights lit,Raining,Changing lane to the right,2,3141
9750,18-30,Male,Unknown,Asphalt roads,Dry,Daylight,Normal,Driving to the left,2,1316
9751,Under 18,Male,Unknown,Asphalt roads,Wet or damp,Daylight,Raining,Moving Backward,2,747
9752,18-30,Male,Unknown,Asphalt roads,Dry,Darkness - lights lit,Normal,No priority to vehicle,2,28
9754,31-50,Male,Unknown,Asphalt roads,Dry,Darkness - lights lit,Normal,Driving carelessly,2,33
9756,18-30,Male,2-5yrs,Asphalt roads,Wet or damp,Darkness - lights lit,Raining and Windy,No priority to vehicle,2,3
9759,31-50,Male,5-10yrs,Asphalt roads,Dry,Daylight,Cloudy,Driving to the left,2,1154
9761,Under 18,Male,Unknown,Asphalt roads,Wet or damp,Darkness - lights lit,Raining,Driving carelessly,2,1492
9762,Under 18,Male,2-5yrs,Asphalt roads,Dry,Darkness - lights lit,Normal,Changing lane to the right,2,2552
9763,31-50,Male,2-5yrs,Other,Dry,Darkness - lights lit,Normal,Driving carelessly,2,538
9764,Over 51,Male,2-5yrs,Asphalt roads,Wet or damp,Darkness - no lighting,Normal,Changing lane to the left,2,2499
9765,31-50,Male,Unknown,Asphalt roads,Wet or damp,Darkness - no lighting,Normal,Driving carelessly,2,2492
9766,31-50,Male,5-10yrs,Asphalt roads,Wet or damp,Darkness - no lighting,Normal,Driving carelessly,2,2495
9767,18-30,Male,2-5yrs,Asphalt roads,Wet or damp,Darkness - lights lit,Normal,Driving under the influence of drugs,2,2374
9768,18-30,Male,1-2yr,Asphalt roads,Wet or damp,Darkness - lights lit,Normal,Driving carelessly,2,2369
9769,Over 51,Male,2-5yrs,Asphalt roads,Wet or damp,Darkness - lights lit,Raining,No distancing,2,1953
9771,31-50,Male,Unknown,Asphalt roads,Dry,Darkness - lights lit,Normal,Driving to the left,2,2845
9773,Over 51,Male,Unknown,Other,Dry,Daylight,Normal,No distancing,2,1039
9774,Over 51,Male,1-2yr,Asphalt roads,Dry,Daylight,Normal,Driving carelessly,2,1040
9776,31-50,Male,Unknown,Asphalt roads,Wet or damp,Darkness - lights lit,Normal,No priority to vehicle,2,393
9780,18-30,Male,Above 10yr,Asphalt roads,Wet or damp,Daylight,Normal,Moving Backward,2,691
9782,31-50,Male,Above 10yr,Asphalt roads,Wet or damp,Daylight,Other,Changing lane to the left,2,191
9783,31-50,Male,Unknown,Asphalt roads,Wet or damp,Daylight,Raining,Changing lane to the left,2,719
9784,31-50,Male,Unknown,Earth roads,Wet or damp,Daylight,Raining,No priority to pedestrian,2,720
9785,31-50,Male,2-5yrs,Asphalt roads,Wet or damp,Daylight,Raining,Moving Backward,2,158
9786,18-30,Male,Above 10yr,Asphalt roads,Dry,Daylight,Normal,Changing lane to the left,2,311
9789,18-30,Male,Unknown,Asphalt roads,Wet or damp,Darkness - no lighting,Raining,Changing lane to the right,2,2460
9790,31-50,Male,Unknown,Asphalt roads,Wet or damp,Daylight,Normal,No distancing,1,3786
9791,18-30,Male,Below 1yr,Asphalt roads,Wet or damp,Daylight,Normal,No distancing,1,408
9793,Over 51,Male,Unknown,Asphalt roads,Dry,Daylight,Normal,No priority to pedestrian,2,914
9794,31-50,Male,Unknown,Asphalt roads,Wet or damp,Daylight,Normal,Changing lane to the left,2,186
9795,31-50,Male,2-5yrs,Asphalt roads,Wet or damp,Daylight,Normal,No distancing,2,897
9796,Unknown,Female,Unknown,Gravel roads,Wet or damp,Darkness - lights lit,Normal,Driving carelessly,2,2913
9797,Over 51,Male,Unknown,Asphalt roads,Wet or damp,Darkness - lights lit,Normal,No distancing,2,317
9798,18-30,Male,Unknown,Asphalt roads,Wet or damp,Darkness - lights lit,Windy,Changing lane to the right,2,3268
9799,31-50,Male,5-10yrs,Asphalt roads,Wet or damp,Darkness - lights lit,Windy,Overtaking,2,3269
9800,18-30,Male,Above 10yr,Asphalt roads,Wet or damp,Darkness - lights lit,Raining,Driving carelessly,2,368
9801,31-50,Male,5-10yrs,Asphalt roads,Wet or damp,Darkness - lights lit,Raining,Moving Backward,2,369
9802,31-50,Male,2-5yrs,Asphalt roads,Wet or damp,Daylight,Raining,No distancing,2,392
9803,31-50,Male,2-5yrs,Asphalt roads,Wet or damp,Daylight,Raining,Overtaking,2,745
9804,Over 51,Male,Unknown,Asphalt roads,Wet or damp,Daylight,Normal,Driving carelessly,1,1383
9805,18-30,Male,Unknown,Asphalt roads,Wet or damp,Darkness - lights lit,Raining,Driving carelessly,1,2915
9806,18-30,Male,Unknown,Asphalt roads,Wet or damp,Darkness - lights lit,Raining,Moving Backward,1,2914
9807,18-30,Male,Above 10yr,Asphalt roads,Wet or damp,Darkness - lights lit,Raining,Driving carelessly,1,2918
9808,18-30,Male,Unknown,Asphalt roads,Wet or damp,Darkness - lights lit,Raining,Driving to the left,1,2917
9809,18-30,Male,Above 10yr,Asphalt roads,Wet or damp,Darkness - lights lit,Windy,Changing lane to the left,2,3133
9814,Unknown,Female,2-5yrs,Asphalt roads,Dry,Daylight,Normal,Changing lane to the right,2,3783
9816,Under 18,Male,Unknown,Asphalt roads,Wet or damp,Daylight,Raining,Moving Backward,2,2
9820,18-30,Male,Unknown,Asphalt roads,Wet or damp,Darkness - lights lit,Normal,No distancing,2,1693
9821,31-50,Male,Unknown,Asphalt roads,Wet or damp,Darkness - lights lit,Normal,Driving to the left,2,1691
9822,31-50,Male,Unknown,Asphalt roads,Wet or damp,Darkness - lights lit,Normal,Driving to the left,2,1708
9823,Unknown,Female,Unknown,Asphalt roads,Wet or damp,Daylight,Normal,Moving Backward,2,1186
9824,18-30,Male,Unknown,Asphalt roads,Wet or damp,Daylight,Normal,Moving Backward,2,1206
9825,18-30,Male,Unknown,Asphalt roads,Wet or damp,Daylight,Raining,Overtaking,2,3835
9826,Over 51,Male,Above 10yr,Asphalt roads,Wet or damp,Daylight,Raining,Driving carelessly,2,416
9827,31-50,Male,Unknown,Asphalt roads,Wet or damp,Daylight,Raining,Changing lane to the left,2,778
9828,18-30,Female,Above 10yr,Asphalt roads,Dry,Daylight,Normal,Driving under the influence of drugs,1,53
9829,Over 51,Female,1-2yr,Asphalt roads,Dry,Daylight,Normal,No distancing,1,287
9830,Unknown,Female,Unknown,Asphalt roads,Dry,Daylight,Normal,Moving Backward,2,697
9831,18-30,Male,2-5yrs,Asphalt roads,Dry,Daylight,Normal,Changing lane to the left,2,699
9832,18-30,Male,Unknown,Other,Wet or damp,Daylight,Raining,Changing lane to the right,2,1321
9833,18-30,Male,Unknown,Asphalt roads,Wet or damp,Daylight,Raining,No distancing,2,1328
9834,31-50,Male,Unknown,Asphalt roads,Wet or damp,Daylight,Raining,Driving at high speed,2,272
9835,31-50,Male,Unknown,Asphalt roads,Wet or damp,Daylight,Normal,Changing lane to the right,2,203
9836,31-50,Male,2-5yrs,Asphalt roads,Wet or damp,Daylight,Normal,No priority to vehicle,2,204
9842,18-30,Male,1-2yr,Other,Wet or damp,Darkness - lights lit,Raining and Windy,Changing lane to the left,2,339
9846,18-30,Male,Unknown,Asphalt roads,Dry,Darkness - lights lit,Normal,No distancing,2,1939
9847,31-50,Male,5-10yrs,Asphalt roads,Wet or damp,Darkness - lights lit,Raining,No priority to pedestrian,2,2376
9849,Over 51,Male,Unknown,Earth roads,Dry,Daylight,Normal,No priority to vehicle,1,16
9851,18-30,Male,Unknown,Asphalt roads,Dry,Daylight,Normal,Changing lane to the left,2,3841
9852,18-30,Male,Unknown,Asphalt roads,Wet or damp,Darkness - lights lit,Normal,No distancing,2,1445
9853,18-30,Male,Above 10yr,Asphalt roads,Wet or damp,Darkness - lights lit,Normal,No priority to vehicle,2,1446
9854,18-30,Male,5-10yrs,Asphalt roads,Dry,Darkness - lights lit,Normal,No distancing,2,2491
9855,18-30,Male,5-10yrs,Asphalt roads,Dry,Darkness - lights lit,Normal,No distancing,2,1593
9856,31-50,Male,Above 10yr,Asphalt roads,Dry,Daylight,Normal,Changing lane to the right,2,595
9857,31-50,Male,1-2yr,Asphalt roads,Wet or damp,Darkness - lights lit,Raining,Changing lane to the left,2,2465
9858,18-30,Male,Above 10yr,Asphalt roads,Wet or damp,Darkness - lights lit,Raining,No distancing,2,2464
9859,18-30,Male,Above 10yr,Asphalt roads,Wet or damp,Darkness - lights lit,Raining,Overturning,2,387
9860,Over 51,Male,Above 10yr,Asphalt roads,Wet or damp,Darkness - lights lit,Raining,No priority to vehicle,2,383
9861,Over 51,Male,Above 10yr,Asphalt roads,Wet or damp,Darkness - lights lit,Raining,Moving Backward,2,202
9862,18-30,Male,5-10yrs,Asphalt roads,Dry,Darkness - lights lit,Normal,Driving under the influence of drugs,2,2236
9864,31-50,Male,1-2yr,Asphalt roads,Wet or damp,Daylight,Normal,Changing lane to the right,2,1302
9865,Under 18,Male,5-10yrs,Asphalt roads,Dry,Daylight,Normal,Overspeed,2,1077
9866,31-50,Male,5-10yrs,Asphalt roads,Wet or damp,Darkness - no lighting,Normal,Driving under the influence of drugs,1,1812
9867,31-50,Male,1-2yr,Earth roads,Wet or damp,Darkness - no lighting,Normal,Driving carelessly,1,1815
9868,31-50,Male,2-5yrs,Asphalt roads,Wet or damp,Darkness - no lighting,Normal,No distancing,1,1820
9869,Over 51,Male,5-10yrs,Asphalt roads,Wet or damp,Darkness - lights lit,Normal,No priority to vehicle,1,1779
9870,Under 18,Male,5-10yrs,Asphalt roads,Wet or damp,Darkness - lights lit,Normal,Overspeed,1,1781
9871,18-30,Male,1-2yr,Asphalt roads,Dry,Daylight,Normal,Driving under the influence of drugs,2,144
9872,31-50,Male,1-2yr,Asphalt roads,Dry,Daylight,Normal,Changing lane to the right,2,143
9873,18-30,Male,2-5yrs,Asphalt roads,Dry,Daylight,Normal,Changing lane to the right,2,1379
9874,18-30,Male,Unknown,Asphalt roads,Wet or damp,Daylight,Other,Changing lane to the right,2,3702
9875,18-30,Male,Unknown,Asphalt roads,Wet or damp,Daylight,Other,Changing lane to the right,2,3701
9876,18-30,Male,Unknown,Asphalt roads,Dry,Daylight,Normal,Moving Backward,2,3686
9878,18-30,Male,Unknown,Earth roads,Wet or damp,Darkness - lights lit,Normal,Overspeed,2,1443
9879,18-30,Male,Unknown,Asphalt roads,Wet or damp,Darkness - lights lit,Normal,No distancing,2,1772
9880,31-50,Male,Unknown,Asphalt roads,Wet or damp,Darkness - lights lit,Normal,Driving carelessly,2,1770
9884,18-30,Male,2-5yrs,Asphalt roads,Dry,Daylight,Normal,Changing lane to the right,2,1264
9891,31-50,Male,5-10yrs,Asphalt roads,Wet or damp,Darkness - lights lit,Raining,No priority to pedestrian,2,1921
9893,Over 51,Male,Unknown,Asphalt roads,Snow,Daylight,Snow,No distancing,2,378
9894,31-50,Male,Unknown,Asphalt roads,Snow,Daylight,Snow,Overturning,2,77
9903,31-50,Male,Unknown,Asphalt roads,Dry,Darkness - no lighting,Snow,Changing lane to the right,2,534
9905,Over 51,Male,Unknown,Asphalt roads,Wet or damp,Darkness - lights lit,Normal,Moving Backward,2,2680
9908,Over 51,Male,1-2yr,Earth roads,Wet or damp,Darkness - lights lit,Normal,Changing lane to the right,2,2682
9909,31-50,Male,Above 10yr,Asphalt roads,Wet or damp,Darkness - lights lit,Normal,No distancing,2,2705
9910,Over 51,Male,Unknown,Asphalt roads,Snow,Daylight,Normal,Changing lane to the right,2,868
9913,Unknown,Female,Unknown,Asphalt roads,Snow,Daylight,Normal,Changing lane to the right,2,181
9914,Under 18,Male,2-5yrs,Asphalt roads,Wet or damp,Daylight,Snow,Driving carelessly,2,810
9915,18-30,Male,Unknown,Asphalt roads,Wet or damp,Daylight,Snow,Driving carelessly,2,173
9917,18-30,Male,Unknown,Asphalt roads,Dry,Darkness - lights lit,Normal,Overturning,2,3374
9918,31-50,Male,5-10yrs,Asphalt roads,Dry,Daylight,Normal,Changing lane to the right,2,1245
9919,Over 51,Male,Unknown,Asphalt roads,Wet or damp,Darkness - lights lit,Cloudy,Moving Backward,2,548
9923,Over 51,Male,Above 10yr,Asphalt roads,Snow,Darkness - lights lit,Other,Changing lane to the right,2,1943
9924,31-50,Male,1-2yr,Asphalt roads,Snow,Darkness - lights lit,Other,Driving at high speed,2,1941
9925,18-30,Male,Above 10yr,Asphalt roads,Dry,Daylight,Normal,Changing lane to the left,2,948
9926,31-50,Male,Below 1yr,Asphalt roads,Dry,Daylight,Normal,Driving carelessly,2,464
9927,18-30,Male,Above 10yr,Asphalt roads,Dry,Daylight,Normal,No distancing,2,470
9928,18-30,Male,Unknown,Asphalt roads,Wet or damp,Darkness - lights lit,Normal,Moving Backward,2,696
9929,31-50,Male,1-2yr,Asphalt roads,Wet or damp,Darkness - lights lit,Raining,No priority to pedestrian,2,289
9930,31-50,Male,1-2yr,Asphalt roads,Wet or damp,Daylight,Windy,Moving Backward,2,737
9933,18-30,Male,Above 10yr,Asphalt roads,Dry,Darkness - lights lit,Normal,Drunk driving,2,2288
9941,31-50,Male,Above 10yr,Other,Dry,Darkness - no lighting,Normal,No priority to vehicle,2,2050
9943,18-30,Male,Above 10yr,Asphalt roads,Wet or damp,Darkness - lights lit,Normal,Changing lane to the right,2,2839
9944,18-30,Male,5-10yrs,Asphalt roads,Wet or damp,Darkness - lights lit,Normal,Driving carelessly,2,2841
9945,31-50,Male,Above 10yr,Asphalt roads,Dry,Daylight,Normal,Driving under the influence of drugs,2,1602
9946,31-50,Male,Above 10yr,Asphalt roads,Dry,Daylight,Normal,No distancing,2,1599
9951,18-30,Male,Above 10yr,Asphalt roads,Dry,Darkness - no lighting,Normal,No distancing,2,2636
9952,18-30,Male,Above 10yr,Asphalt roads,Dry,Darkness - no lighting,Normal,Changing lane to the right,2,2637
9953,31-50,Male,Above 10yr,Asphalt roads,Dry,Daylight,Normal,Changing lane to the right,2,1190
9954,31-50,Male,5-10yrs,Asphalt roads,Wet or damp,Darkness - lights lit,Normal,Moving Backward,2,562
9956,31-50,Male,5-10yrs,Asphalt roads,Wet or damp,Daylight,Raining,Driving under the influence of drugs,2,675
9960,31-50,Male,2-5yrs,Asphalt roads,Dry,Daylight,Normal,Driving to the left,2,1502
9962,18-30,Male,1-2yr,Asphalt roads,Dry,Daylight,Normal,No priority to vehicle,2,1899
9964,18-30,Male,5-10yrs,Asphalt roads,Dry,Darkness - lights lit,Normal,No distancing,2,239
9965,31-50,Male,Above 10yr,Asphalt roads,Dry,Darkness - lights lit,Normal,Moving Backward,2,2199
9966,Over 51,Male,2-5yrs,Asphalt roads,Dry,Darkness - lights lit,Normal,Changing lane to the right,2,462
9968,31-50,Male,2-5yrs,Asphalt roads,Dry,Darkness - lights lit,Normal,Changing lane to the left,2,464
9969,18-30,Male,2-5yrs,Asphalt roads,Dry,Daylight,Normal,No distancing,2,454
9970,18-30,Male,1-2yr,Asphalt roads,Dry,Daylight,Normal,Changing lane to the right,2,458
9975,18-30,Male,1-2yr,Asphalt roads,Dry,Daylight,Normal,Changing lane to the right,2,3668
9976,31-50,Male,Unknown,Earth roads,Dry,Daylight,Normal,No priority to vehicle,1,168
9977,18-30,Male,Unknown,Asphalt roads,Wet or damp,Darkness - lights lit,Normal,Changing lane to the right,2,2358
9978,18-30,Male,Unknown,Asphalt roads,Wet or damp,Darkness - lights lit,Normal,Changing lane to the left,2,2359
9980,31-50,Male,Unknown,Earth roads,Wet or damp,Daylight,Fog or mist,No priority to pedestrian,2,3475
9982,31-50,Male,1-2yr,Asphalt roads,Dry,Daylight,Normal,No distancing,2,1956
9983,18-30,Male,2-5yrs,Asphalt roads,Wet or damp,Darkness - lights lit,Windy,Driving carelessly,1,2758
9984,31-50,Male,2-5yrs,Asphalt roads,Dry,Daylight,Normal,Driving carelessly,2,882
9988,Over 51,Male,5-10yrs,Asphalt roads,Dry,Daylight,Normal,No priority to vehicle,1,1478
9992,31-50,Male,1-2yr,Asphalt roads,Dry,Daylight,Cloudy,Moving Backward,2,1232
9994,18-30,Male,Unknown,Asphalt roads,Wet or damp,Daylight,Normal,No distancing,2,499
9996,31-50,Male,Unknown,Asphalt roads,Wet or damp,Darkness - lights lit,Raining,No distancing,2,2277
10005,18-30,Male,Unknown,Asphalt roads,Wet or damp,Daylight,Normal,No distancing,2,1700
10014,Unknown,Female,1-2yr,Asphalt roads,Dry,Darkness - lights lit,Normal,Changing lane to the right,2,2416
10022,31-50,Male,Below 1yr,Asphalt roads,Dry,Darkness - lights lit,Normal,Driving carelessly,2,2733
10023,Under 18,Male,Unknown,Asphalt roads,Wet or damp,Daylight,Other,Driving carelessly,2,555
10026,18-30,Male,2-5yrs,Asphalt roads,Dry,Daylight,Normal,Changing lane to the right,2,746
10029,31-50,Male,1-2yr,Asphalt roads,Dry,Daylight,Normal,Overtaking,2,1240
10030,18-30,Male,Above 10yr,Asphalt roads,Dry,Daylight,Normal,Moving Backward,2,227
10031,Over 51,Male,Above 10yr,Asphalt roads,Dry,Daylight,Normal,No distancing,2,2137
10036,31-50,Male,1-2yr,Asphalt roads,Dry,Daylight,Normal,No distancing,2,3728
10037,Unknown,Female,Below 1yr,Asphalt roads,Dry,Daylight,Normal,Driving under the influence of drugs,2,3729
10039,18-30,Male,Unknown,Asphalt roads,Wet or damp,Daylight,Normal,Changing lane to the right,1,323
10040,18-30,Male,Unknown,Asphalt roads,Wet or damp,Daylight,Normal,Driving to the left,1,321
10041,Under 18,Male,Unknown,Asphalt roads,Wet or damp,Daylight,Normal,Driving at high speed,1,320
10042,Under 18,Male,Unknown,Asphalt roads,Wet or damp,Daylight,Normal,Overtaking,1,316
10043,Under 18,Male,Unknown,Gravel roads,Wet or damp,Daylight,Normal,Changing lane to the right,1,312
10044,31-50,Male,Unknown,Asphalt roads,Wet or damp,Daylight,Normal,Changing lane to the right,1,324
10045,18-30,Male,Unknown,Gravel roads,Wet or damp,Daylight,Normal,Moving Backward,1,20
10046,31-50,Male,Unknown,Asphalt roads,Dry,Daylight,Normal,Moving Backward,2,185
10047,18-30,Male,Unknown,Asphalt roads,Dry,Daylight,Normal,Changing lane to the left,2,883
10048,Over 51,Male,Unknown,Asphalt roads,Dry,Darkness - lights lit,Normal,Moving Backward,1,2764
10049,Over 51,Male,Unknown,Asphalt roads,Dry,Darkness - lights lit,Normal,No distancing,1,2762
10050,Over 51,Male,Unknown,Asphalt roads,Dry,Darkness - lights lit,Normal,Moving Backward,1,309
10055,18-30,Male,2-5yrs,Asphalt roads,Dry,Darkness - lights lit,Normal,No priority to vehicle,2,257
10058,Over 51,Male,2-5yrs,Asphalt roads,Dry,Daylight,Normal,No distancing,2,170
10059,18-30,Male,5-10yrs,Asphalt roads,Dry,Daylight,Normal,No distancing,2,804