,age_of_driver,Sex_of_driver,car_age,Road_surface_type,Road_surface_conditions,Light_conditions,Weather_conditions,Cause_of_accident,Accident_severity,accident history
10063,18-30,Male,Unknown,Asphalt roads,Dry,Daylight,Normal,Driving under the influence of drugs,2,3528
10064,18-30,Male,Unknown,Asphalt roads,Dry,Daylight,Normal,Moving Backward,2,641
10065,31-50,Male,Unknown,Asphalt roads,Dry,Daylight,Normal,Changing lane to the left,2,642
10066,18-30,Male,Unknown,Asphalt roads,Dry,Daylight,Normal,No priority to pedestrian,2,159
10067,Under 18,Male,Unknown,Asphalt roads,Dry,Daylight,Normal,No distancing,2,64
10068,Over 51,Male,Unknown,Asphalt roads,Wet or damp,Daylight,Raining,No distancing,2,171
10069,18-30,Male,Unknown,Asphalt roads,Dry,Daylight,Normal,Changing lane to the left,2,603
10072,31-50,Male,Unknown,Asphalt roads,Dry,Daylight,Normal,No distancing,2,1158
10075,31-50,Male,Unknown,Asphalt roads,Dry,Daylight,Normal,No distancing,1,1028
10078,31-50,Male,Above 10yr,Asphalt roads,Dry,Daylight,Normal,No distancing,2,228
10079,Over 51,Male,2-5yrs,Asphalt roads,Dry,Daylight,Normal,Driving carelessly,2,227
10084,18-30,Male,Unknown,Asphalt roads,Wet or damp,Daylight,Normal,No priority to pedestrian,2,149
10085,Unknown,Female,Unknown,Asphalt roads,Wet or damp,Daylight,Normal,Changing lane to the left,2,689
10086,Unknown,Female,Unknown,Asphalt roads,Dry,Daylight,Normal,Changing lane to the left,2,3472
10094,31-50,Male,1-2yr,Asphalt roads,Dry,Daylight,Normal,Driving carelessly,2,2283
10102,18-30,Male,Below 1yr,Asphalt roads,Dry,Daylight,Normal,Moving Backward,2,2694
10103,18-30,Male,Unknown,Asphalt roads,Dry,Daylight,Normal,No distancing,2,2693
10106,31-50,Male,2-5yrs,Asphalt roads,Dry,Daylight,Normal,Getting off the vehicle improperly,2,280
10109,18-30,Male,1-2yr,Asphalt roads,Dry,Daylight,Normal,Changing lane to the left,0,1528
10110,31-50,Male,Above 10yr,Asphalt roads,Dry,Daylight,Normal,No priority to vehicle,2,742
10111,18-30,Male,Above 10yr,Asphalt roads,Dry,Daylight,Normal,Driving carelessly,2,747
10116,Under 18,Male,1-2yr,Asphalt roads,Dry,Darkness - lights lit,Normal,Driving under the influence of drugs,2,3063
10117,18-30,Male,Below 1yr,Asphalt roads,Wet or damp,Daylight,Raining,Changing lane to the left,1,3713
10119,31-50,Male,Unknown,Asphalt roads,Dry,Daylight,Normal,Overloading,1,135
10120,Under 18,Male,Unknown,Asphalt roads,Dry,Daylight,Normal,Driving carelessly,1,291
10121,31-50,Male,Unknown,Asphalt roads,Dry,Darkness - lights lit,Normal,Overtaking,2,2889
10122,18-30,Male,Unknown,Asphalt roads,Dry,Darkness - lights lit,Normal,No distancing,2,2886
10123,Under 18,Male,Unknown,Asphalt roads,Dry,Daylight,Normal,Overturning,1,2827
10124,Under 18,Male,Unknown,Asphalt roads,Dry,Daylight,Normal,Driving carelessly,1,130
10125,Under 18,Male,Unknown,Asphalt roads,Wet or damp,Daylight,Raining,No priority to pedestrian,1,3185
10126,Under 18,Male,Unknown,Asphalt roads,Wet or damp,Daylight,Raining,No distancing,1,3184
10127,18-30,Male,Unknown,Asphalt roads,Wet or damp,Daylight,Raining,No priority to vehicle,1,346
10128,31-50,Male,Unknown,Asphalt roads,Dry,Daylight,Normal,Getting off the vehicle improperly,0,3805
10129,31-50,Male,Unknown,Asphalt roads,Dry,Daylight,Normal,No priority to pedestrian,0,3804
10130,Unknown,Female,Unknown,Asphalt roads,Dry,Daylight,Normal,Changing lane to the right,2,2217
10135,Over 51,Male,2-5yrs,Asphalt roads,Dry,Daylight,Normal,Driving under the influence of drugs,1,676
10138,Over 51,Male,2-5yrs,Asphalt roads,Dry,Daylight,Normal,Changing lane to the right,2,2320
10139,Unknown,Female,5-10yrs,Asphalt roads,Dry,Daylight,Normal,No distancing,1,126
10143,18-30,Male,Unknown,Asphalt roads,Dry,Daylight,Normal,Moving Backward,2,2094
10144,18-30,Male,Unknown,Asphalt roads,Dry,Daylight,Normal,Moving Backward,2,3403
10145,18-30,Male,Unknown,Asphalt roads,Dry,Daylight,Normal,No priority to vehicle,2,3404
10146,Under 18,Male,Unknown,Asphalt roads,Dry,Daylight,Normal,No distancing,2,110
10147,Over 51,Male,Unknown,Asphalt roads,Dry,Daylight,Normal,Moving Backward,2,18
10148,Over 51,Male,Unknown,Asphalt roads,Dry,Darkness - no lighting,Normal,Changing lane to the right,1,326
10149,18-30,Male,Unknown,Asphalt roads,Dry,Darkness - lights lit,Normal,Moving Backward,1,61
10152,18-30,Male,Unknown,Asphalt roads,Dry,Daylight,Normal,Changing lane to the right,2,143
10153,18-30,Male,Unknown,Asphalt roads,Wet or damp,Daylight,Raining,No distancing,2,644
10154,Over 51,Male,2-5yrs,Asphalt roads,Wet or damp,Daylight,Raining,Moving Backward,2,645
10160,31-50,Male,1-2yr,Asphalt roads,Dry,Daylight,Normal,Driving under the influence of drugs,2,1825
10164,31-50,Male,Unknown,Asphalt roads,Dry,Daylight,Normal,Driving carelessly,2,1813
10165,18-30,Male,5-10yrs,Asphalt roads,Wet or damp,Daylight,Raining,No priority to pedestrian,2,260
10167,31-50,Male,Unknown,Asphalt roads,Wet or damp,Daylight,Raining,Changing lane to the right,2,259
10169,18-30,Male,Unknown,Asphalt roads,Dry,Darkness - lights lit,Normal,Changing lane to the left,1,3121
10170,31-50,Male,Unknown,Asphalt roads,Dry,Daylight,Normal,Changing lane to the left,2,171
10171,Under 18,Male,Above 10yr,Asphalt roads,Dry,Daylight,Normal,Driving to the left,2,339
10172,31-50,Male,5-10yrs,Asphalt roads,Dry,Daylight,Normal,Changing lane to the left,2,1704
10173,Under 18,Male,5-10yrs,Asphalt roads,Dry,Daylight,Normal,Driving under the influence of drugs,2,1705
10174,31-50,Male,Above 10yr,Asphalt roads,Dry,Daylight,Normal,No priority to pedestrian,2,370
10175,31-50,Male,1-2yr,Asphalt roads,Dry,Daylight,Normal,Changing lane to the left,2,1788
10176,31-50,Male,Above 10yr,Asphalt roads,Dry,Daylight,Normal,Moving Backward,2,2041
10177,31-50,Male,Above 10yr,Asphalt roads,Dry,Darkness - lights lit,Normal,No distancing,1,332
10178,31-50,Male,Above 10yr,Asphalt roads,Dry,Darkness - lights lit,Normal,Changing lane to the right,1,3064
10179,Under 18,Male,Above 10yr,Gravel roads,Dry,Daylight,Normal,No priority to vehicle,2,118
10180,Under 18,Male,5-10yrs,Asphalt roads,Dry,Daylight,Normal,Moving Backward,2,1081
10182,Unknown,Female,1-2yr,Asphalt roads,Dry,Daylight,Normal,Changing lane to the left,2,213
10183,18-30,Male,5-10yrs,Asphalt roads,Dry,Daylight,Normal,Changing lane to the right,2,1020
10184,18-30,Male,5-10yrs,Asphalt roads,Dry,Daylight,Normal,Overtaking,2,1019
10185,31-50,Male,1-2yr,Asphalt roads,Wet or damp,Daylight,Raining,Overloading,2,578
10186,18-30,Male,2-5yrs,Asphalt roads,Wet or damp,Daylight,Raining,Other,2,69
10187,18-30,Male,5-10yrs,Asphalt roads,Wet or damp,Daylight,Raining,No priority to vehicle,2,136
10188,18-30,Male,5-10yrs,Asphalt roads,Wet or damp,Daylight,Raining,Changing lane to the right,2,67
10189,18-30,Male,1-2yr,Asphalt roads with some distress,Wet or damp,Daylight,Raining,Moving Backward,2,572
10190,18-30,Male,1-2yr,Asphalt roads,Dry,Daylight,Normal,Changing lane to the left,2,2241
10191,18-30,Male,2-5yrs,Asphalt roads,Dry,Daylight,Normal,No priority to pedestrian,2,2254
10192,18-30,Male,Unknown,Asphalt roads,Dry,Daylight,Normal,No distancing,2,269
10193,18-30,Male,Unknown,Asphalt roads,Dry,Daylight,Normal,No priority to vehicle,2,273
10194,Over 51,Male,Unknown,Asphalt roads,Dry,Daylight,Normal,No distancing,2,708
10196,18-30,Male,Unknown,Asphalt roads,Dry,Daylight,Normal,Moving Backward,2,3412
10197,18-30,Male,Unknown,Asphalt roads,Wet or damp,Daylight,Raining,Changing lane to the right,2,1488
10198,31-50,Male,Unknown,Asphalt roads,Wet or damp,Daylight,Raining,No priority to pedestrian,2,1482
10202,31-50,Male,2-5yrs,Asphalt roads,Dry,Daylight,Normal,Overloading,1,2103
10209,18-30,Male,5-10yrs,Asphalt roads,Wet or damp,Daylight,Normal,Overspeed,2,1070
10211,31-50,Male,Unknown,Asphalt roads,Wet or damp,Daylight,Normal,No priority to vehicle,2,1080
10212,Under 18,Male,Unknown,Asphalt roads,Wet or damp,Daylight,Normal,Changing lane to the right,1,3542
10221,18-30,Male,Unknown,Asphalt roads,Dry,Darkness - lights lit,Normal,Changing lane to the left,0,2814
10223,31-50,Male,Unknown,Asphalt roads,Dry,Daylight,Normal,No distancing,2,1518
10226,31-50,Male,1-2yr,Asphalt roads,Wet or damp,Daylight,Normal,Driving at high speed,2,1196
10227,Over 51,Male,Above 10yr,Asphalt roads,Dry,Daylight,Normal,No distancing,0,1034
10228,31-50,Male,Unknown,Asphalt roads,Dry,Daylight,Normal,Changing lane to the right,2,2443
10231,18-30,Male,Unknown,Asphalt roads,Dry,Daylight,Normal,Other,2,409
10232,18-30,Male,2-5yrs,Asphalt roads,Dry,Daylight,Normal,Other,2,1964
10233,31-50,Male,Unknown,Asphalt roads,Dry,Daylight,Normal,No distancing,1,3718
10235,Over 51,Male,Unknown,Asphalt roads,Dry,Daylight,Normal,Overtaking,2,187
10236,Over 51,Male,5-10yrs,Asphalt roads,Dry,Daylight,Normal,No priority to pedestrian,2,177
10237,18-30,Male,Unknown,Asphalt roads,Dry,Darkness - lights lit,Normal,No distancing,0,2815
10241,31-50,Male,Above 10yr,Asphalt roads,Dry,Daylight,Normal,Overtaking,1,277
10242,18-30,Male,1-2yr,Asphalt roads,Dry,Daylight,Normal,Other,2,2446
10243,18-30,Male,Above 10yr,Asphalt roads,Dry,Daylight,Normal,Driving to the left,2,513
10244,18-30,Male,Below 1yr,Asphalt roads,Dry,Daylight,Normal,Driving at high speed,2,2448
10245,31-50,Male,Above 10yr,Asphalt roads,Dry,Daylight,Normal,Unknown,2,3794
10247,Over 51,Male,1-2yr,Asphalt roads,Dry,Daylight,Normal,No distancing,2,37
10248,Over 51,Male,1-2yr,Asphalt roads,Dry,Daylight,Normal,Other,2,288
10251,18-30,Male,Above 10yr,Asphalt roads,Wet or damp,Daylight,Normal,No priority to pedestrian,2,350
10259,Under 18,Male,Above 10yr,Gravel roads,Dry,Daylight,Normal,No priority to vehicle,2,1376
10261,Under 18,Male,Above 10yr,Asphalt roads,Dry,Daylight,Normal,Moving Backward,1,262
10262,18-30,Male,5-10yrs,Asphalt roads,Dry,Darkness - lights lit,Normal,Changing lane to the left,2,2746
10263,18-30,Male,Above 10yr,Asphalt roads,Dry,Darkness - lights lit,Normal,No priority to pedestrian,2,2747
10264,31-50,Male,Above 10yr,Asphalt roads,Dry,Daylight,Normal,No distancing,2,3319
10269,18-30,Male,Above 10yr,Asphalt roads,Dry,Daylight,Normal,Changing lane to the right,2,98
10270,18-30,Male,Above 10yr,Asphalt roads,Dry,Daylight,Normal,No priority to pedestrian,2,52
10271,Over 51,Male,Above 10yr,Asphalt roads,Dry,Daylight,Normal,Moving Backward,2,447
10272,31-50,Male,5-10yrs,Asphalt roads,Dry,Daylight,Normal,Getting off the vehicle improperly,1,2228
10274,Under 18,Male,5-10yrs,Asphalt roads,Dry,Daylight,Normal,Overloading,2,372
10278,31-50,Male,2-5yrs,Asphalt roads,Dry,Daylight,Normal,Changing lane to the left,1,753
10280,18-30,Male,1-2yr,Earth roads,Dry,Darkness - lights lit,Normal,No priority to pedestrian,2,3030
10282,18-30,Male,5-10yrs,Asphalt roads,Dry,Darkness - lights lit,Normal,Changing lane to the left,2,2970
10283,18-30,Male,Above 10yr,Asphalt roads,Dry,Darkness - lights lit,Normal,No priority to vehicle,2,2968
10284,18-30,Male,2-5yrs,Asphalt roads,Dry,Darkness - lights lit,Normal,Changing lane to the right,2,320
10286,Over 51,Male,Above 10yr,Asphalt roads,Dry,Darkness - lights lit,Normal,No priority to pedestrian,2,2967
10287,31-50,Male,5-10yrs,Asphalt roads,Dry,Daylight,Normal,No distancing,2,1931
10290,31-50,Male,5-10yrs,Asphalt roads with some distress,Dry,Daylight,Normal,Driving carelessly,2,1000
10293,18-30,Male,Above 10yr,Asphalt roads,Wet or damp,Darkness - lights lit,Normal,Changing lane to the left,1,3209
10294,31-50,Male,1-2yr,Asphalt roads,Wet or damp,Darkness - lights lit,Raining,No priority to vehicle,2,2923
10295,31-50,Male,2-5yrs,Asphalt roads,Wet or damp,Darkness - lights lit,Raining,No distancing,2,2924
10296,Over 51,Male,Unknown,Asphalt roads,Dry,Darkness - lights lit,Normal,Changing lane to the right,2,2348
10298,18-30,Male,2-5yrs,Asphalt roads,Wet or damp,Darkness - lights lit,Normal,Driving at high speed,2,2155
10299,31-50,Male,Above 10yr,Asphalt roads,Dry,Daylight,Normal,No distancing,2,1715
10300,31-50,Male,1-2yr,Asphalt roads,Dry,Daylight,Normal,Changing lane to the right,2,1718
10304,18-30,Male,Above 10yr,Asphalt roads,Dry,Darkness - lights lit,Normal,Other,2,1948
10305,Under 18,Male,5-10yrs,Asphalt roads,Dry,Darkness - lights lit,Normal,No distancing,2,1965
10307,18-30,Male,5-10yrs,Asphalt roads,Dry,Daylight,Normal,Overtaking,2,139
10311,18-30,Female,Above 10yr,Asphalt roads,Wet or damp,Darkness - lights lit,Raining,Driving carelessly,2,3075
10312,31-50,Male,2-5yrs,Asphalt roads,Dry,Darkness - lights lit,Normal,Changing lane to the right,2,305
10313,18-30,Male,2-5yrs,Asphalt roads,Dry,Darkness - lights lit,Normal,Overtaking,2,2753
10317,Over 51,Male,Below 1yr,Asphalt roads,Wet or damp,Darkness - lights lit,Normal,Unknown,2,1582
10318,Over 51,Male,5-10yrs,Asphalt roads,Wet or damp,Darkness - lights lit,Normal,Changing lane to the right,2,2177
10320,31-50,Male,1-2yr,Asphalt roads,Wet or damp,Darkness - lights lit,Normal,Other,2,2186
10321,31-50,Male,2-5yrs,Asphalt roads,Wet or damp,Darkness - lights lit,Normal,No priority to vehicle,2,237
10323,Unknown,Female,2-5yrs,Asphalt roads,Wet or damp,Darkness - lights lit,Raining,No priority to pedestrian,2,1307
10327,18-30,Male,5-10yrs,Asphalt roads,Wet or damp,Daylight,Normal,No priority to pedestrian,1,3400
10329,31-50,Male,Unknown,Asphalt roads,Dry,Daylight,Normal,Driving carelessly,1,1669
10333,Unknown,Female,Unknown,Asphalt roads,Dry,Daylight,Normal,Overturning,2,3828
10337,Under 18,Male,5-10yrs,Asphalt roads,Wet or damp,Daylight,Raining,Changing lane to the left,1,632
10338,18-30,Male,2-5yrs,Asphalt roads,Wet or damp,Darkness - lights lit,Normal,No priority to vehicle,2,1707
10344,18-30,Male,Above 10yr,Asphalt roads,Dry,Darkness - lights lit,Normal,No distancing,2,1753
10347,18-30,Male,1-2yr,Asphalt roads,Wet or damp,Daylight,Raining,Driving carelessly,2,711
10351,18-30,Male,2-5yrs,Asphalt roads,Wet or damp,Darkness - lights lit,Windy,Driving carelessly,2,468
10352,31-50,Male,5-10yrs,Asphalt roads,Wet or damp,Darkness - lights lit,Raining,No distancing,2,1513
10353,18-30,Male,Above 10yr,Asphalt roads,Wet or damp,Darkness - lights lit,Raining,Other,1,2276
10354,18-30,Male,2-5yrs,Asphalt roads,Wet or damp,Darkness - lights lit,Raining,Changing lane to the right,1,2270
10358,31-50,Male,1-2yr,Asphalt roads,Wet or damp,Darkness - lights lit,Normal,Overturning,2,2728
10364,31-50,Male,5-10yrs,Asphalt roads,Dry,Darkness - lights lit,Normal,Other,2,2964
10366,Over 51,Male,Unknown,Asphalt roads,Wet or damp,Daylight,Normal,No distancing,2,1120
10367,31-50,Male,1-2yr,Asphalt roads,Dry,Darkness - lights lit,Normal,Moving Backward,2,357
10368,18-30,Male,Unknown,Asphalt roads,Dry,Darkness - lights lit,Normal,No priority to vehicle,2,1711
10375,18-30,Male,2-5yrs,Asphalt roads,Dry,Darkness - lights lit,Normal,No distancing,2,1915
10377,31-50,Male,Unknown,Asphalt roads,Dry,Darkness - lights lit,Normal,Changing lane to the right,2,1634
10378,18-30,Male,Above 10yr,Asphalt roads,Wet or damp,Daylight,Raining,No priority to pedestrian,2,97
10380,31-50,Male,Unknown,Asphalt roads,Wet or damp,Daylight,Raining,Changing lane to the left,2,174
10381,31-50,Male,2-5yrs,Asphalt roads,Wet or damp,Daylight,Raining,Turnover,2,178
10383,18-30,Male,5-10yrs,Earth roads,Wet or damp,Darkness - lights lit,Raining,Driving carelessly,2,81
10395,Over 51,Male,Unknown,Asphalt roads,Dry,Daylight,Normal,Changing lane to the right,2,92
10397,Over 51,Male,Unknown,Asphalt roads,Dry,Daylight,Normal,Driving carelessly,2,569
10403,31-50,Male,Unknown,Asphalt roads,Dry,Daylight,Normal,Changing lane to the right,2,109
10404,31-50,Male,Unknown,Asphalt roads,Dry,Daylight,Normal,Overtaking,2,497
10405,18-30,Male,Unknown,Asphalt roads,Dry,Daylight,Normal,Other,1,3525
10407,Over 51,Male,Unknown,Asphalt roads,Dry,Daylight,Normal,Overtaking,1,162
10415,31-50,Male,Unknown,Asphalt roads,Wet or damp,Daylight,Normal,Changing lane to the right,2,257
10418,31-50,Male,2-5yrs,Asphalt roads,Dry,Darkness - no lighting,Cloudy,Moving Backward,2,626
10433,18-30,Male,Above 10yr,Asphalt roads,Wet or damp,Darkness - lights lit,Other,Changing lane to the left,2,2319
10436,31-50,Male,Unknown,Asphalt roads,Wet or damp,Darkness - lights lit,Other,No distancing,2,2327
10437,31-50,Male,5-10yrs,Asphalt roads,Dry,Daylight,Normal,No priority to pedestrian,1,658
10438,18-30,Male,Unknown,Asphalt roads,Dry,Daylight,Normal,Moving Backward,1,659
10439,Over 51,Male,Unknown,Asphalt roads,Wet or damp,Daylight,Raining,No priority to pedestrian,2,3514
10440,Under 18,Male,Unknown,Asphalt roads,Wet or damp,Daylight,Normal,No distancing,1,829
10441,31-50,Male,Unknown,Asphalt roads,Wet or damp,Darkness - lights unlit,Normal,No priority to pedestrian,2,1405
10442,31-50,Male,5-10yrs,Asphalt roads,Wet or damp,Darkness - lights unlit,Normal,Driving carelessly,2,1401
10443,18-30,Male,Unknown,Asphalt roads,Wet or damp,Daylight,Other,Getting off the vehicle improperly,2,3682
10454,Unknown,Female,5-10yrs,Asphalt roads,Dry,Darkness - lights lit,Normal,Changing lane to the left,2,3097
10461,31-50,Male,Unknown,Asphalt roads,Dry,Daylight,Normal,Changing lane to the left,2,118
10464,18-30,Male,5-10yrs,Asphalt roads,Wet or damp,Darkness - lights lit,Raining,Overtaking,2,2063
10465,Over 51,Male,5-10yrs,Asphalt roads,Dry,Daylight,Normal,Other,2,165
10471,18-30,Male,5-10yrs,Asphalt roads,Dry,Daylight,Normal,Changing lane to the left,2,392
10474,Under 18,Male,2-5yrs,Asphalt roads,Wet or damp,Daylight,Normal,Moving Backward,1,159
10476,18-30,Male,2-5yrs,Asphalt roads,Dry,Darkness - lights lit,Normal,Changing lane to the left,2,2182
10478,31-50,Male,Unknown,Asphalt roads,Dry,Darkness - lights lit,Normal,No priority to pedestrian,2,2183
10487,31-50,Male,Below 1yr,Asphalt roads,Wet or damp,Darkness - lights lit,Normal,No distancing,1,110
10488,31-50,Male,2-5yrs,Asphalt roads,Dry,Darkness - lights lit,Normal,No priority to pedestrian,2,98
10490,Unknown,Female,5-10yrs,Asphalt roads,Wet or damp,Daylight,Normal,No priority to vehicle,2,410
10491,18-30,Male,Unknown,Asphalt roads,Wet or damp,Daylight,Normal,Driving carelessly,2,407
10493,18-30,Male,1-2yr,Asphalt roads,Wet or damp,Daylight,Normal,Changing lane to the left,1,377
10494,31-50,Male,Above 10yr,Asphalt roads,Dry,Daylight,Normal,Moving Backward,1,365
10495,31-50,Male,2-5yrs,Asphalt roads,Dry,Daylight,Normal,Driving carelessly,1,3316
10496,Unknown,Female,1-2yr,Asphalt roads,Dry,Darkness - lights lit,Normal,Driving to the left,1,3045
10497,18-30,Male,1-2yr,Gravel roads,Dry,Darkness - lights lit,Normal,Driving to the left,1,3046
10498,Over 51,Male,1-2yr,Asphalt roads,Dry,Daylight,Normal,No priority to pedestrian,1,236
10499,31-50,Male,2-5yrs,Asphalt roads,Dry,Daylight,Normal,Changing lane to the left,1,1122
10500,Unknown,Female,1-2yr,Asphalt roads,Wet or damp,Darkness - lights lit,Other,Changing lane to the right,1,338
10501,31-50,Male,1-2yr,Asphalt roads,Wet or damp,Darkness - lights lit,Other,Driving carelessly,1,1636
10502,18-30,Male,Unknown,Asphalt roads,Dry,Daylight,Normal,No distancing,2,1424
10504,18-30,Male,1-2yr,Asphalt roads,Dry,Daylight,Normal,Driving under the influence of drugs,1,752
10505,Over 51,Male,1-2yr,Asphalt roads,Dry,Daylight,Normal,Changing lane to the right,1,542
10506,18-30,Male,Below 1yr,Asphalt roads,Dry,Daylight,Normal,Driving carelessly,1,122
10509,31-50,Male,Above 10yr,Asphalt roads,Dry,Daylight,Normal,Changing lane to the right,2,1203
10512,Under 18,Male,2-5yrs,Asphalt roads,Dry,Darkness - lights lit,Normal,Moving Backward,0,3131
10513,18-30,Male,2-5yrs,Asphalt roads,Dry,Darkness - lights lit,Normal,Changing lane to the left,2,3148
10514,18-30,Male,2-5yrs,Asphalt roads,Dry,Daylight,Normal,Overturning,2,3145
10516,18-30,Male,2-5yrs,Asphalt roads,Wet or damp,Daylight,Raining,Driving carelessly,2,3139
10519,18-30,Male,Above 10yr,Asphalt roads,Dry,Daylight,Normal,No priority to pedestrian,2,37
10520,31-50,Male,2-5yrs,Asphalt roads,Dry,Daylight,Normal,No distancing,2,36
10521,31-50,Male,Above 10yr,Asphalt roads,Dry,Daylight,Normal,No distancing,1,35
10522,18-30,Male,Above 10yr,Asphalt roads,Dry,Daylight,Normal,Changing lane to the left,1,16
10524,Unknown,Male,Above 10yr,Asphalt roads,Dry,Daylight,Normal,Changing lane to the left,1,1149
10530,31-50,Male,Unknown,Asphalt roads,Dry,Daylight,Normal,Moving Backward,2,536
10553,18-30,Male,5-10yrs,Asphalt roads,Dry,Daylight,Normal,No distancing,2,331
10554,18-30,Male,Unknown,Asphalt roads,Dry,Daylight,Normal,Changing lane to the left,2,330
10563,Unknown,Male,2-5yrs,Asphalt roads,Wet or damp,Daylight,Raining,No priority to pedestrian,1,2907
10565,18-30,Male,5-10yrs,Asphalt roads,Dry,Daylight,Normal,Driving carelessly,2,359
10576,18-30,Female,Unknown,Asphalt roads,Dry,Daylight,Normal,Changing lane to the left,2,3135
10592,18-30,Male,Unknown,Earth roads,Wet or damp,Daylight,Normal,Changing lane to the right,2,3836
10614,31-50,Male,1-2yr,Asphalt roads,Dry,Darkness - lights lit,Normal,No priority to vehicle,2,2377
10615,31-50,Male,5-10yrs,Asphalt roads,Dry,Darkness - lights lit,Normal,No distancing,2,100
10621,18-30,Male,1-2yr,Asphalt roads,Dry,Daylight,Normal,Driving carelessly,2,2496
10622,18-30,Male,1-2yr,Asphalt roads,Dry,Daylight,Normal,Moving Backward,2,1591
10623,31-50,Male,1-2yr,Asphalt roads,Dry,Daylight,Normal,Moving Backward,2,605
10624,31-50,Male,Unknown,Asphalt roads,Dry,Daylight,Normal,Changing lane to the right,2,2462
10629,18-30,Male,Above 10yr,Asphalt roads,Dry,Daylight,Normal,Driving carelessly,2,2244
10633,31-50,Male,1-2yr,Asphalt roads,Dry,Daylight,Normal,No distancing,2,1799
10636,Over 51,Male,Below 1yr,Asphalt roads,Dry,Daylight,Normal,Driving carelessly,2,1780
10639,31-50,Male,Unknown,Asphalt roads,Dry,Daylight,Normal,Overturning,2,146
10640,18-30,Male,Above 10yr,Asphalt roads,Dry,Daylight,Normal,Driving under the influence of drugs,2,1388
10646,18-30,Male,1-2yr,Asphalt roads,Dry,Daylight,Normal,Moving Backward,2,1771
10648,31-50,Male,2-5yrs,Earth roads,Dry,Daylight,Normal,Getting off the vehicle improperly,2,1777
10653,31-50,Male,Above 10yr,Asphalt roads,Dry,Daylight,Normal,Changing lane to the right,2,1257
10655,Over 51,Male,Above 10yr,Asphalt roads,Dry,Daylight,Normal,Changing lane to the left,2,1558
10658,31-50,Male,5-10yrs,Asphalt roads,Dry,Daylight,Normal,Driving carelessly,1,1927
10660,Over 51,Male,Unknown,Asphalt roads,Dry,Daylight,Normal,No priority to vehicle,2,74
10661,31-50,Male,Unknown,Asphalt roads,Dry,Daylight,Normal,No priority to vehicle,2,386
10662,31-50,Male,Unknown,Earth roads,Dry,Darkness - lights lit,Normal,No priority to vehicle,0,376
10663,Over 51,Male,5-10yrs,Asphalt roads,Dry,Daylight,Normal,Changing lane to the left,2,412
10665,18-30,Male,5-10yrs,Asphalt roads,Dry,Daylight,Normal,Driving carelessly,2,90
10666,18-30,Male,2-5yrs,Asphalt roads,Dry,Daylight,Normal,Driving under the influence of drugs,2,411
10675,Over 51,Male,Unknown,Asphalt roads,Wet or damp,Daylight,Raining,Changing lane to the left,2,2681
10677,Over 51,Male,Above 10yr,Asphalt roads,Wet or damp,Darkness - lights lit,Other,No priority to vehicle,2,182
10678,18-30,Male,Above 10yr,Asphalt roads,Dry,Daylight,Normal,No distancing,2,183
10679,Unknown,Male,Above 10yr,Other,Dry,Daylight,Normal,Driving to the left,2,872
10683,18-30,Male,2-5yrs,Asphalt roads,Dry,Daylight,Normal,Driving carelessly,2,3375
10684,18-30,Male,Below 1yr,Earth roads,Dry,Daylight,Normal,Changing lane to the left,2,3376
10690,Over 51,Male,Above 10yr,Asphalt roads,Dry,Daylight,Normal,Driving carelessly,2,1944
10691,31-50,Male,Above 10yr,Asphalt roads,Dry,Daylight,Normal,Driving to the left,2,404
10693,31-50,Male,2-5yrs,Asphalt roads,Dry,Daylight,Normal,No distancing,2,467
10696,31-50,Male,2-5yrs,Asphalt roads,Wet or damp,Daylight,Raining,No priority to vehicle,2,1414
10708,31-50,Male,2-5yrs,Asphalt roads,Wet or damp,Darkness - lights lit,Normal,No priority to vehicle,2,2051
10709,18-30,Male,2-5yrs,Asphalt roads,Wet or damp,Darkness - lights lit,Normal,Changing lane to the right,2,2840
10710,18-30,Male,Above 10yr,Asphalt roads,Dry,Daylight,Normal,No distancing,1,2837
10711,18-30,Male,Unknown,Asphalt roads,Dry,Daylight,Normal,No distancing,2,2842
10712,31-50,Male,Above 10yr,Asphalt roads,Dry,Daylight,Normal,Getting off the vehicle improperly,2,170
10713,31-50,Male,Below 1yr,Asphalt roads,Dry,Daylight,Normal,No priority to pedestrian,1,1607
10714,31-50,Male,Unknown,Other,Dry,Darkness - lights lit,Normal,Changing lane to the left,2,330
10715,Unknown,Male,Unknown,Asphalt roads,Dry,Darkness - lights lit,Normal,No distancing,2,1606
10716,Unknown,Male,Unknown,Asphalt roads,Dry,Daylight,Normal,Driving carelessly,1,1605
10719,18-30,Female,1-2yr,Asphalt roads,Dry,Daylight,Normal,Overtaking,2,2638
10720,31-50,Male,Above 10yr,Asphalt roads,Wet or damp,Daylight,Normal,Driving carelessly,2,1198
10721,31-50,Male,Unknown,Asphalt roads,Wet or damp,Daylight,Normal,Moving Backward,2,2659
10725,31-50,Male,5-10yrs,Asphalt roads,Dry,Daylight,Normal,Driving carelessly,1,674
10726,31-50,Male,2-5yrs,Asphalt roads,Dry,Daylight,Normal,Moving Backward,1,306