,age_of_driver,Sex_of_driver,car_age,Road_surface_type,Road_surface_conditions,Light_conditions,Weather_conditions,Cause_of_accident,Accident_severity,accident history
10727,31-50,Male,Unknown,Asphalt roads,Dry,Daylight,Normal,Driving carelessly,1,1501
10734,31-50,Male,Unknown,Asphalt roads,Dry,Daylight,Normal,Changing lane to the right,2,243
10737,18-30,Male,Unknown,Asphalt roads,Dry,Daylight,Normal,No distancing,2,457
10742,18-30,Female,5-10yrs,Asphalt roads,Wet or damp,Daylight,Raining,Driving to the left,1,3670
10743,31-50,Female,2-5yrs,Asphalt roads,Wet or damp,Daylight,Raining,Moving Backward,1,327
10744,18-30,Male,Unknown,Asphalt roads,Wet or damp,Daylight,Raining,Moving Backward,1,496
10745,18-30,Female,Unknown,Asphalt roads,Dry,Daylight,Normal,Overtaking,1,2360
10746,18-30,Female,5-10yrs,Asphalt roads,Dry,Daylight,Normal,Driving carelessly,2,3477
10747,31-50,Male,Unknown,Asphalt roads,Dry,Daylight,Normal,Changing lane to the left,2,3466
10748,18-30,Male,Unknown,Asphalt roads,Wet or damp,Daylight,Normal,Driving under the influence of drugs,2,1975
10749,31-50,Male,Unknown,Asphalt roads,Wet or damp,Daylight,Normal,No distancing,2,1972
10750,18-30,Male,Unknown,Gravel roads,Dry,Darkness - lights unlit,Normal,Moving Backward,2,124
10751,31-50,Male,Unknown,Asphalt roads,Dry,Darkness - lights unlit,Normal,Changing lane to the left,2,896
10752,18-30,Male,Unknown,Asphalt roads,Wet or damp,Darkness - lights lit,Normal,Changing lane to the right,2,187
10753,Over 51,Male,2-5yrs,Asphalt roads,Wet or damp,Darkness - lights lit,Normal,No distancing,2,110
10756,31-50,Male,Above 10yr,Asphalt roads,Dry,Daylight,Normal,No priority to vehicle,1,839
10757,31-50,Male,2-5yrs,Asphalt roads,Dry,Daylight,Normal,No distancing,1,844
10758,18-30,Male,2-5yrs,Asphalt roads,Wet or damp,Darkness - lights lit,Normal,Turnover,1,837
10759,31-50,Male,2-5yrs,Asphalt roads,Dry,Daylight,Normal,No distancing,2,1228
10760,Over 51,Male,2-5yrs,Asphalt roads,Dry,Daylight,Normal,Changing lane to the right,2,1227
10761,18-30,Male,2-5yrs,Asphalt roads,Dry,Daylight,Normal,No distancing,2,115
10762,18-30,Male,1-2yr,Asphalt roads,Dry,Darkness - lights lit,Normal,Changing lane to the left,1,94
10763,31-50,Male,Unknown,Asphalt roads,Dry,Darkness - lights lit,Normal,Driving carelessly,1,2265
10764,31-50,Male,Unknown,Asphalt roads,Dry,Darkness - lights lit,Normal,Changing lane to the right,1,260
10765,31-50,Female,Unknown,Asphalt roads,Dry,Darkness - lights lit,Normal,No priority to vehicle,1,1802
10767,31-50,Male,Unknown,Asphalt roads,Dry,Darkness - lights lit,Normal,No priority to pedestrian,2,68
10769,18-30,Male,2-5yrs,Asphalt roads,Dry,Daylight,Normal,No priority to vehicle,2,3273
10772,18-30,Male,5-10yrs,Asphalt roads,Dry,Darkness - lights lit,Normal,No distancing,2,1714
10774,18-30,Male,Unknown,Asphalt roads,Dry,Darkness - lights lit,Normal,No distancing,2,759
10775,31-50,Male,2-5yrs,Asphalt roads,Wet or damp,Darkness - lights lit,Raining,No distancing,2,1435
10776,Unknown,Male,2-5yrs,Asphalt roads,Wet or damp,Darkness - lights lit,Raining,Changing lane to the right,2,2020
10777,Over 51,Male,2-5yrs,Asphalt roads,Dry,Daylight,Normal,Changing lane to the left,2,852
10778,18-30,Male,Unknown,Asphalt roads,Dry,Daylight,Normal,No distancing,2,853
10779,18-30,Male,5-10yrs,Earth roads,Dry,Daylight,Normal,Overturning,2,854
10780,18-30,Female,2-5yrs,Asphalt roads,Dry,Daylight,Normal,No priority to vehicle,2,856
10784,31-50,Male,Unknown,Earth roads,Wet or damp,Darkness - lights lit,Normal,Changing lane to the right,2,405
10785,31-50,Male,2-5yrs,Asphalt roads,Wet or damp,Darkness - lights lit,Normal,Overspeed,2,592
10786,18-30,Male,Unknown,Asphalt roads,Dry,Daylight,Normal,Driving under the influence of drugs,2,591
10787,18-30,Unknown,1-2yr,Earth roads,Dry,Daylight,Normal,Driving carelessly,2,589
10789,31-50,Male,Unknown,Asphalt roads,Dry,Daylight,Normal,No priority to vehicle,2,2735
10792,31-50,Male,Unknown,Asphalt roads,Dry,Daylight,Normal,Changing lane to the right,2,3656
10793,18-30,Male,Above 10yr,Asphalt roads,Dry,Daylight,Normal,Changing lane to the right,2,3658
10795,31-50,Male,Above 10yr,Asphalt roads,Dry,Daylight,Normal,Changing lane to the right,2,131
10796,31-50,Male,Unknown,Asphalt roads,Dry,Daylight,Normal,Moving Backward,2,1234
10797,18-30,Male,Unknown,Asphalt roads,Wet or damp,Daylight,Raining,No distancing,2,2128
10798,Over 51,Male,2-5yrs,Asphalt roads,Wet or damp,Daylight,Raining,Overspeed,2,2134
10799,Over 51,Male,Above 10yr,Asphalt roads,Wet or damp,Daylight,Raining,No distancing,2,3862
10802,31-50,Male,Unknown,Asphalt roads,Dry,Daylight,Normal,No distancing,2,3725
10803,31-50,Male,Unknown,Asphalt roads,Wet or damp,Darkness - lights lit,Normal,No distancing,2,3726
10804,Unknown,Female,Below 1yr,Asphalt roads,Wet or damp,Darkness - lights lit,Normal,Changing lane to the right,2,404
10806,18-30,Female,Unknown,Asphalt roads,Wet or damp,Daylight,Raining,No priority to vehicle,2,322
10807,18-30,Male,Unknown,Asphalt roads,Wet or damp,Daylight,Raining,Changing lane to the left,2,313
10808,Under 18,Male,2-5yrs,Asphalt roads,Wet or damp,Darkness - lights lit,Cloudy,Moving Backward,2,315
10809,Under 18,Male,Unknown,Asphalt roads,Wet or damp,Darkness - lights lit,Cloudy,Driving carelessly,2,66
10810,Under 18,Male,Unknown,Asphalt roads,Wet or damp,Darkness - lights lit,Raining,Changing lane to the left,2,345
10811,31-50,Male,Unknown,Asphalt roads,Wet or damp,Darkness - lights lit,Raining,No priority to pedestrian,2,350
10812,18-30,Male,5-10yrs,Asphalt roads,Wet or damp,Daylight,Raining,No distancing,2,353
10813,31-50,Male,Above 10yr,Asphalt roads,Wet or damp,Daylight,Raining,No distancing,2,898
10814,18-30,Male,5-10yrs,Asphalt roads,Wet or damp,Daylight,Raining,Overturning,2,878
10815,Over 51,Male,2-5yrs,Asphalt roads,Wet or damp,Daylight,Raining,No distancing,1,2769
10816,Over 51,Male,2-5yrs,Asphalt roads,Dry,Daylight,Normal,Drunk driving,2,2774
10817,Over 51,Male,Unknown,Asphalt roads,Dry,Daylight,Normal,Moving Backward,2,581
10818,Over 51,Male,Unknown,Asphalt roads,Dry,Daylight,Normal,No priority to pedestrian,2,2771
10819,Over 51,Male,Unknown,Asphalt roads,Dry,Daylight,Normal,Changing lane to the left,2,2770
10820,18-30,Male,Above 10yr,Gravel roads,Dry,Daylight,Normal,Changing lane to the left,2,2773
10821,18-30,Male,Unknown,Asphalt roads,Wet or damp,Darkness - lights lit,Windy,Getting off the vehicle improperly,2,2364
10822,18-30,Male,Above 10yr,Asphalt roads,Dry,Darkness - lights lit,Normal,No distancing,1,100
10827,31-50,Male,2-5yrs,Asphalt roads,Wet or damp,Darkness - lights lit,Normal,Changing lane to the left,2,3598
10829,Under 18,Male,Unknown,Asphalt roads,Wet or damp,Darkness - lights lit,Raining,No distancing,2,734
10832,31-50,Male,Unknown,Asphalt roads,Wet or damp,Darkness - lights lit,Unknown,No distancing,2,640
10833,18-30,Male,Unknown,Asphalt roads,Wet or damp,Darkness - lights lit,Unknown,Changing lane to the right,2,314
10834,Under 18,Male,Unknown,Asphalt roads,Wet or damp,Darkness - lights unlit,Raining,Driving carelessly,2,313
10835,Over 51,Male,Unknown,Gravel roads,Wet or damp,Darkness - lights unlit,Raining,Driving carelessly,2,172
10836,18-30,Male,Unknown,Asphalt roads,Dry,Daylight,Normal,Changing lane to the right,2,606
10837,18-30,Male,Unknown,Asphalt roads,Dry,Daylight,Normal,Overturning,2,607
10838,18-30,Male,Unknown,Asphalt roads,Dry,Daylight,Normal,Changing lane to the right,2,137
10839,31-50,Male,Above 10yr,Asphalt roads,Dry,Daylight,Normal,Moving Backward,2,1155
10840,Over 51,Male,Unknown,Earth roads,Dry,Daylight,Normal,No distancing,2,1156
10841,Over 51,Male,Above 10yr,Asphalt roads,Dry,Darkness - lights lit,Normal,Overturning,2,1146
10842,31-50,Male,1-2yr,Asphalt roads,Dry,Darkness - lights lit,Normal,Driving carelessly,2,42
10844,Under 18,Male,2-5yrs,Gravel roads,Wet or damp,Daylight,Normal,Driving at high speed,2,1784
10845,31-50,Male,Unknown,Asphalt roads,Wet or damp,Darkness - lights lit,Normal,Changing lane to the left,2,29
10847,31-50,Male,Unknown,Asphalt roads,Wet or damp,Darkness - lights lit,Normal,No distancing,2,1079
10848,Over 51,Male,Unknown,Earth roads,Dry,Darkness - lights unlit,Normal,Moving Backward,2,1074
10849,Unknown,Male,2-5yrs,Asphalt roads,Dry,Darkness - lights unlit,Normal,No priority to pedestrian,2,1075
10855,18-30,Male,1-2yr,Asphalt roads,Dry,Darkness - lights lit,Normal,Driving carelessly,1,114
10859,18-30,Male,Unknown,Asphalt roads,Wet or damp,Darkness - lights lit,Raining,Driving carelessly,2,115
10860,31-50,Male,5-10yrs,Asphalt roads,Wet or damp,Darkness - lights lit,Raining,Changing lane to the left,2,2604
10862,31-50,Male,Unknown,Asphalt roads,Wet or damp,Darkness - lights lit,Cloudy,Driving carelessly,2,2738
10864,31-50,Male,Unknown,Asphalt roads,Wet or damp,Daylight,Raining,Driving carelessly,2,2739
10865,31-50,Male,Unknown,Asphalt roads,Wet or damp,Daylight,Raining,Driving under the influence of drugs,2,303
10866,31-50,Male,Above 10yr,Earth roads,Dry,Daylight,Normal,No distancing,2,3
10867,31-50,Male,5-10yrs,Asphalt roads,Dry,Daylight,Normal,Changing lane to the left,2,90
10868,31-50,Male,5-10yrs,Asphalt roads,Dry,Darkness - lights lit,Windy,No priority to vehicle,2,4
10869,18-30,Male,Above 10yr,Asphalt roads,Wet or damp,Darkness - lights lit,Raining,Moving Backward,2,2697
10870,18-30,Male,1-2yr,Asphalt roads,Wet or damp,Darkness - lights lit,Raining,Moving Backward,2,2696
10871,18-30,Male,Above 10yr,Other,Dry,Darkness - lights lit,Normal,No distancing,0,2695
10872,Over 51,Male,Above 10yr,Gravel roads,Wet or damp,Daylight,Raining,Changing lane to the right,2,2
10873,31-50,Male,Above 10yr,Gravel roads,Wet or damp,Daylight,Raining,Changing lane to the right,2,276
10874,31-50,Male,Above 10yr,Asphalt roads,Snow,Darkness - lights lit,Other,Moving Backward,2,47
10875,31-50,Male,5-10yrs,Asphalt roads,Snow,Darkness - lights lit,Other,Driving carelessly,2,1530
10877,31-50,Male,1-2yr,Asphalt roads,Dry,Daylight,Normal,No distancing,2,749
10878,18-30,Male,5-10yrs,Asphalt roads,Dry,Daylight,Normal,No distancing,2,83
10879,31-50,Male,5-10yrs,Asphalt roads,Dry,Darkness - lights lit,Normal,No priority to vehicle,2,2436
10880,31-50,Male,1-2yr,Asphalt roads,Dry,Darkness - lights lit,Normal,Driving to the left,2,2434
10881,Under 18,Male,2-5yrs,Earth roads,Dry,Daylight,Normal,No priority to vehicle,2,3057
10882,Under 18,Male,5-10yrs,Asphalt roads,Dry,Daylight,Normal,No priority to vehicle,2,138
10883,Under 18,Male,5-10yrs,Asphalt roads,Dry,Daylight,Normal,No priority to vehicle,1,645
10884,18-30,Male,1-2yr,Asphalt roads,Wet or damp,Daylight,Normal,No distancing,2,3711
10885,31-50,Male,1-2yr,Asphalt roads,Wet or damp,Daylight,Normal,Moving Backward,2,1296
10886,31-50,Male,2-5yrs,Asphalt roads,Dry,Darkness - lights lit,Normal,Changing lane to the right,1,266
10887,Under 18,Male,Unknown,Asphalt roads,Wet or damp,Darkness - lights lit,Normal,Driving carelessly,2,2618
10888,31-50,Female,Unknown,Asphalt roads,Dry,Daylight,Normal,Changing lane to the left,2,2887
10889,18-30,Male,Unknown,Asphalt roads,Dry,Daylight,Normal,No distancing,2,2888
10891,Under 18,Male,Unknown,Asphalt roads,Dry,Darkness - lights lit,Unknown,Driving under the influence of drugs,1,128
10892,Under 18,Male,Unknown,Earth roads,Dry,Darkness - lights lit,Unknown,No distancing,1,345
10893,Under 18,Male,Unknown,Asphalt roads,Dry,Daylight,Normal,Overturning,2,3183
10897,Unknown,Male,2-5yrs,Earth roads,Dry,Daylight,Normal,Changing lane to the right,1,244
10904,Under 18,Male,5-10yrs,Asphalt roads,Dry,Daylight,Normal,Driving carelessly,1,2691
10906,Unknown,Male,Unknown,Other,Dry,Daylight,Normal,Overtaking,2,123
10907,31-50,Male,Unknown,Asphalt roads,Dry,Daylight,Normal,No priority to vehicle,2,2096
10916,18-30,Male,Unknown,Asphalt roads,Dry,Daylight,Normal,No priority to vehicle,2,60
10918,18-30,Male,Unknown,Asphalt roads,Dry,Darkness - no lighting,Normal,Moving Backward,2,153
10921,Over 51,Male,1-2yr,Asphalt roads,Dry,Darkness - no lighting,Normal,No distancing,2,646
10922,Over 51,Male,Above 10yr,Asphalt roads,Dry,Daylight,Normal,No priority to vehicle,2,649
10923,18-30,Male,Unknown,Asphalt roads,Dry,Daylight,Normal,No distancing,2,1908
10926,31-50,Male,Unknown,Asphalt roads,Wet or damp,Darkness - lights lit,Normal,Changing lane to the right,2,1906
10927,31-50,Male,2-5yrs,Asphalt roads,Wet or damp,Darkness - lights lit,Normal,No priority to pedestrian,2,1808
10928,Under 18,Male,Unknown,Asphalt roads,Dry,Darkness - lights lit,Normal,Moving Backward,0,1803
10930,31-50,Male,Unknown,Earth roads,Dry,Darkness - lights lit,Normal,Overtaking,0,1801
10931,31-50,Male,5-10yrs,Asphalt roads,Dry,Darkness - lights lit,Normal,Overloading,0,193
10936,18-30,Male,Above 10yr,Asphalt roads,Dry,Daylight,Normal,Changing lane to the right,2,3123
10937,31-50,Male,1-2yr,Asphalt roads,Dry,Daylight,Normal,No priority to pedestrian,2,1638
10938,Under 18,Male,Above 10yr,Asphalt roads,Dry,Daylight,Normal,Overspeed,2,1631
10939,31-50,Male,Below 1yr,Asphalt roads,Dry,Daylight,Normal,Changing lane to the left,2,71
10940,Under 18,Male,Above 10yr,Asphalt roads,Dry,Daylight,Normal,No priority to vehicle,2,348
10941,31-50,Male,Unknown,Asphalt roads,Dry,Daylight,Normal,Changing lane to the right,2,1786
10942,31-50,Male,1-2yr,Gravel roads,Dry,Daylight,Normal,No distancing,2,369
10943,31-50,Male,1-2yr,Asphalt roads,Dry,Daylight,Normal,No priority to pedestrian,2,2045
10946,Under 18,Male,Above 10yr,Asphalt roads,Dry,Daylight,Normal,Other,2,1082
10954,18-30,Male,Above 10yr,Asphalt roads,Wet or damp,Daylight,Normal,Changing lane to the right,1,574
10956,18-30,Male,Above 10yr,Asphalt roads,Wet or damp,Daylight,Raining,No distancing,1,575
10957,18-30,Male,5-10yrs,Asphalt roads,Dry,Daylight,Normal,Changing lane to the right,2,2255
10958,18-30,Male,Above 10yr,Asphalt roads,Dry,Daylight,Normal,Changing lane to the left,2,2246
10959,18-30,Male,Above 10yr,Asphalt roads,Dry,Darkness - lights lit,Normal,Getting off the vehicle improperly,2,270
10964,18-30,Male,Above 10yr,Asphalt roads,Dry,Daylight,Normal,Overtaking,2,1512
10965,31-50,Male,Above 10yr,Asphalt roads,Dry,Daylight,Normal,No priority to pedestrian,2,1505
10966,Under 18,Male,Above 10yr,Asphalt roads,Dry,Daylight,Normal,No distancing,2,485
10967,Unknown,Male,5-10yrs,Asphalt roads,Dry,Daylight,Normal,Changing lane to the right,2,2309
10969,31-50,Male,5-10yrs,Asphalt roads,Dry,Daylight,Normal,Changing lane to the right,2,2104
10973,31-50,Male,2-5yrs,Asphalt roads,Dry,Daylight,Normal,Driving at high speed,2,1130
10975,31-50,Male,1-2yr,Asphalt roads,Dry,Daylight,Normal,Changing lane to the right,2,2427
10978,31-50,Male,Above 10yr,Other,Dry,Daylight,Normal,No priority to vehicle,1,1078
10979,Under 18,Male,2-5yrs,Asphalt roads,Dry,Daylight,Normal,Changing lane to the left,1,3558
10981,18-30,Male,2-5yrs,Asphalt roads,Dry,Daylight,Normal,Overtaking,1,615
10982,18-30,Male,2-5yrs,Asphalt roads,Dry,Daylight,Normal,Driving carelessly,1,1224
10983,Over 51,Male,1-2yr,Asphalt roads with some distress,Dry,Darkness - lights lit,Normal,No priority to vehicle,2,253
10988,18-30,Male,1-2yr,Asphalt roads,Wet or damp,Daylight,Raining,Changing lane to the right,2,2809
10989,18-30,Male,Unknown,Earth roads,Wet or damp,Daylight,Raining,Changing lane to the left,2,310
10990,31-50,Male,Unknown,Asphalt roads,Wet or damp,Daylight,Raining,Overturning,2,309
10991,Over 51,Male,Unknown,Asphalt roads,Wet or damp,Daylight,Raining,Driving carelessly,2,1517
10993,31-50,Male,Unknown,Asphalt roads,Wet or damp,Daylight,Raining,Driving carelessly,2,1220
10995,31-50,Male,1-2yr,Asphalt roads,Dry,Daylight,Normal,No priority to vehicle,2,2456
10996,Over 51,Female,2-5yrs,Asphalt roads,Dry,Daylight,Normal,Changing lane to the right,2,2451
10997,Over 51,Male,2-5yrs,Asphalt roads,Wet or damp,Daylight,Normal,No distancing,1,1618
11001,Over 51,Male,5-10yrs,Gravel roads,Dry,Daylight,Normal,No distancing,1,3717
11005,18-30,Male,1-2yr,Asphalt roads,Wet or damp,Daylight,Raining,Changing lane to the right,2,2820
11007,18-30,Male,Unknown,Asphalt roads,Dry,Daylight,Normal,Driving carelessly,2,1362
11009,18-30,Male,Unknown,Asphalt roads,Dry,Daylight,Normal,No distancing,1,518
11018,18-30,Male,Unknown,Asphalt roads,Dry,Daylight,Normal,No priority to pedestrian,2,3226
11027,31-50,Male,1-2yr,Asphalt roads,Dry,Darkness - lights lit,Normal,No distancing,2,1255
11035,Under 18,Male,Below 1yr,Asphalt roads,Dry,Daylight,Normal,No priority to pedestrian,1,3258
11036,18-30,Male,Unknown,Asphalt roads,Dry,Daylight,Normal,No priority to vehicle,1,444
11039,31-50,Male,2-5yrs,Asphalt roads,Dry,Daylight,Normal,Driving to the left,2,2226
11042,Over 51,Male,1-2yr,Asphalt roads,Dry,Daylight,Normal,Driving carelessly,1,73
11043,18-30,Male,Above 10yr,Asphalt roads,Dry,Daylight,Normal,No priority to pedestrian,1,425
11044,18-30,Male,Above 10yr,Asphalt roads,Dry,Daylight,Normal,Driving carelessly,1,91
11049,18-30,Male,1-2yr,Asphalt roads,Dry,Daylight,Normal,Driving carelessly,2,2984
11050,18-30,Male,Below 1yr,Asphalt roads,Dry,Daylight,Normal,Driving carelessly,2,2980
11052,Over 51,Male,Unknown,Asphalt roads,Dry,Daylight,Normal,Changing lane to the right,1,321
11053,Over 51,Male,Unknown,Asphalt roads,Dry,Daylight,Normal,Changing lane to the right,1,630
11055,Unknown,Male,Unknown,Asphalt roads,Dry,Daylight,Normal,Overtaking,1,1934
11059,18-30,Male,Unknown,Asphalt roads,Dry,Daylight,Normal,Changing lane to the right,2,3211
11060,18-30,Male,Unknown,Asphalt roads,Dry,Daylight,Normal,Changing lane to the right,2,3212
11061,31-50,Male,Unknown,Asphalt roads,Dry,Daylight,Normal,Overtaking,2,619
11062,31-50,Male,Unknown,Asphalt roads,Dry,Daylight,Normal,Other,2,618
11063,Over 51,Male,Unknown,Asphalt roads,Dry,Daylight,Normal,Driving to the left,2,2346
11068,31-50,Male,2-5yrs,Asphalt roads,Dry,Daylight,Normal,No priority to vehicle,2,72
11071,18-30,Male,2-5yrs,Asphalt roads,Wet or damp,Darkness - lights lit,Raining,Changing lane to the right,2,216
11072,Under 18,Male,5-10yrs,Asphalt roads,Wet or damp,Darkness - lights lit,Raining,Changing lane to the right,2,1960
11076,Unknown,Male,Unknown,Asphalt roads,Dry,Daylight,Normal,Driving at high speed,1,3074
11077,18-30,Male,Unknown,Asphalt roads,Dry,Daylight,Normal,Moving Backward,1,3077
11078,18-30,Male,Unknown,Asphalt roads,Dry,Daylight,Normal,No distancing,1,3076
11079,31-50,Male,Unknown,Asphalt roads,Dry,Daylight,Normal,Other,2,578
11080,18-30,Male,Unknown,Asphalt roads,Dry,Daylight,Normal,No priority to vehicle,2,123
11081,31-50,Male,Unknown,Asphalt roads,Dry,Daylight,Normal,Changing lane to the right,2,221
11082,18-30,Male,Unknown,Gravel roads,Dry,Daylight,Normal,Other,2,167
11085,Over 51,Male,Unknown,Asphalt roads,Dry,Daylight,Other,No distancing,2,238
11088,31-50,Female,Unknown,Asphalt roads,Wet or damp,Daylight,Normal,Moving Backward,2,2181
11091,31-50,Male,Above 10yr,Gravel roads,Dry,Daylight,Normal,No distancing,2,1314
11092,Under 18,Male,2-5yrs,Asphalt roads,Dry,Daylight,Normal,Other,2,263
11097,31-50,Male,Unknown,Asphalt roads,Dry,Daylight,Normal,No distancing,2,1173
11098,Over 51,Male,Unknown,Asphalt roads,Wet or damp,Daylight,Raining,No priority to pedestrian,2,3833
11099,Over 51,Male,Unknown,Asphalt roads,Wet or damp,Daylight,Raining,Driving carelessly,2,3834
11107,18-30,Male,1-2yr,Asphalt roads,Dry,Daylight,Normal,No distancing,2,2776
11115,31-50,Male,Below 1yr,Asphalt roads,Wet or damp,Daylight,Raining,No distancing,2,2652
11116,Unknown,Male,Unknown,Asphalt roads,Wet or damp,Daylight,Raining,No distancing,2,2646
11119,31-50,Male,2-5yrs,Gravel roads,Dry,Daylight,Normal,No priority to vehicle,2,1516
11122,18-30,Male,1-2yr,Asphalt roads,Dry,Daylight,Normal,Other,2,121
11123,Under 18,Female,Above 10yr,Earth roads,Wet or damp,Darkness - lights lit,Windy,Changing lane to the left,1,2206
11124,18-30,Male,Above 10yr,Asphalt roads,Dry,Daylight,Normal,No priority to pedestrian,2,2203
11129,18-30,Male,1-2yr,Asphalt roads,Dry,Daylight,Normal,Other,2,2670
11130,31-50,Male,Below 1yr,Asphalt roads,Dry,Daylight,Normal,No distancing,2,2956
11132,18-30,Male,Unknown,Asphalt roads,Dry,Daylight,Normal,No distancing,2,2959
11133,Over 51,Female,Unknown,Asphalt roads,Wet or damp,Daylight,Raining,Changing lane to the left,2,1119
11134,31-50,Male,Unknown,Asphalt roads,Wet or damp,Daylight,Raining,Changing lane to the left,2,1687
11135,18-30,Male,Unknown,Asphalt roads,Wet or damp,Daylight,Raining,No priority to pedestrian,2,350
11136,18-30,Male,Unknown,Asphalt roads,Wet or damp,Daylight,Raining,Changing lane to the left,2,3215
11137,Over 51,Male,Unknown,Asphalt roads,Wet or damp,Daylight,Raining,Driving carelessly,2,3217
11138,Over 51,Male,Unknown,Asphalt roads,Wet or damp,Daylight,Raining,Driving carelessly,2,3214
11139,Over 51,Male,Unknown,Earth roads,Wet or damp,Daylight,Raining,No priority to pedestrian,2,251
11140,18-30,Male,Unknown,Asphalt roads,Wet or damp,Daylight,Raining,Getting off the vehicle improperly,2,13
11141,18-30,Male,Unknown,Asphalt roads,Dry,Daylight,Normal,No distancing,2,1911
11142,18-30,Male,Unknown,Asphalt roads,Dry,Daylight,Normal,Changing lane to the left,2,1918
11143,18-30,Male,Unknown,Asphalt roads,Dry,Daylight,Normal,No priority to vehicle,2,401
11148,31-50,Male,2-5yrs,Asphalt roads,Dry,Daylight,Normal,Driving carelessly,2,33
11151,18-30,Male,2-5yrs,Asphalt roads,Dry,Daylight,Normal,Moving Backward,2,416
11152,Over 51,Male,5-10yrs,Asphalt roads,Dry,Darkness - lights lit,Normal,Driving carelessly,1,419
11156,31-50,Male,Unknown,Asphalt roads,Dry,Daylight,Normal,Changing lane to the left,1,585
11157,31-50,Male,Unknown,Asphalt roads,Dry,Daylight,Normal,Changing lane to the right,1,2786
11158,Over 51,Female,Unknown,Asphalt roads,Dry,Daylight,Normal,Driving carelessly,1,5
11159,Over 51,Female,Unknown,Asphalt roads,Dry,Daylight,Normal,No distancing,2,662
11160,31-50,Female,Unknown,Asphalt roads,Dry,Daylight,Normal,Getting off the vehicle improperly,2,660
11161,31-50,Male,Unknown,Earth roads,Dry,Daylight,Normal,Driving under the influence of drugs,2,830
11162,Over 51,Male,Unknown,Asphalt roads,Dry,Daylight,Normal,Changing lane to the right,2,831
11165,31-50,Male,Unknown,Asphalt roads,Dry,Daylight,Normal,Turnover,2,571
11166,18-30,Male,Unknown,Asphalt roads,Dry,Daylight,Normal,Changing lane to the right,2,6
11167,31-50,Male,2-5yrs,Asphalt roads,Dry,Daylight,Normal,Driving carelessly,2,7
11173,18-30,Male,1-2yr,Asphalt roads,Dry,Darkness - lights lit,Normal,Driving carelessly,2,61
11177,31-50,Male,Unknown,Earth roads,Dry,Daylight,Normal,No distancing,2,5
11178,31-50,Male,5-10yrs,Asphalt roads,Dry,Daylight,Normal,No distancing,1,6
11180,Under 18,Male,Unknown,Asphalt roads,Dry,Daylight,Normal,No distancing,2,1
11182,31-50,Male,Unknown,Asphalt roads,Dry,Daylight,Normal,No distancing,2,3
11183,31-50,Male,Unknown,Asphalt roads,Dry,Daylight,Normal,No distancing,2,15
11184,Over 51,Male,Above 10yr,Asphalt roads,Dry,Daylight,Normal,No distancing,2,1
11185,31-50,Male,5-10yrs,Asphalt roads,Dry,Daylight,Normal,Changing lane to the left,2,51
11186,31-50,Male,5-10yrs,Asphalt roads,Dry,Daylight,Normal,Changing lane to the right,2,2958
11187,Over 51,Male,Above 10yr,Asphalt roads,Dry,Daylight,Normal,Moving Backward,2,7
11188,31-50,Male,1-2yr,Asphalt roads,Dry,Daylight,Normal,Changing lane to the right,2,15
11189,Over 51,Female,Above 10yr,Gravel roads,Dry,Daylight,Normal,No distancing,2,4
11190,31-50,Male,Above 10yr,Asphalt roads,Dry,Daylight,Normal,Overtaking,2,24
11191,Over 51,Male,Above 10yr,Asphalt roads,Dry,Daylight,Normal,Other,1,57
11192,18-30,Male,Above 10yr,Asphalt roads,Dry,Darkness - lights lit,Normal,Other,2,56
11193,31-50,Male,5-10yrs,Asphalt roads,Dry,Darkness - lights lit,Normal,Changing lane to the right,2,11
11195,Unknown,Female,1-2yr,Asphalt roads,Dry,Daylight,Normal,No priority to vehicle,2,29
11196,31-50,Male,5-10yrs,Asphalt roads,Dry,Daylight,Normal,Changing lane to the left,2,67
11197,Over 51,Male,5-10yrs,Asphalt roads,Dry,Daylight,Normal,Changing lane to the left,1,420
11198,31-50,Male,1-2yr,Asphalt roads,Dry,Daylight,Normal,Overtaking,1,2043
11199,Unknown,Male,2-5yrs,Asphalt roads,Dry,Darkness - lights lit,Normal,No distancing,0,2042
11200,18-30,Male,5-10yrs,Asphalt roads,Dry,Daylight,Normal,No priority to vehicle,2,254
11201,31-50,Male,5-10yrs,Asphalt roads,Dry,Daylight,Normal,Changing lane to the right,2,2335
11202,31-50,Male,1-2yr,Asphalt roads,Dry,Daylight,Normal,Changing lane to the left,2,492
11203,31-50,Male,1-2yr,Asphalt roads,Dry,Daylight,Normal,No distancing,2,2336
11204,31-50,Male,2-5yrs,Asphalt roads,Dry,Daylight,Normal,Driving carelessly,2,667
11205,18-30,Male,Unknown,Asphalt roads,Dry,Darkness - lights lit,Normal,No priority to pedestrian,2,668
11206,Over 51,Male,Unknown,Asphalt roads,Dry,Darkness - lights lit,Normal,Driving carelessly,2,161
11207,Under 18,Male,Unknown,Other,Dry,Daylight,Normal,Moving Backward,2,827
11209,31-50,Male,Unknown,Asphalt roads,Dry,Daylight,Normal,No distancing,2,1403