,age_of_driver,Sex_of_driver,car_age,Road_surface_type,Road_surface_conditions,Light_conditions,Weather_conditions,Cause_of_accident,Accident_severity,accident history
11210,18-30,Male,Unknown,Asphalt roads,Dry,Daylight,Normal,No distancing,2,399
11211,Over 51,Male,Unknown,Asphalt roads,Dry,Daylight,Normal,Changing lane to the left,2,3675
11215,31-50,Male,2-5yrs,Other,Dry,Daylight,Normal,No priority to vehicle,2,3346
11222,Over 51,Male,5-10yrs,Asphalt roads,Dry,Daylight,Normal,Driving carelessly,2,1726
11225,Over 51,Male,Unknown,Other,Dry,Daylight,Normal,No priority to vehicle,1,309
11234,31-50,Male,Unknown,Asphalt roads,Dry,Daylight,Normal,No distancing,2,768
11236,Over 51,Male,Unknown,Earth roads,Dry,Daylight,Normal,Driving carelessly,2,781
11239,18-30,Male,1-2yr,Asphalt roads,Dry,Darkness - lights lit,Normal,Changing lane to the right,2,84
11240,Under 18,Male,Above 10yr,Asphalt roads,Dry,Darkness - lights lit,Normal,No distancing,2,30
11241,Under 18,Male,Unknown,Asphalt roads,Dry,Daylight,Normal,Driving to the left,2,164
11244,31-50,Male,Unknown,Asphalt roads,Dry,Darkness - lights lit,Normal,Driving under the influence of drugs,2,2191
11245,31-50,Male,2-5yrs,Asphalt roads,Dry,Daylight,Normal,No priority to pedestrian,2,2188
11246,18-30,Male,Unknown,Asphalt roads,Dry,Daylight,Normal,Moving Backward,2,2189
11248,31-50,Male,Unknown,Gravel roads,Dry,Daylight,Normal,Changing lane to the left,2,399
11249,Over 51,Male,5-10yrs,Asphalt roads,Dry,Daylight,Normal,Changing lane to the right,2,3337
11250,31-50,Male,Unknown,Asphalt roads,Dry,Daylight,Normal,Driving under the influence of drugs,2,3341
11254,31-50,Male,Above 10yr,Asphalt roads,Dry,Daylight,Normal,Changing lane to the right,2,2518
11255,31-50,Male,1-2yr,Asphalt roads,Dry,Daylight,Normal,Changing lane to the right,2,2350
11256,Under 18,Male,Above 10yr,Asphalt roads,Dry,Daylight,Normal,Changing lane to the left,2,253
11257,Unknown,Male,Below 1yr,Asphalt roads,Dry,Daylight,Normal,Changing lane to the left,2,426
11258,18-30,Female,Above 10yr,Asphalt roads,Dry,Daylight,Normal,Getting off the vehicle improperly,2,423
11259,18-30,Male,Unknown,Asphalt roads,Dry,Daylight,Normal,Overtaking,2,3003
11260,18-30,Male,1-2yr,Asphalt roads,Wet or damp,Daylight,Raining,Changing lane to the left,2,3426
11261,31-50,Male,1-2yr,Asphalt roads,Wet or damp,Daylight,Raining,Driving under the influence of drugs,2,3318
11264,18-30,Male,Above 10yr,Asphalt roads,Dry,Daylight,Normal,No distancing,2,3049
11272,Over 51,Female,Above 10yr,Asphalt roads,Dry,Darkness - lights lit,Normal,No distancing,2,29
11274,Over 51,Male,Above 10yr,Asphalt roads,Dry,Daylight,Normal,Overtaking,2,1210
11275,31-50,Male,5-10yrs,Asphalt roads,Dry,Daylight,Normal,Driving under the influence of drugs,2,1225
11276,31-50,Female,Above 10yr,Asphalt roads,Dry,Daylight,Normal,Changing lane to the right,2,257
11277,31-50,Male,Above 10yr,Asphalt roads,Dry,Daylight,Normal,Changing lane to the left,2,1222
11282,18-30,Male,Above 10yr,Asphalt roads,Wet or damp,Darkness - lights lit,Normal,No priority to vehicle,1,3140
11283,18-30,Male,Above 10yr,Asphalt roads,Wet or damp,Darkness - lights lit,Normal,Driving at high speed,1,3138
11284,18-30,Male,Above 10yr,Other,Dry,Daylight,Normal,Driving under the influence of drugs,2,3149
11285,18-30,Male,5-10yrs,Asphalt roads,Dry,Daylight,Normal,Changing lane to the right,2,659
11287,Under 18,Male,5-10yrs,Asphalt roads,Dry,Darkness - lights lit,Normal,No distancing,2,3663
11291,18-30,Female,2-5yrs,Asphalt roads,Dry,Daylight,Normal,Getting off the vehicle improperly,0,2
11293,Unknown,Male,1-2yr,Asphalt roads,Dry,Daylight,Normal,Driving carelessly,2,1163
11295,31-50,Male,5-10yrs,Asphalt roads,Dry,Daylight,Normal,Moving Backward,2,1164
11296,Under 18,Male,Above 10yr,Asphalt roads,Dry,Daylight,Normal,Overturning,2,1489
11299,31-50,Female,2-5yrs,Asphalt roads,Dry,Daylight,Normal,Changing lane to the left,2,2553
11300,Over 51,Male,2-5yrs,Asphalt roads,Dry,Darkness - lights lit,Normal,No distancing,2,275
11301,31-50,Male,1-2yr,Earth roads,Dry,Darkness - lights lit,Normal,No distancing,2,274
11303,18-30,Male,Above 10yr,Asphalt roads,Dry,Darkness - lights lit,Normal,Moving Backward,2,498
11304,18-30,Male,5-10yrs,Asphalt roads,Dry,Darkness - lights lit,Normal,Moving Backward,2,2367
11307,31-50,Male,5-10yrs,Asphalt roads,Dry,Daylight,Normal,Changing lane to the left,2,2848
11310,Over 51,Female,Above 10yr,Asphalt roads,Dry,Darkness - no lighting,Normal,Changing lane to the right,1,114
11311,18-30,Female,1-2yr,Asphalt roads,Dry,Darkness - no lighting,Normal,Driving carelessly,1,221
11312,31-50,Male,2-5yrs,Asphalt roads,Dry,Darkness - no lighting,Normal,Changing lane to the left,1,1902
11313,Over 51,Male,Unknown,Asphalt roads,Dry,Darkness - lights unlit,Normal,Changing lane to the right,2,1903
11315,18-30,Female,2-5yrs,Asphalt roads,Dry,Darkness - lights unlit,Normal,Driving carelessly,2,2899
11316,18-30,Male,Above 10yr,Asphalt roads,Dry,Daylight,Normal,No distancing,2,1
11317,31-50,Male,1-2yr,Asphalt roads,Dry,Daylight,Normal,No priority to vehicle,2,3345
11321,31-50,Male,Above 10yr,Asphalt roads,Dry,Darkness - lights lit,Normal,Moving Backward,2,718
11322,18-30,Male,5-10yrs,Asphalt roads,Dry,Darkness - lights lit,Normal,Driving carelessly,2,335
11324,18-30,Male,5-10yrs,Asphalt roads,Wet or damp,Darkness - lights lit,Raining,Changing lane to the right,2,2459
11328,18-30,Male,Above 10yr,Asphalt roads,Dry,Daylight,Normal,Moving Backward,2,191
11329,Over 51,Male,2-5yrs,Asphalt roads,Dry,Daylight,Normal,No priority to vehicle,1,924
11330,31-50,Male,2-5yrs,Earth roads,Dry,Daylight,Normal,No distancing,2,881
11334,18-30,Male,Below 1yr,Asphalt roads,Dry,Darkness - lights lit,Normal,No priority to vehicle,2,683
11335,31-50,Male,5-10yrs,Asphalt roads,Dry,Darkness - lights lit,Normal,No distancing,2,3270
11337,31-50,Male,1-2yr,Asphalt roads,Wet or damp,Darkness - lights lit,Raining,Driving carelessly,2,3351
11338,31-50,Male,2-5yrs,Asphalt roads,Wet or damp,Darkness - lights lit,Raining,Driving carelessly,2,3617
11340,Over 51,Male,2-5yrs,Asphalt roads,Dry,Daylight,Normal,Driving carelessly,2,1390
11344,18-30,Male,5-10yrs,Asphalt roads,Wet or damp,Darkness - lights lit,Normal,Driving under the influence of drugs,1,318
11346,Over 51,Male,Unknown,Asphalt roads,Wet or damp,Darkness - lights lit,Raining,No distancing,2,3775
11350,Unknown,Male,Unknown,Asphalt roads,Dry,Daylight,Normal,No distancing,2,3774
11354,18-30,Male,5-10yrs,Asphalt roads,Dry,Darkness - lights lit,Normal,Changing lane to the left,2,2635
11355,18-30,Male,2-5yrs,Asphalt roads,Wet or damp,Darkness - lights lit,Raining and Windy,Changing lane to the right,2,2634
11361,18-30,Male,Above 10yr,Asphalt roads,Wet or damp,Darkness - lights lit,Raining,Moving Backward,2,415
11364,18-30,Male,1-2yr,Asphalt roads,Wet or damp,Darkness - no lighting,Normal,No distancing,2,284
11368,18-30,Male,2-5yrs,Gravel roads,Wet or damp,Darkness - lights lit,Normal,Moving Backward,2,1320
11369,18-30,Male,5-10yrs,Asphalt roads,Wet or damp,Darkness - lights lit,Raining,Changing lane to the right,2,1325
11370,31-50,Male,Above 10yr,Asphalt roads,Wet or damp,Darkness - lights lit,Raining,No priority to pedestrian,2,1324
11371,31-50,Male,2-5yrs,Asphalt roads,Dry,Darkness - lights lit,Normal,Moving Backward,2,24
11375,18-30,Male,1-2yr,Asphalt roads,Dry,Daylight,Normal,Changing lane to the right,2,2256
11381,18-30,Male,5-10yrs,Asphalt roads,Wet or damp,Daylight,Normal,Overspeed,2,1936
11383,31-50,Male,Unknown,Asphalt roads,Wet or damp,Daylight,Raining,No priority to vehicle,2,2378
11384,31-50,Male,1-2yr,Asphalt roads,Wet or damp,Daylight,Raining,Changing lane to the right,2,102
11385,Over 51,Male,Unknown,Asphalt roads,Wet or damp,Daylight,Raining,No distancing,2,101
11392,31-50,Female,2-5yrs,Asphalt roads,Dry,Daylight,Normal,Driving carelessly,2,598
11394,18-30,Male,Unknown,Asphalt roads,Wet or damp,Daylight,Normal,No priority to vehicle,2,520
11395,18-30,Female,Above 10yr,Asphalt roads,Wet or damp,Daylight,Normal,No distancing,2,386
11397,Over 51,Male,Unknown,Asphalt roads,Wet or damp,Darkness - lights lit,Normal,Changing lane to the right,2,1874
11398,18-30,Male,2-5yrs,Asphalt roads,Wet or damp,Darkness - lights lit,Windy,Driving at high speed,2,2248
11402,31-50,Male,1-2yr,Asphalt roads,Wet or damp,Daylight,Raining,Getting off the vehicle improperly,2,374
11403,31-50,Male,5-10yrs,Asphalt roads,Wet or damp,Daylight,Raining,Other,2,375
11409,18-30,Male,1-2yr,Asphalt roads,Wet or damp,Darkness - lights lit,Windy,No distancing,2,1391
11410,18-30,Male,1-2yr,Asphalt roads,Dry,Daylight,Normal,Changing lane to the right,2,3708
11411,18-30,Male,1-2yr,Asphalt roads,Dry,Daylight,Normal,Driving carelessly,2,3707
11412,18-30,Male,Unknown,Asphalt roads,Dry,Daylight,Normal,Changing lane to the right,2,3680
11417,31-50,Male,Above 10yr,Asphalt roads,Wet or damp,Daylight,Raining,Unknown,2,1778
11421,18-30,Male,1-2yr,Asphalt roads,Wet or damp,Darkness - lights lit,Normal,No priority to vehicle,2,1266
11424,Over 51,Male,Below 1yr,Asphalt roads,Wet or damp,Daylight,Normal,Overtaking,2,1564
11427,31-50,Male,Unknown,Asphalt roads,Wet or damp,Daylight,Raining,No priority to pedestrian,2,1924
11428,Unknown,Male,Above 10yr,Asphalt roads,Dry,Daylight,Normal,Changing lane to the right,1,76
11434,18-30,Male,1-2yr,Asphalt roads,Wet or damp,Daylight,Raining,Driving carelessly,2,408
11436,31-50,Male,2-5yrs,Earth roads,Wet or damp,Daylight,Normal,Driving carelessly,2,375
11441,Over 51,Male,Above 10yr,Asphalt roads,Wet or damp,Darkness - lights lit,Raining and Windy,Moving Backward,2,2703
11443,Over 51,Male,Above 10yr,Asphalt roads,Dry,Darkness - lights lit,Normal,No distancing,2,2706
11446,Over 51,Male,5-10yrs,Asphalt roads,Dry,Darkness - lights lit,Normal,No priority to pedestrian,2,867
11448,Unknown,Male,Unknown,Asphalt roads,Dry,Daylight,Normal,Changing lane to the right,1,34
11449,Unknown,Male,Unknown,Asphalt roads,Dry,Daylight,Normal,Changing lane to the left,1,870
11450,Under 18,Male,Unknown,Earth roads,Dry,Daylight,Normal,Driving carelessly,2,815
11451,18-30,Male,5-10yrs,Asphalt roads,Dry,Daylight,Normal,Driving carelessly,2,814
11453,18-30,Male,5-10yrs,Asphalt roads,Wet or damp,Darkness - lights lit,Normal,Other,2,3377
11454,31-50,Male,2-5yrs,Asphalt roads,Dry,Darkness - lights lit,Normal,Changing lane to the right,2,261
11463,18-30,Male,Unknown,Asphalt roads,Dry,Darkness - lights lit,Normal,Other,2,471
11465,31-50,Male,Above 10yr,Asphalt roads,Dry,Daylight,Normal,Moving Backward,2,1413
11466,31-50,Male,Above 10yr,Asphalt roads,Wet or damp,Darkness - no lighting,Normal,No distancing,1,738
11467,18-30,Male,Above 10yr,Other,Wet or damp,Darkness - no lighting,Normal,Moving Backward,1,3577
11471,31-50,Male,2-5yrs,Asphalt roads,Dry,Daylight,Normal,Other,2,65
11472,18-30,Male,Below 1yr,Earth roads,Dry,Daylight,Normal,Changing lane to the right,2,3360
11478,18-30,Male,Above 10yr,Asphalt roads,Wet or damp,Darkness - lights lit,Normal,No priority to pedestrian,2,2836
11479,18-30,Male,Above 10yr,Asphalt roads,Wet or damp,Darkness - lights lit,Normal,No priority to vehicle,2,2833
11481,31-50,Male,2-5yrs,Asphalt roads,Wet or damp,Darkness - lights lit,Normal,Turnover,2,329
11484,Unknown,Male,2-5yrs,Asphalt roads,Dry,Daylight,Normal,Driving to the left,2,1603
11496,31-50,Male,2-5yrs,Asphalt roads,Snow,Daylight,Snow,Changing lane to the right,2,1498
11497,31-50,Male,2-5yrs,Asphalt roads,Snow,Daylight,Snow,Driving carelessly,2,1140
11498,18-30,Male,Above 10yr,Asphalt roads,Snow,Daylight,Snow,Overtaking,2,397
11499,18-30,Male,Unknown,Asphalt roads,Snow,Daylight,Snow,Changing lane to the right,2,461
11500,18-30,Male,Above 10yr,Asphalt roads,Wet or damp,Daylight,Snow,No distancing,2,460
11501,31-50,Male,Below 1yr,Asphalt roads,Wet or damp,Daylight,Snow,Other,2,240
11502,Over 51,Male,Unknown,Other,Dry,Darkness - no lighting,Snow,Changing lane to the right,2,2198
11503,31-50,Male,Unknown,Asphalt roads,Dry,Darkness - no lighting,Snow,Changing lane to the right,2,2204
11504,31-50,Male,Unknown,Asphalt roads,Wet or damp,Darkness - lights lit,Normal,Overtaking,2,242
11507,18-30,Male,1-2yr,Asphalt roads,Wet or damp,Darkness - lights lit,Normal,Overtaking,2,1115
11508,18-30,Male,Above 10yr,Asphalt roads,Wet or damp,Darkness - lights lit,Normal,No priority to vehicle,2,1112
11509,Over 51,Male,Unknown,Asphalt roads,Wet or damp,Darkness - lights lit,Normal,Moving Backward,2,1113
11513,18-30,Male,5-10yrs,Asphalt roads,Snow,Daylight,Normal,Changing lane to the right,2,2354
11514,18-30,Male,2-5yrs,Asphalt roads,Wet or damp,Daylight,Snow,Changing lane to the right,2,2356
11515,18-30,Male,Unknown,Asphalt roads,Wet or damp,Daylight,Snow,Changing lane to the right,2,717
11522,Over 51,Male,Unknown,Asphalt roads,Snow,Darkness - lights lit,Other,Other,2,1025
11524,Over 51,Male,Unknown,Asphalt roads,Snow,Darkness - lights lit,Other,Changing lane to the right,2,302
11525,31-50,Male,Unknown,Asphalt roads,Dry,Daylight,Normal,Other,2,177
11526,31-50,Male,Above 10yr,Earth roads,Dry,Daylight,Normal,No distancing,2,176
11530,18-30,Male,5-10yrs,Asphalt roads,Wet or damp,Daylight,Windy,No distancing,2,61
11531,18-30,Male,2-5yrs,Asphalt roads,Wet or damp,Daylight,Windy,Moving Backward,2,2266
11532,31-50,Male,Unknown,Asphalt roads,Dry,Daylight,Normal,No priority to pedestrian,2,246
11533,31-50,Male,Unknown,Asphalt roads,Dry,Darkness - lights lit,Normal,Changing lane to the left,2,2385
11534,31-50,Male,5-10yrs,Asphalt roads,Dry,Daylight,Normal,No distancing,2,1805
11535,31-50,Male,Unknown,Asphalt roads,Dry,Daylight,Normal,Other,2,1806
11536,31-50,Male,Unknown,Asphalt roads,Dry,Daylight,Normal,No distancing,2,581
11537,18-30,Male,Unknown,Asphalt roads,Dry,Daylight,Normal,No priority to pedestrian,2,3279
11538,18-30,Male,Unknown,Gravel roads,Dry,Darkness - lights lit,Normal,Moving Backward,1,3274
11539,18-30,Male,Unknown,Asphalt roads,Dry,Darkness - lights lit,Normal,No priority to pedestrian,1,1699
11540,31-50,Male,Unknown,Asphalt roads,Dry,Daylight,Normal,No distancing,2,1698
11541,18-30,Male,2-5yrs,Asphalt roads,Dry,Darkness - no lighting,Normal,No priority to pedestrian,2,1706
11544,31-50,Male,Above 10yr,Asphalt roads,Wet or damp,Darkness - lights lit,Normal,Driving carelessly,2,1432
11545,Unknown,Female,2-5yrs,Asphalt roads,Dry,Daylight,Normal,Changing lane to the left,2,83
11546,Over 51,Male,2-5yrs,Asphalt roads,Dry,Daylight,Normal,No priority to vehicle,2,180
11547,18-30,Male,2-5yrs,Asphalt roads,Dry,Daylight,Normal,Changing lane to the right,2,859
11548,18-30,Male,2-5yrs,Asphalt roads,Dry,Daylight,Normal,Changing lane to the right,2,858
11549,18-30,Male,2-5yrs,Asphalt roads,Dry,Daylight,Normal,No distancing,2,857
11550,Unknown,Male,1-2yr,Asphalt roads,Dry,Darkness - no lighting,Normal,No distancing,2,263
11551,31-50,Male,Unknown,Asphalt roads,Dry,Darkness - no lighting,Normal,Changing lane to the left,2,265
11552,31-50,Male,Unknown,Asphalt roads,Dry,Darkness - no lighting,Normal,Changing lane to the right,2,2410
11553,31-50,Male,Unknown,Asphalt roads,Dry,Daylight,Normal,No priority to vehicle,2,404
11555,18-30,Male,Unknown,Asphalt roads,Wet or damp,Darkness - lights lit,Normal,No priority to vehicle,2,71
11557,18-30,Male,2-5yrs,Asphalt roads,Wet or damp,Daylight,Raining,Turnover,2,2731
11560,18-30,Male,5-10yrs,Asphalt roads,Dry,Daylight,Normal,No distancing,2,551
11562,18-30,Male,Unknown,Asphalt roads,Dry,Daylight,Normal,No priority to vehicle,2,3653
11563,18-30,Male,2-5yrs,Asphalt roads,Dry,Darkness - lights lit,Normal,Driving at high speed,2,3465
11564,31-50,Male,2-5yrs,Other,Dry,Darkness - lights lit,Normal,Overtaking,2,1237
11565,31-50,Male,2-5yrs,Asphalt roads,Dry,Darkness - lights lit,Normal,Other,2,1235
11566,18-30,Male,Unknown,Asphalt roads,Dry,Darkness - lights lit,Normal,Changing lane to the left,2,228
11567,Over 51,Male,5-10yrs,Asphalt roads,Dry,Darkness - lights lit,Normal,No priority to pedestrian,2,88
11568,Over 51,Male,2-5yrs,Asphalt roads,Dry,Darkness - lights lit,Normal,Changing lane to the left,2,3856
11569,Over 51,Male,1-2yr,Asphalt roads,Dry,Daylight,Normal,No distancing,2,3855
11570,31-50,Male,2-5yrs,Asphalt roads,Dry,Daylight,Normal,Moving Backward,2,2647
11572,31-50,Male,Unknown,Asphalt roads,Dry,Daylight,Unknown,Other,1,3722
11574,Over 51,Male,Unknown,Other,Dry,Daylight,Unknown,Moving Backward,1,546
11575,18-30,Male,1-2yr,Asphalt roads,Dry,Daylight,Normal,No distancing,2,333
11577,Under 18,Male,Unknown,Asphalt roads,Wet or damp,Darkness - lights lit,Normal,Changing lane to the left,2,334
11581,18-30,Male,Above 10yr,Asphalt roads,Dry,Daylight,Normal,Driving carelessly,2,41
11583,18-30,Male,Above 10yr,Asphalt roads,Wet or damp,Darkness - lights lit,Windy,Getting off the vehicle improperly,1,899
11584,Over 51,Male,Unknown,Asphalt roads,Dry,Daylight,Normal,No distancing,2,580
11585,Over 51,Male,Unknown,Earth roads,Dry,Daylight,Normal,Changing lane to the left,2,2765
11586,Over 51,Male,2-5yrs,Asphalt roads,Dry,Daylight,Normal,No priority to vehicle,2,2760
11587,Over 51,Male,Above 10yr,Asphalt roads,Dry,Daylight,Normal,No distancing,1,2772
11590,18-30,Female,Unknown,Asphalt roads,Dry,Daylight,Normal,No priority to vehicle,2,2366
11591,18-30,Male,Unknown,Asphalt roads,Dry,Daylight,Normal,Driving carelessly,2,2362
11592,Over 51,Male,Below 1yr,Asphalt roads,Dry,Daylight,Cloudy,Changing lane to the right,2,3044
11594,Over 51,Male,Unknown,Asphalt roads,Wet or damp,Daylight,Normal,Moving Backward,2,806
11595,18-30,Male,Unknown,Asphalt roads,Wet or damp,Darkness - lights lit,Raining,Driving carelessly,2,801
11596,31-50,Male,2-5yrs,Asphalt roads,Wet or damp,Darkness - lights lit,Raining,Driving to the left,2,743
11597,Unknown,Male,Unknown,Gravel roads,Dry,Darkness - lights lit,Normal,Driving to the left,1,3594
11598,Under 18,Male,Unknown,Asphalt roads,Dry,Daylight,Normal,No priority to pedestrian,2,3526
11599,18-30,Male,Unknown,Asphalt roads,Dry,Daylight,Normal,Changing lane to the left,2,3530
11600,18-30,Male,5-10yrs,Asphalt roads,Wet or damp,Daylight,Normal,Changing lane to the right,2,624
11601,31-50,Male,Above 10yr,Asphalt roads,Dry,Daylight,Normal,Driving carelessly,2,630
11602,18-30,Male,5-10yrs,Asphalt roads,Dry,Daylight,Normal,No distancing,2,1523
11603,Under 18,Male,2-5yrs,Asphalt roads,Wet or damp,Daylight,Normal,Getting off the vehicle improperly,2,1525
11604,Over 51,Male,2-5yrs,Asphalt roads,Wet or damp,Daylight,Normal,Driving under the influence of drugs,2,32
11605,18-30,Female,Unknown,Asphalt roads,Wet or damp,Daylight,Normal,Changing lane to the right,2,30
11606,18-30,Male,Unknown,Asphalt roads,Wet or damp,Daylight,Raining,Driving carelessly,2,597
11607,18-30,Male,Unknown,Asphalt roads,Wet or damp,Daylight,Raining,Moving Backward,2,600
11608,31-50,Male,Above 10yr,Asphalt roads,Dry,Daylight,Normal,Turnover,2,1147
11609,Over 51,Male,Unknown,Asphalt roads,Dry,Darkness - lights lit,Normal,Changing lane to the right,2,1150
11610,Over 51,Female,Above 10yr,Asphalt roads,Dry,Daylight,Normal,Driving carelessly,2,1145
11615,Over 51,Female,2-5yrs,Asphalt roads,Dry,Darkness - lights lit,Normal,No distancing,2,230
11617,Over 51,Male,Unknown,Asphalt roads,Dry,Daylight,Normal,No distancing,2,1071
11621,Unknown,Female,Unknown,Asphalt roads,Dry,Darkness - lights lit,Normal,No distancing,2,687
11622,Unknown,Male,Unknown,Asphalt roads,Dry,Darkness - lights lit,Normal,Changing lane to the left,2,3468
11623,18-30,Male,Unknown,Asphalt roads,Wet or damp,Daylight,Other,No distancing,2,3473
11624,18-30,Male,Unknown,Asphalt roads,Wet or damp,Daylight,Other,Changing lane to the left,2,25
11625,18-30,Male,Unknown,Asphalt roads,Dry,Daylight,Normal,No distancing,2,511
11626,Unknown,Male,Unknown,Asphalt roads,Dry,Daylight,Normal,No distancing,2,512
11627,Unknown,Male,Above 10yr,Asphalt roads,Dry,Daylight,Normal,No distancing,1,62
11628,18-30,Male,Unknown,Asphalt roads,Dry,Daylight,Normal,Changing lane to the left,2,2601
11629,31-50,Male,Above 10yr,Asphalt roads,Dry,Daylight,Normal,Changing lane to the right,2,2600
11630,31-50,Male,1-2yr,Asphalt roads,Dry,Daylight,Normal,Moving Backward,2,2285
11631,31-50,Male,Unknown,Asphalt roads,Dry,Daylight,Normal,Changing lane to the right,2,304
11632,18-30,Male,2-5yrs,Asphalt roads,Wet or damp,Daylight,Normal,No distancing,2,2741
11633,31-50,Male,Unknown,Other,Wet or damp,Daylight,Normal,Overtaking,2,301
11634,31-50,Male,Unknown,Asphalt roads,Dry,Darkness - lights lit,Normal,Other,2,2740
11635,31-50,Male,Unknown,Asphalt roads,Dry,Daylight,Normal,Other,2,92
11636,31-50,Male,Unknown,Asphalt roads,Dry,Daylight,Normal,Changing lane to the right,2,94
11637,31-50,Male,2-5yrs,Asphalt roads,Dry,Daylight,Normal,No priority to pedestrian,2,91
11643,31-50,Male,1-2yr,Other,Wet or damp,Daylight,Normal,No priority to vehicle,1,279
11647,18-30,Male,Unknown,Asphalt roads,Dry,Daylight,Normal,Driving carelessly,2,82
11648,31-50,Male,5-10yrs,Asphalt roads,Dry,Darkness - lights lit,Normal,No priority to pedestrian,1,269
11650,Under 18,Male,Unknown,Earth roads,Dry,Darkness - lights lit,Normal,Moving Backward,1,3058
11652,Under 18,Male,Unknown,Asphalt roads,Dry,Darkness - lights lit,Normal,No distancing,1,3060
11653,18-30,Male,Unknown,Asphalt roads,Dry,Darkness - lights lit,Normal,No distancing,1,3714
11654,31-50,Male,Above 10yr,Asphalt roads,Dry,Darkness - lights lit,Normal,Changing lane to the left,2,1294
11655,31-50,Male,5-10yrs,Asphalt roads,Dry,Darkness - lights lit,Normal,Changing lane to the left,2,1292
11656,Under 18,Male,5-10yrs,Asphalt roads,Dry,Darkness - lights lit,Normal,Moving Backward,1,555
11657,31-50,Male,Above 10yr,Asphalt roads,Dry,Darkness - lights lit,Normal,Changing lane to the right,2,2884
11658,18-30,Male,1-2yr,Asphalt roads,Dry,Daylight,Normal,No priority to vehicle,2,2885
11659,Under 18,Female,Above 10yr,Asphalt roads,Dry,Daylight,Normal,Moving Backward,2,597
11660,Under 18,Male,Above 10yr,Asphalt roads,Wet or damp,Daylight,Normal,Driving carelessly,2,2830
11661,Under 18,Male,Above 10yr,Asphalt roads,Wet or damp,Daylight,Normal,Driving carelessly,2,670
11662,Under 18,Male,Above 10yr,Asphalt roads,Dry,Daylight,Normal,Driving under the influence of drugs,2,3187
11663,18-30,Male,5-10yrs,Asphalt roads,Dry,Daylight,Normal,No priority to pedestrian,2,3182
11665,31-50,Male,1-2yr,Asphalt roads,Dry,Daylight,Normal,Driving carelessly,2,3799
11666,Unknown,Male,5-10yrs,Asphalt roads,Dry,Daylight,Normal,Moving Backward,2,2219
11667,Under 18,Male,5-10yrs,Asphalt roads,Dry,Daylight,Normal,Driving carelessly,2,2220
11668,Over 51,Male,1-2yr,Earth roads,Wet or damp,Daylight,Raining,No priority to vehicle,2,1358
11669,18-30,Male,2-5yrs,Asphalt roads,Dry,Daylight,Normal,Changing lane to the right,2,1355
11670,31-50,Male,5-10yrs,Asphalt roads,Dry,Daylight,Normal,Changing lane to the left,2,75
11671,Over 51,Male,5-10yrs,Asphalt roads,Dry,Daylight,Normal,No priority to vehicle,2,147
11672,Unknown,Male,1-2yr,Asphalt roads,Dry,Daylight,Normal,Driving carelessly,2,2690
11673,Under 18,Male,1-2yr,Asphalt roads,Dry,Daylight,Normal,Moving Backward,2,2684
11674,Over 51,Male,2-5yrs,Asphalt roads,Dry,Daylight,Normal,No distancing,2,487
11675,Unknown,Male,Unknown,Asphalt roads,Dry,Daylight,Normal,Changing lane to the left,1,540
11676,31-50,Male,Unknown,Asphalt roads,Dry,Daylight,Normal,Changing lane to the left,2,2098
11677,31-50,Male,Unknown,Asphalt roads,Dry,Daylight,Normal,No distancing,2,224
11679,18-30,Male,Unknown,Earth roads,Dry,Daylight,Normal,Driving carelessly,2,225
11680,18-30,Male,Unknown,Asphalt roads,Dry,Daylight,Normal,Changing lane to the left,2,3413
11681,18-30,Male,Unknown,Asphalt roads,Dry,Daylight,Normal,No distancing,2,3409
11685,18-30,Male,2-5yrs,Asphalt roads,Wet or damp,Daylight,Normal,No distancing,2,59
11692,18-30,Female,5-10yrs,Asphalt roads,Dry,Daylight,Normal,Changing lane to the right,1,1907
11694,31-50,Male,Unknown,Asphalt roads,Dry,Daylight,Normal,No priority to vehicle,2,400
11695,31-50,Male,Unknown,Asphalt roads,Dry,Daylight,Normal,No priority to vehicle,2,398
11704,18-30,Male,Unknown,Asphalt roads,Dry,Daylight,Normal,Driving under the influence of drugs,2,3120
11706,31-50,Male,Unknown,Asphalt roads,Dry,Daylight,Normal,Moving Backward,2,5
11709,Under 18,Male,1-2yr,Earth roads,Dry,Daylight,Normal,Overturning,0,1695
11710,31-50,Male,Above 10yr,Asphalt roads,Dry,Daylight,Normal,Changing lane to the left,2,1792
11711,31-50,Male,Unknown,Asphalt roads,Dry,Daylight,Normal,No distancing,2,1793
11714,31-50,Male,Unknown,Asphalt roads,Dry,Darkness - lights lit,Normal,No priority to vehicle,2,3062
11715,Under 18,Male,2-5yrs,Asphalt roads,Dry,Darkness - lights lit,Normal,No distancing,2,228
11716,Under 18,Male,Unknown,Asphalt roads,Dry,Darkness - lights lit,Normal,No distancing,2,229
11718,Unknown,Male,Unknown,Asphalt roads,Dry,Daylight,Normal,Driving under the influence of drugs,1,215
11719,18-30,Male,5-10yrs,Asphalt roads,Dry,Daylight,Normal,Changing lane to the right,1,212