,age_of_driver,Sex_of_driver,car_age,Road_surface_type,Road_surface_conditions,Light_conditions,Weather_conditions,Cause_of_accident,Accident_severity,accident history
11720,18-30,Male,Unknown,Asphalt roads,Dry,Daylight,Normal,Changing lane to the left,1,1018
11724,18-30,Male,Above 10yr,Asphalt roads,Dry,Daylight,Normal,Changing lane to the right,1,577
11725,18-30,Male,1-2yr,Asphalt roads,Wet or damp,Daylight,Raining,No priority to vehicle,1,576
11726,18-30,Male,Above 10yr,Asphalt roads,Wet or damp,Daylight,Raining,Driving at high speed,1,2242
11727,18-30,Male,Below 1yr,Asphalt roads,Wet or damp,Daylight,Raining,Driving under the influence of drugs,1,2227
11728,18-30,Male,Above 10yr,Asphalt roads,Dry,Daylight,Normal,Changing lane to the right,0,271
11729,18-30,Male,Unknown,Asphalt roads,Dry,Daylight,Normal,Driving carelessly,0,33
11730,Over 51,Male,1-2yr,Asphalt roads,Dry,Daylight,Normal,No distancing,2,3395
11731,18-30,Male,1-2yr,Asphalt roads,Dry,Daylight,Normal,Changing lane to the left,2,706
11734,31-50,Female,Above 10yr,Asphalt roads,Dry,Daylight,Normal,Getting off the vehicle improperly,1,1508
11742,31-50,Male,Above 10yr,Other,Dry,Daylight,Normal,Changing lane to the left,2,1131
11744,31-50,Male,Above 10yr,Asphalt roads,Dry,Daylight,Normal,No distancing,2,2425
11745,18-30,Male,5-10yrs,Asphalt roads,Dry,Daylight,Normal,No priority to vehicle,2,1073
11747,31-50,Male,Above 10yr,Asphalt roads,Dry,Daylight,Normal,Moving Backward,2,117
11752,Over 51,Male,Above 10yr,Asphalt roads,Dry,Daylight,Normal,Changing lane to the right,2,250
11754,31-50,Male,Above 10yr,Asphalt roads,Wet or damp,Daylight,Raining,Driving carelessly,2,2811
11761,31-50,Male,2-5yrs,Asphalt roads,Dry,Daylight,Normal,No priority to vehicle,2,249
11763,Over 51,Male,1-2yr,Asphalt roads,Dry,Daylight,Normal,Changing lane to the left,2,1029
11765,Over 51,Male,5-10yrs,Asphalt roads,Wet or damp,Daylight,Raining,Driving carelessly,2,2457
11766,Over 51,Male,Above 10yr,Asphalt roads,Wet or damp,Daylight,Raining,Driving under the influence of drugs,2,1617
11767,18-30,Male,2-5yrs,Asphalt roads,Wet or damp,Daylight,Raining,Changing lane to the right,2,79
11769,31-50,Male,2-5yrs,Asphalt roads,Dry,Darkness - lights lit,Normal,Changing lane to the right,1,758
11770,Over 51,Male,2-5yrs,Asphalt roads,Dry,Daylight,Normal,Driving to the left,2,403
11771,Over 51,Male,1-2yr,Asphalt roads,Dry,Daylight,Normal,Moving Backward,2,180
11776,18-30,Male,1-2yr,Asphalt roads,Dry,Daylight,Normal,No priority to vehicle,2,1346
11777,31-50,Male,Unknown,Earth roads,Dry,Darkness - lights lit,Normal,No priority to vehicle,1,1367
11778,18-30,Male,Unknown,Asphalt roads,Dry,Darkness - lights lit,Normal,No distancing,1,517
11779,18-30,Male,Unknown,Asphalt roads,Dry,Daylight,Normal,Driving to the left,2,106
11781,31-50,Male,Unknown,Earth roads,Dry,Daylight,Normal,Driving carelessly,2,412
11783,Over 51,Male,1-2yr,Asphalt roads,Dry,Daylight,Normal,Driving carelessly,2,285
11784,Over 51,Female,2-5yrs,Asphalt roads,Dry,Daylight,Normal,Changing lane to the left,2,36
11785,31-50,Male,2-5yrs,Asphalt roads,Wet or damp,Daylight,Raining,Driving carelessly,2,380
11789,18-30,Male,5-10yrs,Asphalt roads,Wet or damp,Daylight,Raining,No distancing,2,3767
11793,31-50,Male,1-2yr,Asphalt roads,Dry,Daylight,Normal,No distancing,2,1978
11795,Under 18,Male,Unknown,Asphalt roads,Dry,Daylight,Normal,No priority to vehicle,2,1375
11797,Under 18,Male,Unknown,Asphalt roads,Wet or damp,Daylight,Raining,No priority to vehicle,2,1251
11806,18-30,Male,Unknown,Asphalt roads,Dry,Daylight,Normal,Changing lane to the left,2,446
11815,18-30,Male,1-2yr,Asphalt roads,Wet or damp,Daylight,Raining,No distancing,2,3499
11823,31-50,Male,Below 1yr,Asphalt roads,Dry,Daylight,Normal,Overtaking,2,1925
11824,Unknown,Male,Unknown,Asphalt roads,Dry,Daylight,Normal,Driving carelessly,2,1926
11827,Under 18,Male,2-5yrs,Asphalt roads,Dry,Daylight,Normal,Driving carelessly,0,981
11830,31-50,Male,1-2yr,Asphalt roads,Wet or damp,Daylight,Normal,No distancing,2,2922
11831,31-50,Male,Above 10yr,Asphalt roads,Dry,Daylight,Normal,No distancing,2,2927
11832,Over 51,Female,Above 10yr,Asphalt roads,Dry,Daylight,Normal,Changing lane to the right,2,2322
11837,31-50,Male,1-2yr,Asphalt roads,Dry,Darkness - lights lit,Normal,Overtaking,0,1690
11838,31-50,Male,Below 1yr,Asphalt roads,Dry,Darkness - lights lit,Normal,Overloading,0,1692
11840,18-30,Male,Unknown,Asphalt roads,Dry,Daylight,Normal,No priority to vehicle,1,1974
11841,Under 18,Male,Unknown,Asphalt roads,Dry,Daylight,Normal,Changing lane to the right,1,1977
11842,Unknown,Male,Unknown,Asphalt roads,Dry,Daylight,Normal,Moving Backward,2,730
11843,18-30,Male,Unknown,Asphalt roads,Dry,Daylight,Normal,Changing lane to the left,2,618
11844,Under 18,Male,Unknown,Gravel roads,Dry,Daylight,Normal,No priority to pedestrian,2,613
11845,Unknown,Male,Unknown,Asphalt roads,Dry,Daylight,Normal,No distancing,2,3078
11846,18-30,Male,Unknown,Gravel roads,Dry,Daylight,Normal,No priority to vehicle,2,649
11847,18-30,Male,Unknown,Asphalt roads,Dry,Daylight,Normal,No distancing,2,650
11848,31-50,Male,Unknown,Asphalt roads,Dry,Daylight,Normal,No distancing,2,2756
11849,18-30,Male,Unknown,Asphalt roads,Dry,Daylight,Normal,Moving Backward,2,2755
11850,31-50,Male,Unknown,Asphalt roads,Wet or damp,Daylight,Normal,Changing lane to the right,2,36
11851,18-30,Male,Unknown,Asphalt roads,Wet or damp,Daylight,Normal,No priority to pedestrian,2,325
11856,31-50,Male,2-5yrs,Asphalt roads,Dry,Daylight,Normal,Changing lane to the right,2,2175
11859,Unknown,Male,2-5yrs,Asphalt roads,Dry,Daylight,Normal,Changing lane to the left,2,51
11860,31-50,Female,5-10yrs,Asphalt roads,Dry,Daylight,Normal,Changing lane to the right,1,1310
11864,31-50,Male,Unknown,Asphalt roads,Dry,Daylight,Normal,No priority to vehicle,2,3399
11865,31-50,Male,Unknown,Asphalt roads,Dry,Daylight,Normal,Changing lane to the right,2,1668
11866,31-50,Male,Unknown,Asphalt roads,Dry,Darkness - lights lit,Normal,No distancing,2,1174
11867,Over 51,Male,Unknown,Asphalt roads,Wet or damp,Darkness - no lighting,Raining,No priority to pedestrian,2,777
11868,Over 51,Male,Unknown,Asphalt roads,Wet or damp,Darkness - no lighting,Raining,No distancing,2,3826
11869,Unknown,Male,Unknown,Asphalt roads,Dry,Daylight,Normal,No priority to vehicle,2,3824
11870,18-30,Male,Unknown,Asphalt roads,Dry,Daylight,Normal,Other,2,109
11873,Under 18,Male,Unknown,Asphalt roads,Dry,Daylight,Normal,Driving carelessly,1,620
11876,18-30,Male,Unknown,Asphalt roads,Dry,Daylight,Normal,No distancing,2,126
11879,18-30,Male,Above 10yr,Asphalt roads,Dry,Daylight,Raining,Driving at high speed,2,1748
11880,18-30,Male,2-5yrs,Asphalt roads,Dry,Darkness - lights lit,Normal,No distancing,2,1756
11885,Unknown,Male,Unknown,Asphalt roads,Dry,Darkness - lights lit,Normal,Other,2,119
11886,Over 51,Male,Unknown,Asphalt roads,Dry,Darkness - lights lit,Normal,No distancing,2,2593
11887,18-30,Male,Unknown,Asphalt roads,Dry,Daylight,Normal,No priority to vehicle,2,2251
11895,31-50,Male,1-2yr,Asphalt roads,Wet or damp,Darkness - lights lit,Raining,Other,2,300
11903,31-50,Male,Below 1yr,Asphalt roads,Wet or damp,Darkness - lights lit,Normal,Changing lane to the left,2,354
11904,18-30,Male,Unknown,Asphalt roads,Dry,Darkness - lights lit,Normal,No priority to pedestrian,2,1696
11907,Over 51,Male,2-5yrs,Asphalt roads,Dry,Daylight,Normal,No priority to vehicle,2,144
11910,18-30,Male,1-2yr,Asphalt roads,Wet or damp,Darkness - lights lit,Raining,Driving carelessly,2,1917
11911,18-30,Male,Above 10yr,Asphalt roads,Wet or damp,Darkness - lights lit,Raining,Changing lane to the right,2,1914
11912,18-30,Male,Above 10yr,Asphalt roads,Dry,Darkness - lights lit,Normal,Changing lane to the right,2,1910
11917,31-50,Female,1-2yr,Asphalt roads,Wet or damp,Darkness - lights lit,Normal,Driving carelessly,2,176
11918,18-30,Male,Below 1yr,Asphalt roads,Wet or damp,Darkness - lights lit,Normal,Changing lane to the left,2,471
11920,18-30,Male,Unknown,Asphalt roads,Wet or damp,Darkness - lights lit,Normal,Changing lane to the right,2,414
11921,Over 51,Male,Unknown,Asphalt roads,Wet or damp,Darkness - lights lit,Normal,No distancing,2,2004
11922,18-30,Male,Unknown,Asphalt roads,Wet or damp,Darkness - lights lit,Normal,Moving Backward,2,1933
11923,18-30,Male,Unknown,Asphalt roads,Wet or damp,Darkness - lights lit,Raining,Moving Backward,2,524
11924,31-50,Male,Unknown,Asphalt roads,Wet or damp,Darkness - lights lit,Raining,No distancing,2,2497
11925,31-50,Male,Unknown,Asphalt roads,Wet or damp,Darkness - lights lit,Normal,No distancing,2,2787
11926,31-50,Male,Unknown,Asphalt roads,Wet or damp,Darkness - lights lit,Normal,No distancing,2,586
11927,Over 51,Male,Unknown,Asphalt roads,Wet or damp,Daylight,Normal,No priority to pedestrian,1,145
11928,Over 51,Male,Unknown,Asphalt roads,Wet or damp,Daylight,Normal,Driving carelessly,1,671
11929,31-50,Male,Unknown,Asphalt roads,Dry,Daylight,Normal,Changing lane to the right,1,3150
11930,31-50,Male,Unknown,Asphalt roads,Wet or damp,Daylight,Cloudy,Changing lane to the left,2,834
11931,Over 51,Male,Unknown,Asphalt roads,Dry,Daylight,Normal,Driving carelessly,2,832
11936,31-50,Male,2-5yrs,Asphalt roads,Wet or damp,Daylight,Raining,Changing lane to the right,1,799
11939,31-50,Male,2-5yrs,Asphalt roads,Wet or damp,Darkness - lights lit,Normal,Overturning,2,496
11940,31-50,Male,5-10yrs,Asphalt roads,Wet or damp,Darkness - lights lit,Raining,Driving at high speed,0,498
11944,Over 51,Male,Unknown,Asphalt roads,Dry,Darkness - lights lit,Normal,Other,2,435
11945,Over 51,Male,Unknown,Asphalt roads,Wet or damp,Darkness - lights lit,Windy,Other,2,436
11946,31-50,Male,Unknown,Asphalt roads,Wet or damp,Daylight,Raining,Moving Backward,2,97
11947,31-50,Male,Unknown,Asphalt roads,Wet or damp,Daylight,Raining,No distancing,2,586
11948,31-50,Male,Unknown,Asphalt roads,Dry,Darkness - lights lit,Normal,Moving Backward,2,70
11949,Under 18,Male,Unknown,Asphalt roads,Dry,Darkness - lights lit,Normal,No priority to vehicle,2,261
11950,18-30,Male,Unknown,Asphalt roads,Wet or damp,Darkness - lights lit,Other,Driving carelessly,2,43
11953,Over 51,Male,Unknown,Asphalt roads,Wet or damp,Darkness - lights lit,Raining,Changing lane to the right,1,150
11954,31-50,Male,Unknown,Asphalt roads,Wet or damp,Darkness - lights lit,Raining,No distancing,1,2961
11955,31-50,Male,2-5yrs,Asphalt roads,Wet or damp,Daylight,Cloudy,Driving carelessly,2,2962
11961,18-30,Male,1-2yr,Asphalt roads,Dry,Darkness - lights lit,Normal,Changing lane to the left,2,3445
11965,31-50,Male,Unknown,Asphalt roads,Dry,Darkness - lights lit,Normal,Driving to the left,2,786
11966,Over 51,Female,5-10yrs,Asphalt roads,Wet or damp,Daylight,Normal,Driving carelessly,2,3867
11968,Unknown,Male,Unknown,Asphalt roads,Dry,Darkness - lights lit,Normal,Driving carelessly,2,2017
11970,31-50,Male,Unknown,Asphalt roads,Wet or damp,Darkness - lights lit,Raining,Moving Backward,2,2340
11971,31-50,Male,Unknown,Asphalt roads,Wet or damp,Darkness - lights lit,Raining,Driving carelessly,2,2338
11972,31-50,Male,Above 10yr,Asphalt roads,Wet or damp,Daylight,Normal,Changing lane to the right,1,2333
11973,31-50,Male,5-10yrs,Asphalt roads,Wet or damp,Daylight,Normal,Driving carelessly,1,663
11974,18-30,Male,5-10yrs,Asphalt roads,Dry,Darkness - lights lit,Normal,Driving carelessly,2,661
11975,Over 51,Male,Above 10yr,Asphalt roads,Dry,Darkness - lights lit,Normal,Driving carelessly,2,3518
11976,Under 18,Male,1-2yr,Asphalt roads,Dry,Darkness - lights lit,Normal,Changing lane to the right,2,826
11977,31-50,Male,Above 10yr,Asphalt roads,Dry,Darkness - lights lit,Normal,Changing lane to the right,2,1419
11978,31-50,Male,Above 10yr,Asphalt roads,Wet or damp,Daylight,Raining,Driving carelessly,2,1422
11979,18-30,Male,Above 10yr,Asphalt roads,Wet or damp,Daylight,Raining,Overtaking,2,175
11980,Over 51,Male,Above 10yr,Gravel roads,Wet or damp,Daylight,Raining,Changing lane to the right,2,750
11981,Over 51,Male,5-10yrs,Asphalt roads,Wet or damp,Daylight,Raining,No distancing,2,3671
11983,Over 51,Male,1-2yr,Asphalt roads,Wet or damp,Darkness - lights lit,Raining,Changing lane to the right,2,692
11984,31-50,Male,5-10yrs,Asphalt roads,Wet or damp,Darkness - lights lit,Raining,Changing lane to the right,2,3342
11985,Over 51,Male,5-10yrs,Asphalt roads,Wet or damp,Darkness - no lighting,Raining,Overtaking,1,375
11986,Over 51,Male,1-2yr,Asphalt roads,Wet or damp,Darkness - lights lit,Raining,Other,2,2117
11987,Under 18,Male,2-5yrs,Asphalt roads,Dry,Darkness - lights lit,Normal,Driving to the left,2,87
11988,31-50,Male,5-10yrs,Asphalt roads,Dry,Darkness - lights lit,Normal,Overtaking,2,38
11989,18-30,Male,5-10yrs,Asphalt roads,Wet or damp,Darkness - lights lit,Raining,No priority to vehicle,1,103
11990,Unknown,Male,1-2yr,Asphalt roads with some distress,Wet or damp,Darkness - lights lit,Raining,Moving Backward,1,3096
11991,Over 51,Male,1-2yr,Asphalt roads,Dry,Daylight,Normal,Other,2,1731
11992,18-30,Male,2-5yrs,Asphalt roads,Dry,Daylight,Normal,No priority to vehicle,2,310
11993,Over 51,Male,Unknown,Asphalt roads,Wet or damp,Darkness - lights lit,Normal,No priority to pedestrian,2,40
11994,Over 51,Male,Unknown,Asphalt roads,Dry,Daylight,Normal,Changing lane to the right,2,39
11995,Over 51,Male,Unknown,Asphalt roads,Dry,Daylight,Normal,Changing lane to the right,2,305
11997,31-50,Male,Unknown,Asphalt roads,Dry,Daylight,Normal,Driving to the left,2,115
11998,31-50,Male,Unknown,Asphalt roads,Dry,Daylight,Normal,Changing lane to the left,2,22
11999,31-50,Male,Unknown,Asphalt roads,Dry,Daylight,Normal,Moving Backward,2,2062
12003,31-50,Male,2-5yrs,Asphalt roads,Dry,Daylight,Normal,Other,2,164
12010,Under 18,Male,5-10yrs,Asphalt roads,Wet or damp,Daylight,Windy,Moving Backward,2,160
12012,18-30,Male,Unknown,Asphalt roads,Dry,Daylight,Normal,Moving Backward,2,2195
12013,31-50,Male,Unknown,Asphalt roads,Wet or damp,Daylight,Normal,No priority to pedestrian,2,2192
12022,18-30,Male,Unknown,Asphalt roads,Wet or damp,Daylight,Normal,No priority to pedestrian,2,2521
12024,31-50,Male,Unknown,Asphalt roads,Dry,Daylight,Normal,Getting off the vehicle improperly,1,2347
12027,18-30,Male,1-2yr,Asphalt roads,Wet or damp,Darkness - lights lit,Normal,No priority to vehicle,1,422
12028,18-30,Male,Above 10yr,Asphalt roads,Dry,Darkness - lights lit,Normal,Changing lane to the right,2,323
12029,18-30,Male,Unknown,Asphalt roads,Dry,Daylight,Normal,Changing lane to the right,2,3425
12032,Unknown,Male,Unknown,Asphalt roads,Dry,Darkness - lights lit,Normal,Changing lane to the left,1,3050
12033,18-30,Male,2-5yrs,Asphalt roads,Wet or damp,Darkness - lights lit,Other,Changing lane to the right,2,3048
12034,Over 51,Male,Unknown,Asphalt roads,Wet or damp,Darkness - lights lit,Other,No priority to vehicle,2,1125
12036,Unknown,Male,Unknown,Asphalt roads,Wet or damp,Darkness - lights lit,Other,No priority to vehicle,2,70
12037,31-50,Male,5-10yrs,Asphalt roads,Dry,Daylight,Normal,Moving Backward,1,337
12038,18-30,Male,Unknown,Asphalt roads,Dry,Daylight,Normal,Turnover,1,1416
12042,18-30,Male,Above 10yr,Asphalt roads,Wet or damp,Darkness - lights unlit,Normal,Changing lane to the left,2,545
12043,Over 51,Male,1-2yr,Asphalt roads,Wet or damp,Daylight,Other,No priority to vehicle,2,1208
12044,31-50,Male,Above 10yr,Asphalt roads,Wet or damp,Daylight,Other,Driving at high speed,2,1211
12045,31-50,Male,Below 1yr,Asphalt roads,Wet or damp,Daylight,Other,Overtaking,2,1214
12046,31-50,Male,Above 10yr,Asphalt roads,Wet or damp,Darkness - lights lit,Other,Other,2,1217
12047,31-50,Male,Unknown,Asphalt roads,Wet or damp,Darkness - lights lit,Windy,Changing lane to the left,2,128
12048,Under 18,Male,1-2yr,Asphalt roads,Wet or damp,Darkness - lights lit,Windy,No priority to pedestrian,2,3130
12049,18-30,Male,1-2yr,Asphalt roads,Dry,Daylight,Normal,Changing lane to the left,0,658
12052,18-30,Male,Above 10yr,Asphalt roads,Dry,Daylight,Unknown,Changing lane to the left,2,3146
12060,Unknown,Male,Above 10yr,Gravel roads,Dry,Daylight,Normal,Changing lane to the left,2,1162
12062,31-50,Male,Above 10yr,Asphalt roads,Dry,Daylight,Normal,Driving carelessly,2,1168
12063,Under 18,Male,5-10yrs,Asphalt roads,Wet or damp,Darkness - lights lit,Raining,No priority to pedestrian,2,1511
12065,Under 18,Male,Above 10yr,Asphalt roads,Dry,Daylight,Normal,No distancing,2,282
12070,18-30,Male,Above 10yr,Asphalt roads,Dry,Daylight,Normal,No priority to pedestrian,2,499
12072,Over 51,Male,Above 10yr,Asphalt roads,Dry,Daylight,Normal,Driving carelessly,2,1958
12079,31-50,Male,2-5yrs,Asphalt roads,Dry,Darkness - lights lit,Normal,No priority to pedestrian,2,394
12081,18-30,Male,1-2yr,Earth roads,Dry,Daylight,Normal,Changing lane to the right,2,2896
12083,18-30,Male,5-10yrs,Asphalt roads,Wet or damp,Darkness - lights lit,Other,No distancing,2,3326
12084,31-50,Male,Above 10yr,Asphalt roads,Wet or damp,Darkness - lights lit,Normal,Getting off the vehicle improperly,2,3327
12085,31-50,Male,2-5yrs,Asphalt roads,Wet or damp,Darkness - lights lit,Normal,Driving under the influence of drugs,2,9
12087,31-50,Male,Above 10yr,Asphalt roads,Wet or damp,Darkness - lights lit,Normal,Driving carelessly,1,159
12088,31-50,Male,5-10yrs,Asphalt roads,Dry,Darkness - lights lit,Normal,Moving Backward,2,80
12091,18-30,Male,5-10yrs,Asphalt roads with some distress,Wet or damp,Daylight,Normal,Driving carelessly,2,2461
12094,18-30,Male,Above 10yr,Asphalt roads,Dry,Daylight,Normal,Changing lane to the left,1,3773
12095,18-30,Male,1-2yr,Asphalt roads,Dry,Daylight,Normal,Overturning,1,925
12096,Over 51,Female,2-5yrs,Asphalt roads,Dry,Darkness - lights lit,Normal,No distancing,1,192
12097,31-50,Male,Unknown,Asphalt roads,Dry,Darkness - lights lit,Normal,Driving carelessly,1,36
12099,Unknown,Male,2-5yrs,Asphalt roads,Dry,Daylight,Normal,Changing lane to the left,1,316
12100,Over 51,Male,Above 10yr,Asphalt roads,Wet or damp,Darkness - lights lit,Other,No priority to pedestrian,1,2920
12101,18-30,Male,1-2yr,Asphalt roads,Wet or damp,Darkness - lights lit,Other,No distancing,1,3271
12105,31-50,Male,Above 10yr,Asphalt roads,Dry,Daylight,Normal,Changing lane to the left,1,3618
12106,31-50,Male,5-10yrs,Asphalt roads,Dry,Daylight,Normal,No distancing,1,3616
12108,18-30,Male,5-10yrs,Asphalt roads,Dry,Daylight,Normal,No distancing,2,2912
12112,18-30,Female,Above 10yr,Asphalt roads,Dry,Darkness - lights lit,Normal,Changing lane to the right,0,3134
12113,Over 51,Female,2-5yrs,Asphalt roads,Dry,Darkness - lights lit,Normal,No distancing,2,3778
12114,Unknown,Female,2-5yrs,Asphalt roads,Dry,Daylight,Normal,Overtaking,2,3777
12118,Unknown,Male,Below 1yr,Asphalt roads,Dry,Darkness - lights lit,Normal,No priority to pedestrian,2,3776
12119,Under 18,Male,5-10yrs,Asphalt roads,Dry,Daylight,Normal,No priority to vehicle,2,3432
12121,18-30,Male,1-2yr,Asphalt roads,Dry,Daylight,Normal,Changing lane to the left,1,2645
12122,18-30,Male,2-5yrs,Asphalt roads,Dry,Daylight,Normal,Overtaking,1,2642
12124,31-50,Male,2-5yrs,Asphalt roads,Dry,Daylight,Normal,No priority to vehicle,1,1686
12128,18-30,Female,5-10yrs,Asphalt roads,Dry,Daylight,Normal,Driving carelessly,2,3837
12130,31-50,Female,Unknown,Asphalt roads,Dry,Daylight,Normal,Driving carelessly,2,417
12134,18-30,Male,Unknown,Asphalt roads,Dry,Darkness - lights lit,Normal,No distancing,2,694
12138,31-50,Male,5-10yrs,Asphalt roads,Dry,Daylight,Normal,Changing lane to the right,2,202
12139,31-50,Male,2-5yrs,Asphalt roads,Dry,Daylight,Normal,No priority to vehicle,2,25
12145,18-30,Male,Above 10yr,Asphalt roads,Dry,Daylight,Normal,No priority to vehicle,2,3137
12148,18-30,Male,1-2yr,Asphalt roads,Dry,Darkness - lights lit,Normal,Driving carelessly,2,1940
12152,Over 51,Male,2-5yrs,Asphalt roads,Dry,Daylight,Normal,No priority to vehicle,2,15
12153,Under 18,Male,5-10yrs,Asphalt roads,Dry,Daylight,Normal,Driving carelessly,2,3840
12154,18-30,Male,Above 10yr,Asphalt roads,Dry,Daylight,Normal,Moving Backward,2,3839
12155,18-30,Male,2-5yrs,Asphalt roads,Dry,Daylight,Normal,No distancing,2,1453
12159,31-50,Male,1-2yr,Asphalt roads,Dry,Daylight,Normal,Changing lane to the left,2,593
12165,18-30,Male,5-10yrs,Asphalt roads,Dry,Daylight,Normal,Driving to the left,2,469
12167,31-50,Male,Unknown,Asphalt roads,Dry,Daylight,Normal,Overtaking,2,1301
12168,Under 18,Male,1-2yr,Asphalt roads,Dry,Daylight,Normal,Driving under the influence of drugs,2,226
12169,31-50,Male,Unknown,Asphalt roads,Wet or damp,Daylight,Raining,No priority to pedestrian,2,371
12176,18-30,Male,2-5yrs,Asphalt roads,Dry,Daylight,Normal,No priority to vehicle,2,1380
12178,18-30,Male,Unknown,Asphalt roads,Dry,Daylight,Normal,Changing lane to the right,1,756
12179,18-30,Male,Above 10yr,Asphalt roads,Dry,Daylight,Normal,Changing lane to the right,1,3677
12181,18-30,Male,Unknown,Asphalt roads,Wet or damp,Daylight,Normal,Changing lane to the left,2,1444
12182,18-30,Male,2-5yrs,Asphalt roads,Wet or damp,Daylight,Normal,Getting off the vehicle improperly,2,1767
12184,31-50,Male,5-10yrs,Earth roads,Dry,Daylight,Normal,Changing lane to the left,1,1775
12196,Over 51,Male,Unknown,Asphalt roads,Wet or damp,Daylight,Other,No distancing,2,384
12198,31-50,Male,Unknown,Asphalt roads,Wet or damp,Daylight,Other,Overtaking,2,80
12204,31-50,Male,Unknown,Asphalt roads,Dry,Daylight,Normal,Moving Backward,2,3402
12205,18-30,Male,Unknown,Asphalt roads,Wet or damp,Daylight,Raining,Changing lane to the right,2,533
12206,31-50,Male,Unknown,Asphalt roads,Wet or damp,Daylight,Raining,No priority to vehicle,2,2539
12208,Over 51,Male,Unknown,Asphalt roads,Dry,Daylight,Normal,Driving under the influence of drugs,2,2692
12216,Unknown,Male,Unknown,Asphalt roads,Dry,Darkness - lights lit,Normal,Overtaking,2,874
12219,18-30,Male,2-5yrs,Asphalt roads,Dry,Daylight,Normal,Moving Backward,2,3373
12234,18-30,Male,Above 10yr,Asphalt roads,Dry,Daylight,Normal,Changing lane to the right,2,386
12237,31-50,Male,Unknown,Asphalt roads,Dry,Daylight,Normal,Changing lane to the right,1,567
12241,Unknown,Male,Unknown,Asphalt roads,Dry,Daylight,Normal,No priority to vehicle,2,3205
12242,18-30,Male,Unknown,Asphalt roads,Dry,Daylight,Normal,No priority to vehicle,2,3204
12243,31-50,Male,5-10yrs,Asphalt roads,Dry,Daylight,Normal,No priority to vehicle,2,233
12244,31-50,Male,Unknown,Asphalt roads,Dry,Daylight,Normal,Changing lane to the left,2,424
12255,18-30,Male,5-10yrs,Asphalt roads,Dry,Daylight,Normal,Driving carelessly,2,2643
12262,31-50,Male,Unknown,Asphalt roads,Dry,Darkness - lights lit,Normal,Driving carelessly,0,61
12265,18-30,Male,5-10yrs,Asphalt roads,Dry,Daylight,Normal,Changing lane to the left,2,1898
12266,18-30,Male,5-10yrs,Asphalt roads,Dry,Daylight,Normal,Driving carelessly,2,2197
12272,18-30,Male,5-10yrs,Asphalt roads,Dry,Daylight,Normal,Driving to the left,2,451
12275,18-30,Male,2-5yrs,Asphalt roads,Wet or damp,Daylight,Raining,Driving carelessly,2,1111
12277,Over 51,Male,2-5yrs,Asphalt roads,Wet or damp,Darkness - lights lit,Other,No priority to vehicle,2,1109
12279,31-50,Male,Unknown,Asphalt roads,Dry,Daylight,Normal,No priority to vehicle,2,1588
12288,18-30,Male,Below 1yr,Asphalt roads,Dry,Daylight,Normal,No distancing,1,887
12289,Over 51,Male,2-5yrs,Asphalt roads,Dry,Daylight,Normal,No priority to vehicle,2,1026
12291,Over 51,Male,5-10yrs,Asphalt roads,Dry,Daylight,Normal,No distancing,2,1477
12292,31-50,Male,Unknown,Asphalt roads,Dry,Daylight,Normal,No distancing,2,842
12294,18-30,Male,1-2yr,Asphalt roads,Dry,Daylight,Normal,No priority to pedestrian,2,841
12295,31-50,Male,Above 10yr,Asphalt roads,Dry,Daylight,Normal,Changing lane to the left,2,130
12296,Over 51,Male,2-5yrs,Asphalt roads,Wet or damp,Daylight,Raining,No distancing,2,1229
12297,18-30,Male,1-2yr,Asphalt roads,Wet or damp,Daylight,Raining,Driving carelessly,2,518
12298,18-30,Male,1-2yr,Gravel roads,Wet or damp,Daylight,Raining,No distancing,2,2274
12299,31-50,Male,1-2yr,Asphalt roads,Wet or damp,Daylight,Raining,Changing lane to the right,2,2278
12300,31-50,Male,2-5yrs,Asphalt roads,Dry,Daylight,Normal,Overtaking,1,2386
12301,31-50,Male,1-2yr,Asphalt roads,Dry,Daylight,Unknown,Driving carelessly,1,1823
12302,31-50,Male,1-2yr,Asphalt roads,Wet or damp,Darkness - no lighting,Raining,Moving Backward,1,1811
12303,31-50,Male,Unknown,Asphalt roads,Dry,Daylight,Normal,No distancing,2,582
12305,18-30,Male,1-2yr,Asphalt roads,Dry,Daylight,Normal,Driving carelessly,2,3278
12306,18-30,Male,1-2yr,Asphalt roads,Dry,Daylight,Normal,Driving carelessly,2,1710
12307,31-50,Male,Below 1yr,Asphalt roads,Dry,Daylight,Normal,Moving Backward,2,1712
12310,18-30,Male,Above 10yr,Asphalt roads,Dry,Daylight,Normal,Changing lane to the left,1,3723
12313,Over 51,Male,2-5yrs,Asphalt roads,Dry,Daylight,Normal,Changing lane to the right,1,860
12314,18-30,Female,2-5yrs,Asphalt roads,Dry,Darkness - lights lit,Normal,Driving under the influence of drugs,2,846
12315,18-30,Male,2-5yrs,Asphalt roads,Dry,Darkness - lights lit,Normal,Changing lane to the right,2,849